{
    "id": 144,
    "name": "Lomtik",
    "version": "pre 0.2",
    "author": "DearFox",
    "desc": "A model of the character of the popular furry youtuber.\\r\\n\\r\\nYou can see this model as an example of my capabilities. But I ask you not to use it for commercial purposes.\\r\\n\\r\\nIf you want me to make a model of your character furry, contact me through https://www.furaffinity.net/user/dearfox/ or via https://vk.com/mrdearfox or via https://t.me/dearfox",
    "tags": "Fox; Fennec; Cat; Furry; Kemono; DearFox; Lomtik",
    "likes": 17,
    "legacy": true
}