{
	"modelId": "kochiya_sanae",
	"modelName": "Kochiya Sanae",
	"version": "1.0.0",
	"author": "Succinum, ZeniCrow, Paulzzh, Tian_mi",
	"hide": ["model_all", "feature_all"],
	"skeleton": {
		"right_arm_all": [4, -0.66667, 0],
		"left_arm_all": [-4, -0.66667, 0]
	},
	"variables": {
		"left_arm_roll": "if(is_first_person,0,-25)",
		"right_arm_roll": "if(is_first_person,0,25)"
	},
	"bones": [
		{
			"id": "head_c",
			"parent": "head",
			"texture": "tex.kochiya_sanae",
			"scale": [1.33333, 1.33333, 1.33333],
			"boxes": [
				{
					"textureOffset": [40, 0],
					"coordinates": [-4, 0, 4, 8, 8, 8]
				}
			]
		},
		{
			"id": "head_c_helmet_hat",
			"parent": "head_c",
			"attached": ["helmet_all", "head_wearing"]
		},
		{
			"id": "hair_cpm_dummy",
			"parent": "head_c",
			"position": [0, 0, 4]
		},
		{
			"id": "hair",
			"parent": "hair_cpm_dummy",
			"rotation": [0, 15, 0],
			"boxes": [
				{
					"textureOffset": [24, 28],
					"coordinates": [-4, -10, 0, 8, 10, 1]
				}
			]
		},
		{
			"id": "hairLeft_cpm_dummy",
			"parent": "head_c",
			"position": [-4, 0, -3]
		},
		{
			"id": "hairLeft",
			"parent": "hairLeft_cpm_dummy",
			"position": [0.5, 0, -0.5],
			"rotation": [0, -10, -10],
			"boxes": [
				{
					"textureOffset": [20, 52],
					"coordinates": [-0.5, -9.17365, 0.51519, 1, 9, 1]
				}
			]
		},
		{
			"id": "bone",
			"parent": "hairLeft",
			"rotation": [45, 0, 0],
			"boxes": [
				{
					"textureOffset": [24, 52],
					"coordinates": [-1, -8.17365, 1.01519, 2, 4, 2]
				},
				{
					"textureOffset": [9, 58],
					"coordinates": [-1.2, -7.75, -0.2, 0.001, 0.5, 0.5]
				}
			]
		},
		{
			"id": "hairRight_cpm_dummy",
			"parent": "head_c",
			"position": [4, 0, -3]
		},
		{
			"id": "hairRight",
			"parent": "hairRight_cpm_dummy",
			"rotation": [0, -10, 10],
			"boxes": [
				{
					"textureOffset": [32, 52],
					"coordinates": [-1, -6.17365, 0.01519, 1, 6, 1]
				}
			]
		},
		{
			"id": "frog",
			"parent": "head_c",
			"rotation": [-45, -45, 0],
			"boxes": [
				{
					"textureOffset": [8, 52],
					"coordinates": [-3, -1, -10, 6, 5, 0.001]
				},
				{
					"textureOffset": [9, 58],
					"coordinates": [1.25, 3.25, -10.2, 0.5, 0.5, 0.001]
				},
				{
					"textureOffset": [9, 58],
					"coordinates": [-1.75, 3.25, -10.2, 0.5, 0.5, 0.001]
				}
			]
		},
		{
			"id": "right_arm_c",
			"parent": "right_arm",
			"texture": "tex.kochiya_sanae",
			"scale": [1.33333, 1.33333, 1.33333],
			"rotation": [0, 0, "var.right_arm_roll"],
			"boxes": [
				{
					"textureOffset": [0, 52],
					"coordinates": [0, -8, 1, 2, 8, 2]
				},
				{
					"textureOffset": [12, 40],
					"coordinates": [-0.5, -7, 1.5, 3, 5, 3]
				}
			]
		},
		{
			"id": "right_arm_c_chestplate_right",
			"parent": "right_arm_c",
			"attached": ["chestplate_right_arm"],
			"position": [0, -2, 0],
			"scale": [0.75, 0.75, 0.75]
		},
		{
			"id": "right_arm_c_item_right",
			"parent": "right_arm_c",
			"attached": ["held_item_right"],
			"position": [1, -12, -1],
			"scale": [0.75, 0.75, 0.75]
		},
		{
			"id": "left_arm_c",
			"parent": "left_arm",
			"texture": "tex.kochiya_sanae",
			"scale": [1.33333, 1.33333, 1.33333],
			"rotation": [0, 0, "var.left_arm_roll"],
			"boxes": [
				{
					"textureOffset": [36, 40],
					"coordinates": [-2, -8, 1, 2, 8, 2]
				},
				{
					"textureOffset": [24, 40],
					"coordinates": [-2.5, -7, 1.5, 3, 5, 3]
				}
			]
		},
		{
			"id": "left_arm_c_chestplate_left",
			"parent": "left_arm_c",
			"attached": ["chestplate_left_arm"],
			"position": [0, -2, 0],
			"scale": [0.75, 0.75, 0.75]
		},
		{
			"id": "left_arm_c_item_left",
			"parent": "left_arm_c",
			"attached": ["held_item_left"],
			"position": [-1, -12, -1],
			"scale": [0.75, 0.75, 0.75]
		},
		{
			"id": "body_c",
			"parent": "body",
			"texture": "tex.kochiya_sanae",
			"scale": [1.33333, 1.33333, 1.33333],
			"boxes": [
				{
					"textureOffset": [32, 16],
					"coordinates": [-3, 2.5, 3, 6, 5, 6]
				},
				{
					"textureOffset": [0, 16],
					"coordinates": [-4, -1.5, 4, 8, 4, 8]
				},
				{
					"textureOffset": [0, 0],
					"coordinates": [-5, -5.5, 5, 10, 5, 10]
				},
				{
					"textureOffset": [0, 28],
					"coordinates": [-4, -3.5, 2, 8, 2, 4]
				}
			],
			"position": [0, -7.5, 0]
		},
		{
			"id": "body_c_chestplate_body",
			"parent": "body_c",
			"attached": ["armor_body_all"],
			"scale": [0.75, 0.75, 1.05],
			"position": [0, 10, 0]
		},
		{
			"id": "body_c_cape_elytra",
			"parent": "body_c_chestplate_body",
			"attached": ["cape", "elytra"],
			"texture": "tex.skin"
		},
		{
			"id": "body_c_parrot_left",
			"parent": "body_c",
			"attached": ["shoulder_parrot_left"],
			"position": [-6.5, 10, 0],
			"scale": [0.75, 0.75, 0.75]
		},
		{
			"id": "body_c_parrot_right",
			"parent": "body_c",
			"attached": ["shoulder_parrot_right"],
			"position": [6.5, 10, 0],
			"scale": [0.75, 0.75, 0.75]
		},
		{
			"id": "left_leg_c",
			"parent": "left_leg",
			"texture": "tex.kochiya_sanae",
			"scale": [1.33333, 1.33333, 1.33333],
			"boxes": [
				{
					"textureOffset": [42, 28],
					"coordinates": [-1.5, -9, 1.5, 3, 9, 3]
				}
			]
		},
		{
			"id": "left_leg_c_legging_left",
			"parent": "left_leg_c",
			"attached": ["armor_left_leg_all"],
			"scale": [0.75, 0.75, 0.75]
		},
		{
			"id": "right_leg_c",
			"parent": "right_leg",
			"texture": "tex.kochiya_sanae",
			"scale": [1.33333, 1.33333, 1.33333],
			"boxes": [
				{
					"textureOffset": [0, 40],
					"coordinates": [-1.5, -9, 1.5, 3, 9, 3]
				}
			]
		},
		{
			"id": "right_leg_c_legging_right",
			"parent": "right_leg_c",
			"attached": ["armor_right_leg_all"],
			"scale": [0.75, 0.75, 0.75]
		}
	]
}