{
	"modelId": "lunasa_prismriver",
	"modelName": "Lunasa Prismriver",
	"version": "1.0.0",
	"author": "Succinum, ZeniCrow, Paulzzh, Tian_mi",
	"hide": ["model_all", "feature_all"],
	"skeleton": {
		"right_arm_all": [4, -0.66667, 0],
		"left_arm_all": [-4, -0.66667, 0]
	},
	"variables": {
		"left_arm_roll": "if(is_first_person,0,-25)",
		"right_arm_roll": "if(is_first_person,0,25)"
	},
	"bones": [
		{
			"id": "head_c",
			"parent": "head",
			"texture": "tex.lunasa_prismriver",
			"scale": [1.33333, 1.33333, 1.33333],
			"boxes": [
				{
					"textureOffset": [40, 59],
					"coordinates": [-4, 0, 4, 8, 7, 8]
				}
			]
		},
		{
			"id": "head_c_helmet_hat",
			"parent": "head_c",
			"attached": ["helmet_all", "head_wearing"]
		},
		{
			"id": "blink",
			"parent": "head_c",
			"visible": "fmod(age,60)<5",
			"boxes": [
				{
					"textureOffset": [12, 70],
					"coordinates": [-4, 0, -4.001, 8, 7, 0.001]
				}
			]
		},
		{
			"id": "hat",
			"parent": "head_c",
			"position": [0, 10.5, 0],
			"boxes": [
				{
					"textureOffset": [0, 0],
					"coordinates": [-4.5, -6, 4.5, 9, 3, 9]
				},
				{
					"textureOffset": [0, 12],
					"coordinates": [-3.5, -3.5, 3.5, 7, 1, 7]
				},
				{
					"textureOffset": [0, 20],
					"coordinates": [-2.5, -3, 2.5, 5, 1, 5]
				},
				{
					"textureOffset": [0, 26],
					"coordinates": [-1.5, -2, 1.5, 3, 1, 3]
				}
			]
		},
		{
			"id": "moon",
			"parent": "hat",
			"rotation": [0, 0, 45],
			"boxes": [
				{
					"textureOffset": [6, 30],
					"coordinates": [-1, -1, 0, 2, 2, 0.001]
				}
			]
		},
		{
			"id": "body_c",
			"parent": "body",
			"texture": "tex.lunasa_prismriver",
			"scale": [1.33333, 1.33333, 1.33333],
			"boxes": [],
			"position": [0, -7.5, 0]
		},
		{
			"id": "body_c_chestplate_body",
			"parent": "body_c",
			"attached": ["armor_body_all"],
			"scale": [0.75, 0.75, 1.05],
			"position": [0, 10, 0]
		},
		{
			"id": "body_c_cape_elytra",
			"parent": "body_c_chestplate_body",
			"attached": ["cape", "elytra"],
			"texture": "tex.skin"
		},
		{
			"id": "body_c_parrot_left",
			"parent": "body_c",
			"attached": ["shoulder_parrot_left"],
			"position": [-6.5, 10, 0],
			"scale": [0.75, 0.75, 0.75]
		},
		{
			"id": "body_c_parrot_right",
			"parent": "body_c",
			"attached": ["shoulder_parrot_right"],
			"position": [6.5, 10, 0],
			"scale": [0.75, 0.75, 0.75]
		},
		{
			"id": "bone",
			"parent": "body_c",
			"position": [0, 4, -2.5],
			"boxes": [
				{
					"textureOffset": [20, 119],
					"coordinates": [1, 2.5, 0, 2, 1, 1]
				},
				{
					"textureOffset": [20, 117],
					"coordinates": [-3, 2.5, 0, 2, 1, 1]
				},
				{
					"textureOffset": [14, 117],
					"coordinates": [1, 2.5, 6, 2, 1, 1]
				},
				{
					"textureOffset": [8, 119],
					"coordinates": [-3, 2.5, 6, 2, 1, 1]
				},
				{
					"textureOffset": [8, 117],
					"coordinates": [-1, 2, 6, 2, 1, 1]
				},
				{
					"textureOffset": [4, 70],
					"coordinates": [-0.5, 0.5, 0, 1, 1, 1]
				},
				{
					"textureOffset": [4, 70],
					"coordinates": [-0.5, -1.5, 0, 1, 1, 1]
				},
				{
					"textureOffset": [4, 70],
					"coordinates": [-1.5, -6.5, -1.5, 1, 1, 1]
				}
			]
		},
		{
			"id": "zipFront",
			"parent": "bone",
			"rotation": [45, 0, 0],
			"boxes": [
				{
					"textureOffset": [0, 70],
					"coordinates": [-0.5, -2.5, 0.5, 1, 6, 1]
				}
			]
		},
		{
			"id": "dress",
			"parent": "body_c",
			"boxes": [
				{
					"textureOffset": [24, 85],
					"coordinates": [-4, -3.5, 2, 8, 2, 4]
				},
				{
					"textureOffset": [72, 74],
					"coordinates": [-4, -1.5, 4, 8, 3, 8]
				},
				{
					"textureOffset": [0, 85],
					"coordinates": [-3, 1.5, 3, 6, 6, 6]
				},
				{
					"textureOffset": [42, 97],
					"coordinates": [-4.5, -5, 4.5, 9, 5, 9]
				}
			]
		},
		{
			"id": "zipFront2_cpm_dummy",
			"parent": "dress",
			"position": [-1, -2, -4]
		},
		{
			"id": "zipFront2",
			"parent": "zipFront2_cpm_dummy",
			"rotation": [45, 0, 0],
			"boxes": [
				{
					"textureOffset": [8, 70],
					"coordinates": [-0.5, -2.5, 0.5, 1, 5, 1]
				}
			]
		},
		{
			"id": "clothLeft_cpm_dummy",
			"parent": "dress",
			"position": [-4, 5, 0]
		},
		{
			"id": "clothLeft",
			"parent": "clothLeft_cpm_dummy",
			"rotation": [0, 0, -25],
			"boxes": [
				{
					"textureOffset": [0, 58],
					"coordinates": [-1, -1.5, 2.5, 3, 4, 5]
				}
			]
		},
		{
			"id": "clothRight_cpm_dummy",
			"parent": "dress",
			"position": [3.5, 5, 0]
		},
		{
			"id": "clothRight",
			"parent": "clothRight_cpm_dummy",
			"rotation": [0, 0, 25],
			"boxes": [
				{
					"textureOffset": [16, 58],
					"coordinates": [-1.5, -1.5, 2.5, 3, 4, 5]
				}
			]
		},
		{
			"id": "right_arm_c",
			"parent": "right_arm",
			"texture": "tex.lunasa_prismriver",
			"scale": [1.33333, 1.33333, 1.33333],
			"rotation": [0, 0, "var.right_arm_roll"],
			"boxes": [
				{
					"textureOffset": [0, 107],
					"coordinates": [-1, -8, 1, 2, 8, 2]
				}
			]
		},
		{
			"id": "right_arm_c_chestplate_right",
			"parent": "right_arm_c",
			"attached": ["chestplate_right_arm"],
			"position": [0, -2, 0],
			"scale": [0.75, 0.75, 0.75]
		},
		{
			"id": "right_arm_c_item_right",
			"parent": "right_arm_c",
			"attached": ["held_item_right"],
			"position": [1, -12, -1],
			"scale": [0.75, 0.75, 0.75]
		},
		{
			"id": "left_arm_c",
			"parent": "left_arm",
			"texture": "tex.lunasa_prismriver",
			"scale": [1.33333, 1.33333, 1.33333],
			"rotation": [0, 0, "var.left_arm_roll"],
			"boxes": [
				{
					"textureOffset": [32, 97],
					"coordinates": [-1, -8, 1, 2, 8, 2]
				}
			]
		},
		{
			"id": "left_arm_c_chestplate_left",
			"parent": "left_arm_c",
			"attached": ["chestplate_left_arm"],
			"position": [0, -2, 0],
			"scale": [0.75, 0.75, 0.75]
		},
		{
			"id": "left_arm_c_item_left",
			"parent": "left_arm_c",
			"attached": ["held_item_left"],
			"position": [-1, -12, -1],
			"scale": [0.75, 0.75, 0.75]
		},
		{
			"id": "left_leg_c",
			"parent": "left_leg",
			"texture": "tex.lunasa_prismriver",
			"scale": [1.33333, 1.33333, 1.33333],
			"boxes": [
				{
					"textureOffset": [60, 85],
					"coordinates": [-1.5, -9, 1.5, 3, 9, 3]
				}
			]
		},
		{
			"id": "left_leg_c_legging_left",
			"parent": "left_leg_c",
			"attached": ["armor_left_leg_all"],
			"scale": [0.75, 0.75, 0.75]
		},
		{
			"id": "right_leg_c",
			"parent": "right_leg",
			"texture": "tex.lunasa_prismriver",
			"scale": [1.33333, 1.33333, 1.33333],
			"boxes": [
				{
					"textureOffset": [48, 85],
					"coordinates": [-1.5, -9, 1.5, 3, 9, 3]
				}
			]
		},
		{
			"id": "right_leg_c_legging_right",
			"parent": "right_leg_c",
			"attached": ["armor_right_leg_all"],
			"scale": [0.75, 0.75, 0.75]
		},
		{
			"id": "sinFloat_cpm_dummy",
			"position": [8.5, 2, 0]
		},
		{
			"id": "sinFloat",
			"texture": "tex.lunasa_prismriver",
			"parent": "sinFloat_cpm_dummy",
			"position": [0, "sin(age/10)*0.8", 0],
			"rotation": [10, 15, 0],
			"boxes": [
				{
					"textureOffset": [1, 33],
					"coordinates": [-0.5, 0, 8, 0.5, 0.5, 8]
				},
				{
					"textureOffset": [29, 12],
					"coordinates": [-0.5, -0.25, 9, 0.5, 1, 1]
				},
				{
					"textureOffset": [30, 16],
					"coordinates": [-0.5, 0.25, 9.5, 0.5, 0.5, 0.5]
				},
				{
					"textureOffset": [20, 20],
					"coordinates": [-0.5, 0.75, 8, 0.5, 0.001, 8.5]
				}
			]
		},
		{
			"id": "bone2",
			"parent": "sinFloat",
			"rotation": [0, -25, 0],
			"boxes": [
				{
					"textureOffset": [29, 18],
					"coordinates": [-0.5, 0, 0, 0.5, 0.5, 1]
				}
			]
		},
		{
			"id": "cosFloat_cpm_dummy",
			"position": [-8, 5, 0]
		},
		{
			"id": "cosFloat",
			"texture": "tex.lunasa_prismriver",
			"parent": "cosFloat_cpm_dummy",
			"position": [0, "cos(age/10)*0.8", 0],
			"boxes": [
				{
					"textureOffset": [36, 0],
					"coordinates": [-2, -5, 1, 2, 7, 1]
				},
				{
					"textureOffset": [42, 0],
					"coordinates": [-3, -4.5, 1, 4, 3, 1]
				},
				{
					"textureOffset": [42, 5],
					"coordinates": [-2.5, -1, 1, 3, 2, 1]
				},
				{
					"textureOffset": [36, 9],
					"coordinates": [-1.5, 1, 1, 1, 5, 1]
				},
				{
					"textureOffset": [36, 15],
					"coordinates": [-1.5, -3, -0.25, 1, 10, 0.001]
				}
			]
		},
		{
			"id": "violin_cpm_dummy",
			"parent": "cosFloat",
			"position": [0, -5, 0]
		},
		{
			"id": "violin",
			"parent": "violin_cpm_dummy",
			"rotation": [0, 0, -60],
			"boxes": [
				{
					"textureOffset": [32, 18],
					"coordinates": [-1, 0, 1, 1, 1, 1]
				}
			]
		},
		{
			"id": "violin2_cpm_dummy",
			"parent": "cosFloat",
			"position": [-2, -5, 0]
		},
		{
			"id": "violin2",
			"parent": "violin2_cpm_dummy",
			"rotation": [0, 0, 60],
			"boxes": [
				{
					"textureOffset": [32, 12],
					"coordinates": [0, 0, 1, 1, 1, 1]
				}
			]
		},
		{
			"id": "violin3_cpm_dummy",
			"parent": "cosFloat",
			"position": [1, -1.5, 0]
		},
		{
			"id": "violin3",
			"parent": "violin3_cpm_dummy",
			"rotation": [0, 0, 45],
			"boxes": [
				{
					"textureOffset": [38, 20],
					"coordinates": [-1, 0, 1, 1, 1, 1]
				}
			]
		},
		{
			"id": "violin4_cpm_dummy",
			"parent": "cosFloat",
			"position": [-3, -1.5, 0]
		},
		{
			"id": "violin4",
			"parent": "violin4_cpm_dummy",
			"rotation": [0, 0, -45],
			"boxes": [
				{
					"textureOffset": [38, 23],
					"coordinates": [0, 0, 1, 1, 1, 1]
				}
			]
		},
		{
			"id": "violin5_cpm_dummy",
			"parent": "cosFloat",
			"position": [0.5, 1, 0]
		},
		{
			"id": "violin5",
			"parent": "violin5_cpm_dummy",
			"rotation": [0, 0, 30],
			"boxes": [
				{
					"textureOffset": [32, 16],
					"coordinates": [-1, 0, 1, 1, 1, 1]
				}
			]
		},
		{
			"id": "violin6_cpm_dummy",
			"parent": "cosFloat",
			"position": [-2.5, 1, 0]
		},
		{
			"id": "violin6",
			"parent": "violin6_cpm_dummy",
			"rotation": [0, 0, -30],
			"boxes": [
				{
					"textureOffset": [32, 14],
					"coordinates": [0, 0, 1, 1, 1, 1]
				}
			]
		},
		{
			"id": "violin7_cpm_dummy",
			"parent": "cosFloat",
			"position": [-1, 6, 1]
		},
		{
			"id": "violin7",
			"parent": "violin7_cpm_dummy",
			"rotation": [0, 25, 0],
			"boxes": [
				{
					"textureOffset": [40, 9],
					"coordinates": [-0.75, 0, 0, 1.5, 1.5, 1]
				}
			]
		},
		{
			"id": "violin8_cpm_dummy",
			"parent": "cosFloat",
			"position": [-1, -3, -0.5]
		},
		{
			"id": "violin8",
			"parent": "violin8_cpm_dummy",
			"rotation": [0, 30, 0],
			"boxes": [
				{
					"textureOffset": [40, 12],
					"coordinates": [-1, -1, 1, 2, 1, 1]
				}
			]
		}
	]
}