{
	"modelId": "miyako_yoshika",
	"modelName": "Miyako Yoshika",
	"version": "1.0.0",
	"author": "Succinum, ZeniCrow, Paulzzh, Tian_mi",
	"hide": ["model_all", "feature_all"],
	"skeleton": {
		"right_arm_all": [4, -0.66667, 0],
		"left_arm_all": [-4, -0.66667, 0]
	},
	"variables": {
		"left_arm_roll": "if(is_first_person,0,-25)",
		"right_arm_roll": "if(is_first_person,0,25)"
	},
	"bones": [
		{
			"id": "head_c",
			"parent": "head",
			"texture": "tex.miyako_yoshika",
			"scale": [1.33333, 1.33333, 1.33333],
			"boxes": [
				{
					"textureOffset": [40, 0],
					"coordinates": [-4, 0, 4, 8, 8, 8]
				}
			]
		},
		{
			"id": "head_c_helmet_hat",
			"parent": "head_c",
			"attached": ["helmet_all", "head_wearing"]
		},
		{
			"id": "blink_cpm_dummy",
			"parent": "head_c",
			"position": [0, -18, 0]
		},
		{
			"id": "blink",
			"parent": "blink_cpm_dummy",
			"visible": "fmod(age,60)<5",
			"boxes": [
				{
					"textureOffset": [72, 52],
					"coordinates": [-4, 18, -4.001, 8, 8, 0.001]
				}
			]
		},
		{
			"id": "hat_cpm_dummy",
			"parent": "head_c",
			"position": [0, 10, 0]
		},
		{
			"id": "hat",
			"parent": "hat_cpm_dummy",
			"boxes": [
				{
					"textureOffset": [0, 2],
					"coordinates": [-1.5, -2, 1.5, 3, 2, 3]
				}
			]
		},
		{
			"id": "hatFront_cpm_dummy",
			"parent": "hat",
			"position": [0, 0, -1.5]
		},
		{
			"id": "hatFront",
			"parent": "hatFront_cpm_dummy",
			"rotation": [0, 15, 0],
			"boxes": [
				{
					"textureOffset": [0, 7],
					"coordinates": [-1.5, -3, 0, 3, 3, 2]
				},
				{
					"textureOffset": [12, 12],
					"coordinates": [-2, -2.2, -1, 4, 1, 3]
				},
				{
					"textureOffset": [28, 0],
					"coordinates": [-1.5, -2.2, -3.9, 3, 1, 1]
				}
			]
		},
		{
			"id": "hatFrontR_cpm_dummy",
			"parent": "hatFront",
			"position": [2, -1, -4]
		},
		{
			"id": "hatFrontR",
			"parent": "hatFrontR_cpm_dummy",
			"rotation": [-30, 0, 0],
			"boxes": [
				{
					"textureOffset": [20, 0],
					"coordinates": [-1, -1.2, 0, 1, 1, 1]
				}
			]
		},
		{
			"id": "hatFrontL_cpm_dummy",
			"parent": "hatFront",
			"position": [-2, -1, -4]
		},
		{
			"id": "hatFrontL",
			"parent": "hatFrontL_cpm_dummy",
			"rotation": [30, 0, 0],
			"boxes": [
				{
					"textureOffset": [24, 0],
					"coordinates": [0, -1.2, 0, 1, 1, 1]
				}
			]
		},
		{
			"id": "star1_cpm_dummy",
			"parent": "hatFront",
			"position": [0, -0.625, -2]
		},
		{
			"id": "star1",
			"parent": "star1_cpm_dummy",
			"rotation": [0, 0, -22.5],
			"boxes": [
				{
					"textureOffset": [30, 3],
					"coordinates": [-0.5, -0.55, 0.75, 1, 1, 1]
				}
			]
		},
		{
			"id": "star2_cpm_dummy",
			"parent": "hatFront",
			"position": [0, -0.625, -2]
		},
		{
			"id": "star2",
			"parent": "star2_cpm_dummy",
			"rotation": [0, 0, 22.5],
			"boxes": [
				{
					"textureOffset": [30, 3],
					"coordinates": [-0.5, -0.55, 0.75, 1, 1, 1]
				}
			]
		},
		{
			"id": "hatBack_cpm_dummy",
			"parent": "hat",
			"position": [0, 0, 1.5]
		},
		{
			"id": "hatBack",
			"parent": "hatBack_cpm_dummy",
			"rotation": [0, -15, 0],
			"boxes": [
				{
					"textureOffset": [0, 12],
					"coordinates": [-1.5, -3, 2, 3, 3, 2]
				}
			]
		},
		{
			"id": "hatLeft_cpm_dummy",
			"parent": "hat",
			"position": [-1.5, 0, 0]
		},
		{
			"id": "hatLeft",
			"parent": "hatLeft_cpm_dummy",
			"rotation": [0, 0, 15],
			"boxes": [
				{
					"textureOffset": [0, 17],
					"coordinates": [-2, -3, 1.5, 2, 3, 3]
				}
			]
		},
		{
			"id": "hatRight_cpm_dummy",
			"parent": "hat",
			"position": [1.5, 0, 0]
		},
		{
			"id": "hatRight",
			"parent": "hatRight_cpm_dummy",
			"rotation": [0, 0, -15],
			"boxes": [
				{
					"textureOffset": [10, 17],
					"coordinates": [0, -3, 1.5, 2, 3, 3]
				}
			]
		},
		{
			"id": "hatFrontRight_cpm_dummy",
			"parent": "hat",
			"position": [1.5, 0, -1.5]
		},
		{
			"id": "hatFrontRight",
			"parent": "hatFrontRight_cpm_dummy",
			"rotation": [0, 15, -15],
			"boxes": [
				{
					"textureOffset": [12, 2],
					"coordinates": [0, -3, 0, 2, 3, 2]
				}
			]
		},
		{
			"id": "hatFrontLeft_cpm_dummy",
			"parent": "hat",
			"position": [-1.5, 0, -1.5]
		},
		{
			"id": "hatFrontLeft",
			"parent": "hatFrontLeft_cpm_dummy",
			"rotation": [0, 15, 15],
			"boxes": [
				{
					"textureOffset": [12, 7],
					"coordinates": [-2, -3, 0, 2, 3, 2]
				}
			]
		},
		{
			"id": "hatBackLeft_cpm_dummy",
			"parent": "hat",
			"position": [-1.5, 0, 1.5]
		},
		{
			"id": "hatBackLeft",
			"parent": "hatBackLeft_cpm_dummy",
			"rotation": [0, -15, 15],
			"boxes": [
				{
					"textureOffset": [20, 2],
					"coordinates": [-2, -3, 2, 2, 3, 2]
				}
			]
		},
		{
			"id": "hatBackRight_cpm_dummy",
			"parent": "hat",
			"position": [1.5, 0, 1.5]
		},
		{
			"id": "hatBackRight",
			"parent": "hatBackRight_cpm_dummy",
			"rotation": [0, -15, -15],
			"boxes": [
				{
					"textureOffset": [20, 7],
					"coordinates": [0, -3, 2, 2, 3, 2]
				}
			]
		},
		{
			"id": "Magic_cpm_dummy",
			"parent": "hat",
			"position": [0, -3, 0]
		},
		{
			"id": "Magic",
			"parent": "Magic_cpm_dummy",
			"boxes": [
				{
					"textureOffset": [28, 7],
					"coordinates": [-1, -3.5, -4.002, 2, 4, 0.001]
				},
				{
					"textureOffset": [31, 8],
					"coordinates": [-0.75, -3.25, -3.003, 1.5, 4, 1]
				}
			]
		},
		{
			"id": "ling1_cpm_dummy",
			"parent": "Magic",
			"position": [0, 0, -4.003]
		},
		{
			"id": "ling1",
			"parent": "ling1_cpm_dummy",
			"rotation": [0, 0, 45],
			"boxes": [
				{
					"textureOffset": [22, 18],
					"coordinates": [0, -0.75, 0.999, 0.25, 0.75, 1]
				},
				{
					"textureOffset": [21, 19],
					"coordinates": [-0.75, 0, 0.999, 1, 0.25, 1]
				},
				{
					"textureOffset": [22, 19],
					"coordinates": [-0.625, -0.375, 0.999, 0.5, 0.25, 1]
				},
				{
					"textureOffset": [22, 19],
					"coordinates": [-0.875, -0.875, 0.999, 0.25, 0.75, 1]
				},
				{
					"textureOffset": [22, 19],
					"coordinates": [-1, -0.875, 0.999, 0.5, 0.25, 1]
				},
				{
					"textureOffset": [22, 20],
					"coordinates": [-1.125, -1.625, 0.999, 0.25, 0.5, 1]
				},
				{
					"textureOffset": [23, 19],
					"coordinates": [-1.625, -2.25, 0.999, 0.25, 0.5, 1]
				},
				{
					"textureOffset": [23, 19],
					"coordinates": [-1.875, -2, 0.999, 0.5, 0.25, 1]
				}
			]
		},
		{
			"id": "ling2_cpm_dummy",
			"parent": "Magic",
			"position": [0, -0.75, -4.004]
		},
		{
			"id": "ling2",
			"parent": "ling2_cpm_dummy",
			"boxes": [
				{
					"textureOffset": [22, 18],
					"coordinates": [-0.5, 0, 0.999, 1, 0.25, 1]
				},
				{
					"textureOffset": [22, 20],
					"coordinates": [-0.125, -1.5, 0.999, 0.75, 0.25, 1]
				},
				{
					"textureOffset": [24, 19],
					"coordinates": [0.125, -2.25, 0.999, 0.25, 1.25, 1]
				},
				{
					"textureOffset": [23, 20],
					"coordinates": [-0.25, -2, 0.999, 0.25, 1, 1]
				},
				{
					"textureOffset": [23, 20],
					"coordinates": [-0.625, -2, 0.999, 0.25, 0.75, 1]
				},
				{
					"textureOffset": [23, 20],
					"coordinates": [-0.625, -1.25, 0.999, 0.5, 0.25, 1]
				},
				{
					"textureOffset": [23, 20],
					"coordinates": [-0.625, -2, 0.999, 0.5, 0.25, 1]
				}
			]
		},
		{
			"id": "right_arm_c",
			"parent": "right_arm",
			"texture": "tex.miyako_yoshika",
			"scale": [1.33333, 1.33333, 1.33333],
			"rotation": [0, 0, "var.right_arm_roll"],
			"boxes": [
				{
					"textureOffset": [0, 52],
					"coordinates": [-0.5, -8.5, 1, 2, 8, 2]
				}
			]
		},
		{
			"id": "right_arm_c_chestplate_right",
			"parent": "right_arm_c",
			"attached": ["chestplate_right_arm"],
			"position": [0, -2, 0],
			"scale": [0.75, 0.75, 0.75]
		},
		{
			"id": "right_arm_c_item_right",
			"parent": "right_arm_c",
			"attached": ["held_item_right"],
			"position": [1, -12, -1],
			"scale": [0.75, 0.75, 0.75]
		},
		{
			"id": "left_arm_c",
			"parent": "left_arm",
			"texture": "tex.miyako_yoshika",
			"scale": [1.33333, 1.33333, 1.33333],
			"rotation": [0, 0, "var.left_arm_roll"],
			"boxes": [
				{
					"textureOffset": [36, 40],
					"coordinates": [-1.5, -8.5, 1, 2, 8, 2]
				}
			]
		},
		{
			"id": "left_arm_c_chestplate_left",
			"parent": "left_arm_c",
			"attached": ["chestplate_left_arm"],
			"position": [0, -2, 0],
			"scale": [0.75, 0.75, 0.75]
		},
		{
			"id": "left_arm_c_item_left",
			"parent": "left_arm_c",
			"attached": ["held_item_left"],
			"position": [-1, -12, -1],
			"scale": [0.75, 0.75, 0.75]
		},
		{
			"id": "body_c",
			"parent": "body",
			"texture": "tex.miyako_yoshika",
			"scale": [1.33333, 1.33333, 1.33333],
			"boxes": [
				{
					"textureOffset": [32, 16],
					"coordinates": [-3, 2.5, 3, 6, 5, 6]
				},
				{
					"textureOffset": [46, 52],
					"coordinates": [-2, 7, 3.5, 4, 1, 7]
				},
				{
					"textureOffset": [0, 62],
					"coordinates": [-3.5, 0.5, 3.5, 7, 2, 7]
				},
				{
					"textureOffset": [0, 71],
					"coordinates": [-4, -1.5, 4, 8, 2, 8]
				},
				{
					"textureOffset": [0, 81],
					"coordinates": [-4.5, -3.5, 4.5, 9, 2, 9]
				},
				{
					"textureOffset": [0, 0],
					"coordinates": [3.75, -3.5, -1, 1, 1, 1]
				},
				{
					"textureOffset": [4, 0],
					"coordinates": [-4.75, -3.5, -1, 1, 1, 1]
				},
				{
					"textureOffset": [8, 0],
					"coordinates": [-0.5, 5.75, -2.25, 1, 1, 1]
				},
				{
					"textureOffset": [12, 0],
					"coordinates": [-0.5, 4.25, -2.25, 1, 1, 1]
				},
				{
					"textureOffset": [16, 0],
					"coordinates": [-0.5, 2.75, -2.25, 1, 1, 1]
				}
			],
			"position": [0, -7.5, 0]
		},
		{
			"id": "body_c_chestplate_body",
			"parent": "body_c",
			"attached": ["armor_body_all"],
			"scale": [0.75, 0.75, 1.05],
			"position": [0, 10, 0]
		},
		{
			"id": "body_c_cape_elytra",
			"parent": "body_c_chestplate_body",
			"attached": ["cape", "elytra"],
			"texture": "tex.skin"
		},
		{
			"id": "body_c_parrot_left",
			"parent": "body_c",
			"attached": ["shoulder_parrot_left"],
			"position": [-6.5, 10, 0],
			"scale": [0.75, 0.75, 0.75]
		},
		{
			"id": "body_c_parrot_right",
			"parent": "body_c",
			"attached": ["shoulder_parrot_right"],
			"position": [6.5, 10, 0],
			"scale": [0.75, 0.75, 0.75]
		},
		{
			"id": "skirtLace1_cpm_dummy",
			"parent": "body_c",
			"position": [0, -0.5, 0]
		},
		{
			"id": "skirtLace1",
			"parent": "skirtLace1_cpm_dummy",
			"rotation": [0, 0, -10],
			"boxes": [
				{
					"textureOffset": [0, 92],
					"coordinates": [-4.5, -0.5, 4.5, 9, 1, 9]
				},
				{
					"textureOffset": [0, 102],
					"coordinates": [-4.5, -0.5, -4.501, 9, 1, 0.001]
				},
				{
					"textureOffset": [0, 103],
					"coordinates": [-4.5, -0.5, 4.501, 9, 1, 0.001]
				}
			]
		},
		{
			"id": "skirtLace2_cpm_dummy",
			"parent": "body_c",
			"position": [0, -0.5, 0]
		},
		{
			"id": "skirtLace2",
			"parent": "skirtLace2_cpm_dummy",
			"rotation": [0, 0, 10],
			"boxes": [
				{
					"textureOffset": [0, 104],
					"coordinates": [-4.5, -0.5, 4.5, 9, 1, 9]
				},
				{
					"textureOffset": [0, 114],
					"coordinates": [-4.5, -0.5, -4.502, 9, 1, 0.001]
				},
				{
					"textureOffset": [0, 115],
					"coordinates": [-4.5, -0.5, 4.502, 9, 1, 0.001]
				}
			]
		},
		{
			"id": "shawlLeft_cpm_dummy",
			"parent": "body_c",
			"position": [-4, 6, 0]
		},
		{
			"id": "shawlLeft",
			"parent": "shawlLeft_cpm_dummy",
			"rotation": [0, 0, -20],
			"boxes": [
				{
					"textureOffset": [56, 16],
					"coordinates": [-1.5, -1, 3, 3, 3, 6]
				},
				{
					"textureOffset": [74, 16],
					"coordinates": [-1.5, -1, -3.001, 3, 3, 0.001]
				},
				{
					"textureOffset": [74, 19],
					"coordinates": [-1.5, -1, 3.001, 3, 3, 0.001]
				}
			]
		},
		{
			"id": "shawlRight_cpm_dummy",
			"parent": "body_c",
			"position": [4, 6, 0]
		},
		{
			"id": "shawlRight",
			"parent": "shawlRight_cpm_dummy",
			"rotation": [0, 0, 20],
			"boxes": [
				{
					"textureOffset": [56, 24],
					"coordinates": [-1.5, -1, 3, 3, 3, 6]
				},
				{
					"textureOffset": [74, 25],
					"coordinates": [-1.5, -1, -3.001, 3, 3, 0.001]
				},
				{
					"textureOffset": [74, 28],
					"coordinates": [-1.5, -1, 3.001, 3, 3, 0.001]
				}
			]
		},
		{
			"id": "left_leg_c",
			"parent": "left_leg",
			"texture": "tex.miyako_yoshika",
			"scale": [1.33333, 1.33333, 1.33333],
			"boxes": [
				{
					"textureOffset": [42, 28],
					"coordinates": [-1.5, -9, 1.5, 3, 9, 3]
				}
			]
		},
		{
			"id": "left_leg_c_legging_left",
			"parent": "left_leg_c",
			"attached": ["armor_left_leg_all"],
			"scale": [0.75, 0.75, 0.75]
		},
		{
			"id": "right_leg_c",
			"parent": "right_leg",
			"texture": "tex.miyako_yoshika",
			"scale": [1.33333, 1.33333, 1.33333],
			"boxes": [
				{
					"textureOffset": [0, 40],
					"coordinates": [-1.5, -9, 1.5, 3, 9, 3]
				}
			]
		},
		{
			"id": "right_leg_c_legging_right",
			"parent": "right_leg_c",
			"attached": ["armor_right_leg_all"],
			"scale": [0.75, 0.75, 0.75]
		}
	]
}