{
    "id": 214,
    "name": "yuumi",
    "version": "0.2",
    "author": "val9k",
    "desc": "yuumi model from league of legends because of the recente nerfs she got.\\r\\n\\r\\nthis model was made with a new plugin i made for blockbench that allows me to export animation from blockbench directly to javascript animation for CPM remake. more information here https://github.com/val9k/CPM-animation-plugin \\r\\n\\r\\nthis model have a lot of animation : walking, jumping, swimming, crawling etc.\\r\\nit is for remake CPM. i don\\'t know if i will make one for legacy.",
    "tags": "league of legends; lol; furry; quadriped; animated",
    "likes": 1,
    "legacy": false
}