{
	"modelId": "mononobe_no_futo",
	"modelName": "Mononobe no Futo",
	"version": "1.0.0",
	"author": "Succinum, ZeniCrow, Paulzzh, Tian_mi",
	"hide": ["model_all", "feature_all"],
	"skeleton": {
		"right_arm_all": [4, -0.66667, 0],
		"left_arm_all": [-4, -0.66667, 0]
	},
	"variables": {
		"left_arm_roll": "if(is_first_person,0,-25)",
		"right_arm_roll": "if(is_first_person,0,25)"
	},
	"bones": [
		{
			"id": "head_c",
			"parent": "head",
			"texture": "tex.mononobe_no_futo",
			"scale": [1.33333, 1.33333, 1.33333],
			"boxes": [
				{
					"textureOffset": [40, 0],
					"coordinates": [-4, 0, 4, 8, 8, 8]
				}
			]
		},
		{
			"id": "head_c_helmet_hat",
			"parent": "head_c",
			"attached": ["helmet_all", "head_wearing"]
		},
		{
			"id": "blink_cpm_dummy",
			"parent": "head_c",
			"position": [0, -18, 0]
		},
		{
			"id": "blink",
			"parent": "blink_cpm_dummy",
			"visible": "fmod(age,60)<5",
			"boxes": [
				{
					"textureOffset": [72, 52],
					"coordinates": [-4, 18, -4.001, 8, 8, 0.001]
				}
			]
		},
		{
			"id": "hat_cpm_dummy",
			"parent": "head_c",
			"position": [0, 8, 0]
		},
		{
			"id": "hat",
			"parent": "hat_cpm_dummy",
			"boxes": [
				{
					"textureOffset": [72, 0],
					"coordinates": [-3, 0, 3, 6, 3, 5]
				},
				{
					"textureOffset": [72, 8],
					"coordinates": [-2.5, 0, -2, 5, 3, 1]
				},
				{
					"textureOffset": [84, 8],
					"coordinates": [-2.5, 0, 3.5, 5, 3, 1]
				},
				{
					"textureOffset": [73, 12],
					"coordinates": [-2.5, 2.5, 3, 5, 2, 5]
				},
				{
					"textureOffset": [73, 20],
					"coordinates": [-2, 4, 2.75, 4, 3, 4]
				}
			]
		},
		{
			"id": "bone17_cpm_dummy",
			"parent": "hat",
			"position": [0, 1, 3.5]
		},
		{
			"id": "bone17",
			"parent": "bone17_cpm_dummy",
			"position": [0, 0, 5],
			"rotation": [0, -40, 40],
			"boxes": [
				{
					"textureOffset": [96, 0],
					"coordinates": [0, 0, 0, 1, 0.001, 6]
				}
			]
		},
		{
			"id": "bone18",
			"parent": "bone17",
			"position": [0, 0, 4],
			"rotation": [0, -30, 0],
			"boxes": [
				{
					"textureOffset": [98, 6],
					"coordinates": [0, 0, 0, 1, 0.001, 4]
				}
			]
		},
		{
			"id": "bone19",
			"parent": "bone18",
			"rotation": [0, -30, 0],
			"boxes": [
				{
					"textureOffset": [98, 10],
					"coordinates": [0, 0, 4, 1, 0.001, 4]
				}
			]
		},
		{
			"id": "bone20_cpm_dummy",
			"parent": "hat",
			"position": [0, 1, 3.5]
		},
		{
			"id": "bone20",
			"parent": "bone20_cpm_dummy",
			"position": [-1, 0, 5],
			"rotation": [0, -40, -40],
			"boxes": [
				{
					"textureOffset": [96, 14],
					"coordinates": [0, 0, 0, 1, 0.001, 6]
				}
			]
		},
		{
			"id": "bone21",
			"parent": "bone20",
			"position": [0, 0, 4],
			"rotation": [0, -30, 0],
			"boxes": [
				{
					"textureOffset": [98, 20],
					"coordinates": [0, 0, 0, 1, 0.001, 4]
				}
			]
		},
		{
			"id": "bone22",
			"parent": "bone21",
			"rotation": [0, -30, 0],
			"boxes": [
				{
					"textureOffset": [98, 24],
					"coordinates": [0, 0, 4, 1, 0.001, 4]
				}
			]
		},
		{
			"id": "right_arm_c",
			"parent": "right_arm",
			"texture": "tex.mononobe_no_futo",
			"scale": [1.33333, 1.33333, 1.33333],
			"rotation": [0, 0, "var.right_arm_roll"],
			"boxes": [
				{
					"textureOffset": [0, 52],
					"coordinates": [0, -8, 1, 2, 8, 2]
				},
				{
					"textureOffset": [12, 50],
					"coordinates": [-0.5, -7.5, 2.5, 3, 6, 4]
				},
				{
					"textureOffset": [26, 47],
					"coordinates": [0, -7.5, 4.5, 2, 5, 2]
				}
			]
		},
		{
			"id": "right_arm_c_chestplate_right",
			"parent": "right_arm_c",
			"attached": ["chestplate_right_arm"],
			"position": [0, -2, 0],
			"scale": [0.75, 0.75, 0.75]
		},
		{
			"id": "right_arm_c_item_right",
			"parent": "right_arm_c",
			"attached": ["held_item_right"],
			"position": [1, -12, -1],
			"scale": [0.75, 0.75, 0.75]
		},
		{
			"id": "bone11_cpm_dummy",
			"parent": "right_arm_c",
			"position": [1, -6, 4.5]
		},
		{
			"id": "bone11",
			"parent": "bone11_cpm_dummy",
			"position": [0, 0, 4],
			"rotation": [0, 25, -50],
			"boxes": [
				{
					"textureOffset": [42, 96],
					"coordinates": [-0.5, 0, 0, 1, 0.001, 4]
				}
			]
		},
		{
			"id": "bone12",
			"parent": "bone11",
			"position": [0, 0, 4],
			"rotation": [0, -25, 0],
			"boxes": [
				{
					"textureOffset": [42, 100],
					"coordinates": [-0.5, 0, 0, 1, 0.001, 4]
				}
			]
		},
		{
			"id": "bone13",
			"parent": "bone12",
			"rotation": [0, -25, 0],
			"boxes": [
				{
					"textureOffset": [43, 104],
					"coordinates": [-0.5, 0, 3, 1, 0.001, 3]
				}
			]
		},
		{
			"id": "bone14_cpm_dummy",
			"parent": "right_arm_c",
			"position": [1, -6, 4.5]
		},
		{
			"id": "bone14",
			"parent": "bone14_cpm_dummy",
			"position": [0, 0, 4],
			"rotation": [0, -10, -50],
			"boxes": [
				{
					"textureOffset": [42, 107],
					"coordinates": [-0.5, 0, 0, 1, 0.001, 4]
				}
			]
		},
		{
			"id": "bone15",
			"parent": "bone14",
			"position": [0, 0, 4],
			"rotation": [0, -25, 0],
			"boxes": [
				{
					"textureOffset": [42, 111],
					"coordinates": [-0.5, 0, 0, 1, 0.001, 4]
				}
			]
		},
		{
			"id": "bone16",
			"parent": "bone15",
			"rotation": [0, -25, 0],
			"boxes": [
				{
					"textureOffset": [43, 115],
					"coordinates": [-0.5, 0, 3, 1, 0.001, 3]
				}
			]
		},
		{
			"id": "left_arm_c",
			"parent": "left_arm",
			"texture": "tex.mononobe_no_futo",
			"scale": [1.33333, 1.33333, 1.33333],
			"rotation": [0, 0, "var.left_arm_roll"],
			"boxes": [
				{
					"textureOffset": [36, 40],
					"coordinates": [-2, -8, 1, 2, 8, 2]
				},
				{
					"textureOffset": [12, 40],
					"coordinates": [-2.5, -7.5, 2.5, 3, 6, 4]
				},
				{
					"textureOffset": [26, 40],
					"coordinates": [-2, -7.5, 4.5, 2, 5, 2]
				}
			]
		},
		{
			"id": "left_arm_c_chestplate_left",
			"parent": "left_arm_c",
			"attached": ["chestplate_left_arm"],
			"position": [0, -2, 0],
			"scale": [0.75, 0.75, 0.75]
		},
		{
			"id": "left_arm_c_item_left",
			"parent": "left_arm_c",
			"attached": ["held_item_left"],
			"position": [-1, -12, -1],
			"scale": [0.75, 0.75, 0.75]
		},
		{
			"id": "bone_cpm_dummy",
			"parent": "left_arm_c",
			"position": [-1, -6, 4.5]
		},
		{
			"id": "bone",
			"parent": "bone_cpm_dummy",
			"position": [0, 0, 4],
			"rotation": [0, 25, 50],
			"boxes": [
				{
					"textureOffset": [42, 74],
					"coordinates": [-0.5, 0, 0, 1, 0.001, 4]
				}
			]
		},
		{
			"id": "bone2",
			"parent": "bone",
			"position": [0, 0, 4],
			"rotation": [0, -25, 0],
			"boxes": [
				{
					"textureOffset": [42, 78],
					"coordinates": [-0.5, 0, 0, 1, 0.001, 4]
				}
			]
		},
		{
			"id": "bone5",
			"parent": "bone2",
			"rotation": [0, -25, 0],
			"boxes": [
				{
					"textureOffset": [43, 82],
					"coordinates": [-0.5, 0, 3, 1, 0.001, 3]
				}
			]
		},
		{
			"id": "bone7_cpm_dummy",
			"parent": "left_arm_c",
			"position": [-1, -6, 4.5]
		},
		{
			"id": "bone7",
			"parent": "bone7_cpm_dummy",
			"position": [0, 0, 4],
			"rotation": [0, -10, 50],
			"boxes": [
				{
					"textureOffset": [42, 85],
					"coordinates": [-0.5, 0, 0, 1, 0.001, 4]
				}
			]
		},
		{
			"id": "bone9",
			"parent": "bone7",
			"position": [0, 0, 4],
			"rotation": [0, -25, 0],
			"boxes": [
				{
					"textureOffset": [42, 89],
					"coordinates": [-0.5, 0, 0, 1, 0.001, 4]
				}
			]
		},
		{
			"id": "bone10",
			"parent": "bone9",
			"rotation": [0, -25, 0],
			"boxes": [
				{
					"textureOffset": [43, 93],
					"coordinates": [-0.5, 0, 3, 1, 0.001, 3]
				}
			]
		},
		{
			"id": "body_c",
			"parent": "body",
			"texture": "tex.mononobe_no_futo",
			"scale": [1.33333, 1.33333, 1.33333],
			"boxes": [
				{
					"textureOffset": [32, 16],
					"coordinates": [-3, 1.5, 3, 6, 6, 6]
				},
				{
					"textureOffset": [24, 28],
					"coordinates": [-1, 7, -2.001, 2, 1, 1]
				},
				{
					"textureOffset": [24, 30],
					"coordinates": [-1, 7, 3.001, 2, 1, 1]
				},
				{
					"textureOffset": [30, 28],
					"coordinates": [-0.5, 5.25, -2.5, 1, 1, 1]
				},
				{
					"textureOffset": [34, 28],
					"coordinates": [-0.5, 4.75, -2.5, 1, 1, 1]
				},
				{
					"textureOffset": [34, 30],
					"coordinates": [-0.75, 5, -2.5, 1, 1, 1]
				},
				{
					"textureOffset": [30, 30],
					"coordinates": [-0.25, 5, -2.5, 1, 1, 1]
				},
				{
					"textureOffset": [38, 28],
					"coordinates": [-0.5, 3, -2.5, 1, 1, 1]
				},
				{
					"textureOffset": [38, 30],
					"coordinates": [-3.004, 1.5, 0.5, 0.001, 6, 1]
				},
				{
					"textureOffset": [40, 30],
					"coordinates": [3.003, 1.5, 0.5, 0.001, 6, 1]
				},
				{
					"textureOffset": [0, 62],
					"coordinates": [-3, -0.5, 3, 6, 2, 6]
				},
				{
					"textureOffset": [0, 70],
					"coordinates": [-3.5, -1.75, 3.5, 7, 2, 7]
				},
				{
					"textureOffset": [0, 79],
					"coordinates": [-4, -3, 4, 8, 2, 8]
				},
				{
					"textureOffset": [0, 89],
					"coordinates": [-4.5, -4.25, 4.5, 9, 2, 9]
				},
				{
					"textureOffset": [0, 100],
					"coordinates": [-5, -4.5, 5, 10, 1, 10]
				}
			],
			"position": [0, -7.5, 0]
		},
		{
			"id": "body_c_chestplate_body",
			"parent": "body_c",
			"attached": ["armor_body_all"],
			"scale": [0.75, 0.75, 1.05],
			"position": [0, 10, 0]
		},
		{
			"id": "body_c_cape_elytra",
			"parent": "body_c_chestplate_body",
			"attached": ["cape", "elytra"],
			"texture": "tex.skin"
		},
		{
			"id": "body_c_parrot_left",
			"parent": "body_c",
			"attached": ["shoulder_parrot_left"],
			"position": [-6.5, 10, 0],
			"scale": [0.75, 0.75, 0.75]
		},
		{
			"id": "body_c_parrot_right",
			"parent": "body_c",
			"attached": ["shoulder_parrot_right"],
			"position": [6.5, 10, 0],
			"scale": [0.75, 0.75, 0.75]
		},
		{
			"id": "clothFront_cpm_dummy",
			"parent": "body_c",
			"position": [0, 1.5, -3]
		},
		{
			"id": "clothFront",
			"parent": "clothFront_cpm_dummy",
			"rotation": [0, -25, 0],
			"boxes": [
				{
					"textureOffset": [0, 0],
					"coordinates": [-3, -5, 1, 6, 5, 1]
				},
				{
					"textureOffset": [14, 0],
					"coordinates": [-3.001, -2, 1, 0.001, 3, 1]
				},
				{
					"textureOffset": [16, 0],
					"coordinates": [3.001, -2, 1, 0.001, 3, 1]
				},
				{
					"textureOffset": [59, 19],
					"coordinates": [-2.75, -4.75, -0.002, 0.25, 0.25, 0.001]
				},
				{
					"textureOffset": [61, 19],
					"coordinates": [-1.25, -4.75, -0.002, 0.25, 0.25, 0.001]
				},
				{
					"textureOffset": [61, 19],
					"coordinates": [-2.75, -4.25, -0.002, 0.25, 0.25, 0.001]
				},
				{
					"textureOffset": [64, 19],
					"coordinates": [-1.25, -4.25, -0.002, 0.25, 0.25, 0.001]
				},
				{
					"textureOffset": [64, 19],
					"coordinates": [-2, -4.25, -0.002, 0.25, 0.25, 0.001]
				},
				{
					"textureOffset": [59, 22],
					"coordinates": [-2.75, -2.75, -0.002, 0.25, 0.25, 0.001]
				},
				{
					"textureOffset": [59, 23],
					"coordinates": [-2, -3.25, -0.002, 0.25, 0.25, 0.001]
				},
				{
					"textureOffset": [63, 23],
					"coordinates": [-1.5, -3.75, -0.002, 0.25, 0.25, 0.001]
				},
				{
					"textureOffset": [63, 23],
					"coordinates": [-2.5, -3.75, -0.002, 0.25, 0.25, 0.001]
				},
				{
					"textureOffset": [60, 33],
					"coordinates": [-2.5, -4.75, -0.001, 1.5, 0.25, 0.001]
				},
				{
					"textureOffset": [65, 31],
					"coordinates": [-2.5, -4.25, -0.001, 1.5, 0.25, 0.001]
				},
				{
					"textureOffset": [68, 33],
					"coordinates": [-2.75, -4.25, -0.001, 0.25, 1.5, 0.001]
				},
				{
					"textureOffset": [65, 31],
					"coordinates": [-2.5, -3.75, -0.001, 1, 0.25, 0.001]
				},
				{
					"textureOffset": [68, 33],
					"coordinates": [-2, -4.25, -0.001, 0.25, 1, 0.001]
				}
			]
		},
		{
			"id": "clothFront2_cpm_dummy",
			"parent": "body_c",
			"position": [0, 2, -2]
		},
		{
			"id": "clothFront2",
			"parent": "clothFront2_cpm_dummy",
			"rotation": [0, -30, 0],
			"boxes": [
				{
					"textureOffset": [18, 0],
					"coordinates": [-3.002, -6, 1.25, 0.001, 8, 1]
				},
				{
					"textureOffset": [34, 0],
					"coordinates": [3.002, -6, 1.25, 0.001, 8, 1]
				},
				{
					"textureOffset": [20, 0],
					"coordinates": [-3, -6, 1.25, 6, 7, 1]
				}
			]
		},
		{
			"id": "clothBack_cpm_dummy",
			"parent": "body_c",
			"position": [0, 1.5, 3]
		},
		{
			"id": "clothBack",
			"parent": "clothBack_cpm_dummy",
			"rotation": [0, 25, 0],
			"boxes": [
				{
					"textureOffset": [14, 9],
					"coordinates": [-3.001, -2, 0, 0.001, 3, 1]
				},
				{
					"textureOffset": [16, 9],
					"coordinates": [3.001, -2, 0, 0.001, 3, 1]
				},
				{
					"textureOffset": [0, 9],
					"coordinates": [-3, -5, 0, 6, 5, 1]
				}
			]
		},
		{
			"id": "clothBack2_cpm_dummy",
			"parent": "body_c",
			"position": [0, 2, 2]
		},
		{
			"id": "clothBack2",
			"parent": "clothBack2_cpm_dummy",
			"rotation": [0, 30, 0],
			"boxes": [
				{
					"textureOffset": [18, 9],
					"coordinates": [-3.002, -6, -0.25, 0.001, 8, 1]
				},
				{
					"textureOffset": [34, 9],
					"coordinates": [3.002, -6, -0.25, 0.001, 8, 1]
				},
				{
					"textureOffset": [20, 9],
					"coordinates": [-3, -6, -0.25, 6, 7, 1]
				}
			]
		},
		{
			"id": "neckRibbonLeft_cpm_dummy",
			"parent": "body_c",
			"position": [0, 7, -3]
		},
		{
			"id": "neckRibbonLeft",
			"parent": "neckRibbonLeft_cpm_dummy",
			"position": [0, -2, 0],
			"rotation": [0, -35, -20],
			"boxes": [
				{
					"textureOffset": [102, 28],
					"coordinates": [-1, 0, 0, 1, 3, 0.001]
				}
			]
		},
		{
			"id": "neckRibbonLeft2",
			"parent": "neckRibbonLeft",
			"rotation": [0, 20, 0],
			"boxes": [
				{
					"textureOffset": [102, 31],
					"coordinates": [-1, -2, 0, 1, 2, 0.001]
				}
			]
		},
		{
			"id": "neckRibbonLeft3_cpm_dummy",
			"parent": "body_c",
			"position": [0, 7, -3]
		},
		{
			"id": "neckRibbonLeft3",
			"parent": "neckRibbonLeft3_cpm_dummy",
			"position": [1, -2, 0],
			"rotation": [0, -35, 20],
			"boxes": [
				{
					"textureOffset": [102, 33],
					"coordinates": [-1, 0, 0, 1, 3, 0.001]
				}
			]
		},
		{
			"id": "neckRibbonLeft4",
			"parent": "neckRibbonLeft3",
			"rotation": [0, 20, 0],
			"boxes": [
				{
					"textureOffset": [102, 36],
					"coordinates": [-1, -2, 0, 1, 2, 0.001]
				}
			]
		},
		{
			"id": "left_leg_c",
			"parent": "left_leg",
			"texture": "tex.mononobe_no_futo",
			"scale": [1.33333, 1.33333, 1.33333],
			"boxes": [
				{
					"textureOffset": [42, 28],
					"coordinates": [-1.5, -9, 1.5, 3, 9, 3]
				},
				{
					"textureOffset": [36, 50],
					"coordinates": [-1.5, -7.75, -1.501, 3, 1, 0.001]
				},
				{
					"textureOffset": [36, 51],
					"coordinates": [-1.5, -7.75, 1.501, 3, 1, 0.001]
				},
				{
					"textureOffset": [36, 54],
					"coordinates": [-1.501, -7.75, 1.5, 0.001, 1, 3]
				},
				{
					"textureOffset": [36, 58],
					"coordinates": [1.501, -7.75, 1.5, 0.001, 1, 3]
				}
			]
		},
		{
			"id": "left_leg_c_legging_left",
			"parent": "left_leg_c",
			"attached": ["armor_left_leg_all"],
			"scale": [0.75, 0.75, 0.75]
		},
		{
			"id": "legLeftRibbon_cpm_dummy",
			"parent": "left_leg_c",
			"position": [0, -6.75, 1.5]
		},
		{
			"id": "legLeftRibbon",
			"parent": "legLeftRibbon_cpm_dummy",
			"position": [0, 0, 3],
			"rotation": [-15, -10, 0],
			"boxes": [
				{
					"textureOffset": [42, 50],
					"coordinates": [0, 0, 0, 1, 0.001, 4]
				}
			]
		},
		{
			"id": "bone3",
			"parent": "legLeftRibbon",
			"rotation": [0, -20, 0],
			"boxes": [
				{
					"textureOffset": [44, 58],
					"coordinates": [0, 0, 2, 1, 0.001, 2]
				}
			]
		},
		{
			"id": "legLeftRibbon2_cpm_dummy",
			"parent": "left_leg_c",
			"position": [0, -6.75, 1.5]
		},
		{
			"id": "legLeftRibbon2",
			"parent": "legLeftRibbon2_cpm_dummy",
			"position": [0, 0, 3],
			"rotation": [15, -10, 0],
			"boxes": [
				{
					"textureOffset": [42, 54],
					"coordinates": [-1, 0, 0, 1, 0.001, 4]
				}
			]
		},
		{
			"id": "bone4",
			"parent": "legLeftRibbon2",
			"rotation": [0, -20, 0],
			"boxes": [
				{
					"textureOffset": [44, 60],
					"coordinates": [-1, 0, 2, 1, 0.001, 2]
				}
			]
		},
		{
			"id": "right_leg_c",
			"parent": "right_leg",
			"texture": "tex.mononobe_no_futo",
			"scale": [1.33333, 1.33333, 1.33333],
			"boxes": [
				{
					"textureOffset": [0, 40],
					"coordinates": [-1.5, -9, 1.5, 3, 9, 3]
				},
				{
					"textureOffset": [36, 52],
					"coordinates": [-1.5, -7.75, -1.501, 3, 1, 0.001]
				},
				{
					"textureOffset": [36, 53],
					"coordinates": [-1.5, -7.75, 1.501, 3, 1, 0.001]
				},
				{
					"textureOffset": [36, 66],
					"coordinates": [-1.501, -7.75, 1.5, 0.001, 1, 3]
				},
				{
					"textureOffset": [36, 62],
					"coordinates": [1.501, -7.75, 1.5, 0.001, 1, 3]
				}
			]
		},
		{
			"id": "right_leg_c_legging_right",
			"parent": "right_leg_c",
			"attached": ["armor_right_leg_all"],
			"scale": [0.75, 0.75, 0.75]
		},
		{
			"id": "legRightRibbon_cpm_dummy",
			"parent": "right_leg_c",
			"position": [0, -6.75, 1.5]
		},
		{
			"id": "legRightRibbon",
			"parent": "legRightRibbon_cpm_dummy",
			"position": [0, 0, 3],
			"rotation": [-15, -10, 0],
			"boxes": [
				{
					"textureOffset": [42, 62],
					"coordinates": [0, 0, 0, 1, 0.001, 4]
				}
			]
		},
		{
			"id": "bone6",
			"parent": "legRightRibbon",
			"rotation": [0, -20, 0],
			"boxes": [
				{
					"textureOffset": [44, 70],
					"coordinates": [0, 0, 2, 1, 0.001, 2]
				}
			]
		},
		{
			"id": "legRightRibbon2_cpm_dummy",
			"parent": "right_leg_c",
			"position": [0, -6.75, 1.5]
		},
		{
			"id": "legRightRibbon2",
			"parent": "legRightRibbon2_cpm_dummy",
			"position": [0, 0, 3],
			"rotation": [15, -10, 0],
			"boxes": [
				{
					"textureOffset": [42, 66],
					"coordinates": [-1, 0, 0, 1, 0.001, 4]
				}
			]
		},
		{
			"id": "bone8",
			"parent": "legRightRibbon2",
			"rotation": [0, -20, 0],
			"boxes": [
				{
					"textureOffset": [44, 72],
					"coordinates": [-1, 0, 2, 1, 0.001, 2]
				}
			]
		}
	]
}