{
	"modelId": "yasaka_kanako",
	"modelName": "Yasaka Kanako",
	"version": "1.0.0",
	"author": "Succinum, ZeniCrow, Paulzzh, Tian_mi",
	"hide": ["model_all", "feature_all"],
	"skeleton": {
		"right_arm_all": [4, -0.66667, 0],
		"left_arm_all": [-4, -0.66667, 0]
	},
	"variables": {
		"left_arm_roll": "if(is_first_person,0,-25)",
		"right_arm_roll": "if(is_first_person,0,25)"
	},
	"bones": [
		{
			"id": "head_c",
			"parent": "head",
			"texture": "tex.yasaka_kanako",
			"scale": [1.33333, 1.33333, 1.33333],
			"boxes": []
		},
		{
			"id": "head_c_helmet_hat",
			"parent": "head_c",
			"attached": ["helmet_all", "head_wearing"]
		},
		{
			"id": "face",
			"parent": "head_c",
			"boxes": [
				{
					"textureOffset": [0, 32],
					"coordinates": [-4, 0, 4, 8, 8, 8]
				},
				{
					"textureOffset": [48, 65],
					"coordinates": [4, 1, 2, 1, 4, 5]
				},
				{
					"textureOffset": [0, 77],
					"coordinates": [-5, 1, 2, 1, 4, 5]
				},
				{
					"textureOffset": [0, 71],
					"coordinates": [-5, 5, 0, 10, 4, 1]
				}
			]
		},
		{
			"id": "ring_cpm_dummy",
			"parent": "head_c",
			"position": [0, -18, 0]
		},
		{
			"id": "ring",
			"parent": "ring_cpm_dummy",
			"boxes": []
		},
		{
			"id": "bar_cpm_dummy",
			"parent": "ring",
			"position": [0, 22, 4]
		},
		{
			"id": "bar",
			"parent": "bar_cpm_dummy",
			"boxes": [
				{
					"textureOffset": [60, 48],
					"coordinates": [-6, -14.5, 5, 12, 3, 3]
				}
			]
		},
		{
			"id": "bar2_cpm_dummy",
			"parent": "ring",
			"position": [0, 22, 4]
		},
		{
			"id": "bar2",
			"parent": "bar2_cpm_dummy",
			"rotation": [0, 0, -45],
			"boxes": [
				{
					"textureOffset": [30, 48],
					"coordinates": [-6, -14.5, 5, 12, 3, 3]
				}
			]
		},
		{
			"id": "bar3_cpm_dummy",
			"parent": "ring",
			"position": [0, 22, 4]
		},
		{
			"id": "bar3",
			"parent": "bar3_cpm_dummy",
			"rotation": [0, 0, -90],
			"boxes": [
				{
					"textureOffset": [0, 48],
					"coordinates": [-6, -14.5, 5, 12, 3, 3]
				}
			]
		},
		{
			"id": "bar4_cpm_dummy",
			"parent": "ring",
			"position": [0, 22, 4]
		},
		{
			"id": "bar4",
			"parent": "bar4_cpm_dummy",
			"rotation": [0, 0, -135],
			"boxes": [
				{
					"textureOffset": [0, 54],
					"coordinates": [-6, -14.5, 5, 12, 3, 3]
				}
			]
		},
		{
			"id": "bar5_cpm_dummy",
			"parent": "ring",
			"position": [0, 22, 4]
		},
		{
			"id": "bar5",
			"parent": "bar5_cpm_dummy",
			"rotation": [0, 0, 180],
			"boxes": [
				{
					"textureOffset": [30, 54],
					"coordinates": [-6, -14.5, 5, 12, 3, 3]
				}
			]
		},
		{
			"id": "bar6_cpm_dummy",
			"parent": "ring",
			"position": [0, 22, 4]
		},
		{
			"id": "bar6",
			"parent": "bar6_cpm_dummy",
			"rotation": [0, 0, 45],
			"boxes": [
				{
					"textureOffset": [64, 32],
					"coordinates": [-6, -14.5, 5, 12, 3, 3]
				}
			]
		},
		{
			"id": "bar7_cpm_dummy",
			"parent": "ring",
			"position": [0, 22, 4]
		},
		{
			"id": "bar7",
			"parent": "bar7_cpm_dummy",
			"rotation": [0, 0, 90],
			"boxes": [
				{
					"textureOffset": [90, 48],
					"coordinates": [-6, -14.5, 5, 12, 3, 3]
				}
			]
		},
		{
			"id": "bar8_cpm_dummy",
			"parent": "ring",
			"position": [0, 22, 4]
		},
		{
			"id": "bar8",
			"parent": "bar8_cpm_dummy",
			"rotation": [0, 0, 135],
			"boxes": [
				{
					"textureOffset": [60, 54],
					"coordinates": [-6, -14.5, 5, 12, 3, 3]
				}
			]
		},
		{
			"id": "wing_cpm_dummy",
			"parent": "ring",
			"position": [0, 34, 0]
		},
		{
			"id": "wing",
			"parent": "wing_cpm_dummy",
			"rotation": [5, 5, -45],
			"boxes": [
				{
					"textureOffset": [0, 0],
					"coordinates": [-3, -29, 9, 32, 32, 0.001]
				}
			]
		},
		{
			"id": "right_arm_c",
			"parent": "right_arm",
			"texture": "tex.yasaka_kanako",
			"scale": [1.33333, 1.33333, 1.33333],
			"rotation": [0, 0, "var.right_arm_roll"],
			"boxes": [
				{
					"textureOffset": [20, 77],
					"coordinates": [0, -8, 1, 2, 8, 2]
				}
			]
		},
		{
			"id": "right_arm_c_chestplate_right",
			"parent": "right_arm_c",
			"attached": ["chestplate_right_arm"],
			"position": [0, -2, 0],
			"scale": [0.75, 0.75, 0.75]
		},
		{
			"id": "right_arm_c_item_right",
			"parent": "right_arm_c",
			"attached": ["held_item_right"],
			"position": [1, -12, -1],
			"scale": [0.75, 0.75, 0.75]
		},
		{
			"id": "left_arm_c",
			"parent": "left_arm",
			"texture": "tex.yasaka_kanako",
			"scale": [1.33333, 1.33333, 1.33333],
			"rotation": [0, 0, "var.left_arm_roll"],
			"boxes": [
				{
					"textureOffset": [12, 77],
					"coordinates": [-2, -8, 1, 2, 8, 2]
				}
			]
		},
		{
			"id": "left_arm_c_chestplate_left",
			"parent": "left_arm_c",
			"attached": ["chestplate_left_arm"],
			"position": [0, -2, 0],
			"scale": [0.75, 0.75, 0.75]
		},
		{
			"id": "left_arm_c_item_left",
			"parent": "left_arm_c",
			"attached": ["held_item_left"],
			"position": [-1, -12, -1],
			"scale": [0.75, 0.75, 0.75]
		},
		{
			"id": "body_c",
			"parent": "body",
			"texture": "tex.yasaka_kanako",
			"scale": [1.33333, 1.33333, 1.33333],
			"boxes": [
				{
					"textureOffset": [90, 54],
					"coordinates": [-3, 2.5, 3, 6, 5, 6]
				},
				{
					"textureOffset": [32, 32],
					"coordinates": [-4, -1.5, 4, 8, 4, 8]
				},
				{
					"textureOffset": [64, 0],
					"coordinates": [-5, -5.5, 5, 10, 5, 10]
				},
				{
					"textureOffset": [0, 65],
					"coordinates": [-4, -3.5, 2, 8, 2, 4]
				}
			],
			"position": [0, -7.5, 0]
		},
		{
			"id": "body_c_chestplate_body",
			"parent": "body_c",
			"attached": ["armor_body_all"],
			"scale": [0.75, 0.75, 1.05],
			"position": [0, 10, 0]
		},
		{
			"id": "body_c_cape_elytra",
			"parent": "body_c_chestplate_body",
			"attached": ["cape", "elytra"],
			"texture": "tex.skin"
		},
		{
			"id": "body_c_parrot_left",
			"parent": "body_c",
			"attached": ["shoulder_parrot_left"],
			"position": [-6.5, 10, 0],
			"scale": [0.75, 0.75, 0.75]
		},
		{
			"id": "body_c_parrot_right",
			"parent": "body_c",
			"attached": ["shoulder_parrot_right"],
			"position": [6.5, 10, 0],
			"scale": [0.75, 0.75, 0.75]
		},
		{
			"id": "left_leg_c",
			"parent": "left_leg",
			"texture": "tex.yasaka_kanako",
			"scale": [1.33333, 1.33333, 1.33333],
			"boxes": [
				{
					"textureOffset": [24, 65],
					"coordinates": [-1.5, -9, 1.5, 3, 9, 3]
				}
			]
		},
		{
			"id": "left_leg_c_legging_left",
			"parent": "left_leg_c",
			"attached": ["armor_left_leg_all"],
			"scale": [0.75, 0.75, 0.75]
		},
		{
			"id": "right_leg_c",
			"parent": "right_leg",
			"texture": "tex.yasaka_kanako",
			"scale": [1.33333, 1.33333, 1.33333],
			"boxes": [
				{
					"textureOffset": [36, 65],
					"coordinates": [-1.5, -9, 1.5, 3, 9, 3]
				}
			]
		},
		{
			"id": "right_leg_c_legging_right",
			"parent": "right_leg_c",
			"attached": ["armor_right_leg_all"],
			"scale": [0.75, 0.75, 0.75]
		}
	]
}