{
	"modelId": "sunny_milk",
	"modelName": "Sunny Milk",
	"version": "1.0.0",
	"author": "Succinum, ZeniCrow, Paulzzh, Tian_mi",
	"hide": ["model_all", "feature_all"],
	"skeleton": {
		"right_arm_all": [4, -0.66667, 0],
		"left_arm_all": [-4, -0.66667, 0]
	},
	"variables": {
		"left_arm_roll": "if(is_first_person,0,-25)",
		"right_arm_roll": "if(is_first_person,0,25)"
	},
	"bones": [
		{
			"id": "head_c",
			"parent": "head",
			"texture": "tex.sunny_milk",
			"scale": [1.33333, 1.33333, 1.33333],
			"boxes": [
				{
					"textureOffset": [40, 58],
					"coordinates": [-4, 0, 4, 8, 8, 8]
				},
				{
					"textureOffset": [20, 74],
					"coordinates": [-4, 4.5, 1.5, 8, 4, 1]
				},
				{
					"textureOffset": [16, 80],
					"coordinates": [3.5, 8, 1.5, 1, 1, 1]
				},
				{
					"textureOffset": [20, 80],
					"coordinates": [1.5, 8, 1.5, 1, 1, 1]
				},
				{
					"textureOffset": [24, 80],
					"coordinates": [-0.5, 8, 1.5, 1, 1, 1]
				},
				{
					"textureOffset": [28, 80],
					"coordinates": [-2.5, 8, 1.5, 1, 1, 1]
				},
				{
					"textureOffset": [32, 80],
					"coordinates": [-4.5, 8, 1.5, 1, 1, 1]
				},
				{
					"textureOffset": [38, 74],
					"coordinates": [2.5, 8.5, 1, 1, 1, 0.001]
				},
				{
					"textureOffset": [38, 75],
					"coordinates": [0.5, 8.5, 1, 1, 1, 0.001]
				},
				{
					"textureOffset": [38, 76],
					"coordinates": [-1.5, 8.5, 1, 1, 1, 0.001]
				},
				{
					"textureOffset": [38, 77],
					"coordinates": [-3.5, 8.5, 1, 1, 1, 0.001]
				}
			]
		},
		{
			"id": "head_c_helmet_hat",
			"parent": "head_c",
			"attached": ["helmet_all", "head_wearing"]
		},
		{
			"id": "blink",
			"parent": "head_c",
			"visible": "fmod(age,60)<5",
			"boxes": [
				{
					"textureOffset": [0, 97],
					"coordinates": [-4, 0, -4.001, 8, 8, 0.001]
				}
			]
		},
		{
			"id": "headRibbonRight_cpm_dummy",
			"parent": "head_c",
			"position": [5, 6, 0]
		},
		{
			"id": "headRibbonRight",
			"parent": "headRibbonRight_cpm_dummy",
			"rotation": [-15, 0, 25],
			"boxes": [
				{
					"textureOffset": [0, 74],
					"coordinates": [-1, 0, 1, 1, 1, 1]
				}
			]
		},
		{
			"id": "headRibbonLeft_cpm_dummy",
			"parent": "head_c",
			"position": [-5, 6, 0]
		},
		{
			"id": "headRibbonLeft",
			"parent": "headRibbonLeft_cpm_dummy",
			"rotation": [15, 0, -25],
			"boxes": [
				{
					"textureOffset": [0, 76],
					"coordinates": [0, 0, 1, 1, 1, 1]
				}
			]
		},
		{
			"id": "headRibbonRight2_cpm_dummy",
			"parent": "head_c",
			"position": [5, 6, 0]
		},
		{
			"id": "headRibbonRight2",
			"parent": "headRibbonRight2_cpm_dummy",
			"rotation": [15, 0, 25],
			"boxes": [
				{
					"textureOffset": [0, 74],
					"coordinates": [-1, 0, 0, 1, 1, 1]
				}
			]
		},
		{
			"id": "headRibbonLeft2_cpm_dummy",
			"parent": "head_c",
			"position": [-5, 6, 0]
		},
		{
			"id": "headRibbonLeft2",
			"parent": "headRibbonLeft2_cpm_dummy",
			"rotation": [-15, 0, -25],
			"boxes": [
				{
					"textureOffset": [0, 76],
					"coordinates": [0, 0, 0, 1, 1, 1]
				}
			]
		},
		{
			"id": "headBraidLeft_cpm_dummy",
			"parent": "head_c",
			"position": [-5, 6, 0]
		},
		{
			"id": "headBraidLeft",
			"parent": "headBraidLeft_cpm_dummy",
			"rotation": [0, 0, -25],
			"boxes": [
				{
					"textureOffset": [0, 78],
					"coordinates": [0, 0.5, 0.5, 1, 1, 1]
				},
				{
					"textureOffset": [12, 74],
					"coordinates": [-0.5, -2.5, 1, 2, 3, 2]
				},
				{
					"textureOffset": [10, 79],
					"coordinates": [-0.5, -3, 1, 1, 1, 2]
				}
			]
		},
		{
			"id": "headBraidRight_cpm_dummy",
			"parent": "head_c",
			"position": [5, 6, 0]
		},
		{
			"id": "headBraidRight",
			"parent": "headBraidRight_cpm_dummy",
			"rotation": [0, 0, 25],
			"boxes": [
				{
					"textureOffset": [0, 80],
					"coordinates": [-1, 0.5, 0.5, 1, 1, 1]
				},
				{
					"textureOffset": [4, 74],
					"coordinates": [-1.5, -2.5, 1, 2, 3, 2]
				},
				{
					"textureOffset": [4, 79],
					"coordinates": [-0.5, -3, 1, 1, 1, 2]
				}
			]
		},
		{
			"id": "body_c",
			"parent": "body",
			"texture": "tex.sunny_milk",
			"scale": [1.33333, 1.33333, 1.33333],
			"boxes": [],
			"position": [0, -7.5, 0]
		},
		{
			"id": "body_c_chestplate_body",
			"parent": "body_c",
			"attached": ["armor_body_all"],
			"scale": [0.75, 0.75, 1.05],
			"position": [0, 10, 0]
		},
		{
			"id": "body_c_cape_elytra",
			"parent": "body_c_chestplate_body",
			"attached": ["cape", "elytra"],
			"texture": "tex.skin"
		},
		{
			"id": "body_c_parrot_left",
			"parent": "body_c",
			"attached": ["shoulder_parrot_left"],
			"position": [-6.5, 10, 0],
			"scale": [0.75, 0.75, 0.75]
		},
		{
			"id": "body_c_parrot_right",
			"parent": "body_c",
			"attached": ["shoulder_parrot_right"],
			"position": [6.5, 10, 0],
			"scale": [0.75, 0.75, 0.75]
		},
		{
			"id": "bodyRibbonFrontRight_cpm_dummy",
			"parent": "body_c",
			"position": [0, 6.5, -3.5]
		},
		{
			"id": "bodyRibbonFrontRight",
			"parent": "bodyRibbonFrontRight_cpm_dummy",
			"rotation": [0, -15, 15],
			"boxes": [
				{
					"textureOffset": [24, 93],
					"coordinates": [-0.5, -2, 1, 1, 2, 1]
				}
			]
		},
		{
			"id": "bodyRibbonFrontLeft_cpm_dummy",
			"parent": "body_c",
			"position": [0, 6.5, -3.5]
		},
		{
			"id": "bodyRibbonFrontLeft",
			"parent": "bodyRibbonFrontLeft_cpm_dummy",
			"rotation": [0, -15, -15],
			"boxes": [
				{
					"textureOffset": [28, 93],
					"coordinates": [-0.5, -2, 1, 1, 2, 1]
				}
			]
		},
		{
			"id": "ribbonBackRight_cpm_dummy",
			"parent": "body_c",
			"position": [0, 0, 5]
		},
		{
			"id": "ribbonBackRight",
			"parent": "ribbonBackRight_cpm_dummy",
			"rotation": [20, 20, 20],
			"boxes": [
				{
					"textureOffset": [8, 111],
					"coordinates": [0, 0, 0.5, 5, 3, 1]
				}
			]
		},
		{
			"id": "ribbonBackLeft_cpm_dummy",
			"parent": "body_c",
			"position": [0, 0, 5]
		},
		{
			"id": "ribbonBackLeft",
			"parent": "ribbonBackLeft_cpm_dummy",
			"rotation": [-20, 20, -20],
			"boxes": [
				{
					"textureOffset": [8, 107],
					"coordinates": [-5, 0, 0.5, 5, 3, 1]
				}
			]
		},
		{
			"id": "boneRight_cpm_dummy",
			"parent": "body_c",
			"position": [1, 0, -4.5]
		},
		{
			"id": "boneRight",
			"parent": "boneRight_cpm_dummy",
			"rotation": [0, -30, 20],
			"boxes": [
				{
					"textureOffset": [32, 94],
					"coordinates": [-1, -0.5, 0, 1, 1, 0.001]
				}
			]
		},
		{
			"id": "boneLeft_cpm_dummy",
			"parent": "body_c",
			"position": [-1, 0, -4.5]
		},
		{
			"id": "boneLeft",
			"parent": "boneLeft_cpm_dummy",
			"rotation": [0, -30, -20],
			"boxes": [
				{
					"textureOffset": [34, 94],
					"coordinates": [0, -0.5, 0, 1, 1, 0.001]
				}
			]
		},
		{
			"id": "dress",
			"parent": "body_c",
			"boxes": [
				{
					"textureOffset": [0, 85],
					"coordinates": [-3, 1.5, 3, 6, 6, 6]
				},
				{
					"textureOffset": [40, 74],
					"coordinates": [2.5, 7, 3.5, 1, 1, 7]
				},
				{
					"textureOffset": [72, 74],
					"coordinates": [-4, -1.5, 4, 8, 3, 8]
				},
				{
					"textureOffset": [0, 58],
					"coordinates": [-5, -6.5, 5, 10, 6, 10]
				},
				{
					"textureOffset": [24, 85],
					"coordinates": [-4, -3.5, 2, 8, 2, 4]
				},
				{
					"textureOffset": [60, 121],
					"coordinates": [0.5, -7.5, -4.5, 1, 1, 1]
				},
				{
					"textureOffset": [56, 121],
					"coordinates": [-1.5, -7.5, -4.5, 1, 1, 1]
				},
				{
					"textureOffset": [52, 121],
					"coordinates": [2.5, -7.5, -4.5, 1, 1, 1]
				},
				{
					"textureOffset": [48, 121],
					"coordinates": [-3.5, -7.5, -4.5, 1, 1, 1]
				},
				{
					"textureOffset": [44, 121],
					"coordinates": [4.5, -7.5, -4.5, 1, 1, 1]
				},
				{
					"textureOffset": [40, 121],
					"coordinates": [-5.5, -7.5, -4.5, 1, 1, 1]
				},
				{
					"textureOffset": [36, 121],
					"coordinates": [-5.5, -7.5, -2.5, 1, 1, 1]
				},
				{
					"textureOffset": [32, 121],
					"coordinates": [-5.5, -7.5, -0.5, 1, 1, 1]
				},
				{
					"textureOffset": [28, 121],
					"coordinates": [-5.5, -7.5, 1.5, 1, 1, 1]
				},
				{
					"textureOffset": [24, 121],
					"coordinates": [-5.5, -7.5, 3.5, 1, 1, 1]
				},
				{
					"textureOffset": [20, 121],
					"coordinates": [-5.5, -7.5, 5.5, 1, 1, 1]
				},
				{
					"textureOffset": [16, 121],
					"coordinates": [-3.5, -7.5, 5.5, 1, 1, 1]
				},
				{
					"textureOffset": [12, 121],
					"coordinates": [-1.5, -7.5, 5.5, 1, 1, 1]
				},
				{
					"textureOffset": [8, 121],
					"coordinates": [0.5, -7.5, 5.5, 1, 1, 1]
				},
				{
					"textureOffset": [4, 121],
					"coordinates": [2.5, -7.5, 5.5, 1, 1, 1]
				},
				{
					"textureOffset": [0, 121],
					"coordinates": [4.5, -7.5, 5.5, 1, 1, 1]
				},
				{
					"textureOffset": [34, 117],
					"coordinates": [4.5, -7.5, 3.5, 1, 1, 1]
				},
				{
					"textureOffset": [30, 119],
					"coordinates": [4.5, -7.5, 1.5, 1, 1, 1]
				},
				{
					"textureOffset": [30, 117],
					"coordinates": [4.5, -7.5, -0.5, 1, 1, 1]
				},
				{
					"textureOffset": [26, 119],
					"coordinates": [4.5, -7.5, -2.5, 1, 1, 1]
				},
				{
					"textureOffset": [26, 117],
					"coordinates": [-0.5, 0, 5, 1, 1, 1]
				},
				{
					"textureOffset": [56, 74],
					"coordinates": [-3.5, 7, 3.5, 1, 1, 7]
				},
				{
					"textureOffset": [20, 107],
					"coordinates": [2.5, 4, -2.5, 1, 3, 1]
				},
				{
					"textureOffset": [24, 107],
					"coordinates": [-3.5, 4, -2.5, 1, 3, 1]
				},
				{
					"textureOffset": [24, 91],
					"coordinates": [-0.5, 6, -2.5, 1, 1, 1]
				},
				{
					"textureOffset": [32, 91],
					"coordinates": [-1, 0, -3.5, 2, 1, 1]
				},
				{
					"textureOffset": [54, 97],
					"coordinates": [-5.5, -7, 5.5, 11, 1, 11]
				},
				{
					"textureOffset": [64, 121],
					"coordinates": [4.5, -3, -4.5, 1, 1, 1]
				},
				{
					"textureOffset": [68, 121],
					"coordinates": [2.5, -3, -4.5, 1, 1, 1]
				},
				{
					"textureOffset": [80, 121],
					"coordinates": [-3.5, -3, -4.5, 1, 1, 1]
				},
				{
					"textureOffset": [84, 121],
					"coordinates": [-5.5, -3, -4.5, 1, 1, 1]
				},
				{
					"textureOffset": [88, 121],
					"coordinates": [-5.5, -3, -2.5, 1, 1, 1]
				},
				{
					"textureOffset": [92, 121],
					"coordinates": [-5.5, -3, -0.5, 1, 1, 1]
				},
				{
					"textureOffset": [96, 121],
					"coordinates": [-5.5, -3, 1.5, 1, 1, 1]
				},
				{
					"textureOffset": [100, 121],
					"coordinates": [-5.5, -3, 3.5, 1, 1, 1]
				},
				{
					"textureOffset": [64, 119],
					"coordinates": [-5.5, -3, 5.5, 1, 1, 1]
				},
				{
					"textureOffset": [68, 119],
					"coordinates": [-3.5, -3, 5.5, 1, 1, 1]
				},
				{
					"textureOffset": [80, 119],
					"coordinates": [2.5, -3, 5.5, 1, 1, 1]
				},
				{
					"textureOffset": [84, 119],
					"coordinates": [4.5, -3, 5.5, 1, 1, 1]
				},
				{
					"textureOffset": [88, 119],
					"coordinates": [4.5, -3, 3.5, 1, 1, 1]
				},
				{
					"textureOffset": [92, 119],
					"coordinates": [4.5, -3, 1.5, 1, 1, 1]
				},
				{
					"textureOffset": [96, 119],
					"coordinates": [4.5, -3, -0.5, 1, 1, 1]
				},
				{
					"textureOffset": [100, 119],
					"coordinates": [4.5, -3, -2.5, 1, 1, 1]
				}
			]
		},
		{
			"id": "wingRight_cpm_dummy",
			"parent": "body_c",
			"position": [0, 3, 3]
		},
		{
			"id": "wingRight",
			"parent": "wingRight_cpm_dummy",
			"rotation": ["-todeg(cos(age*0.3)*0.2+1)", 0, 0],
			"boxes": [
				{
					"textureOffset": [0, 0],
					"coordinates": [0.26795, 0, 21, 0.001, 12, 20]
				},
				{
					"textureOffset": [0, 32],
					"coordinates": [-0.73205, -10, 17, 0.001, 10, 16]
				}
			]
		},
		{
			"id": "wingLeft_cpm_dummy",
			"parent": "body_c",
			"position": [0, 3, 3]
		},
		{
			"id": "wingLeft",
			"parent": "wingLeft_cpm_dummy",
			"rotation": ["todeg(cos(age*0.3)*0.2+1)", 0, 0],
			"boxes": [
				{
					"textureOffset": [40, 0],
					"coordinates": [-0.26795, 0, 21, 0.001, 12, 20]
				},
				{
					"textureOffset": [32, 32],
					"coordinates": [0.73205, -10, 17, 0.001, 10, 16]
				}
			]
		},
		{
			"id": "right_arm_c",
			"parent": "right_arm",
			"texture": "tex.sunny_milk",
			"scale": [1.33333, 1.33333, 1.33333],
			"rotation": [0, 0, "var.right_arm_roll"],
			"boxes": [
				{
					"textureOffset": [0, 107],
					"coordinates": [0, -8.5, 1, 2, 8, 2]
				},
				{
					"textureOffset": [40, 97],
					"coordinates": [-0.5, -3.5, 1.5, 3, 3, 3]
				},
				{
					"textureOffset": [72, 89],
					"coordinates": [-1, -7.5, 2, 4, 4, 4]
				}
			]
		},
		{
			"id": "right_arm_c_chestplate_right",
			"parent": "right_arm_c",
			"attached": ["chestplate_right_arm"],
			"position": [0, -2, 0],
			"scale": [0.75, 0.75, 0.75]
		},
		{
			"id": "right_arm_c_item_right",
			"parent": "right_arm_c",
			"attached": ["held_item_right"],
			"position": [1, -12, -1],
			"scale": [0.75, 0.75, 0.75]
		},
		{
			"id": "left_arm_c",
			"parent": "left_arm",
			"texture": "tex.sunny_milk",
			"scale": [1.33333, 1.33333, 1.33333],
			"rotation": [0, 0, "var.left_arm_roll"],
			"boxes": [
				{
					"textureOffset": [32, 97],
					"coordinates": [-2, -8.5, 1, 2, 8, 2]
				},
				{
					"textureOffset": [16, 101],
					"coordinates": [-2.5, -3.5, 1.5, 3, 3, 3]
				},
				{
					"textureOffset": [88, 89],
					"coordinates": [-3, -7.5, 2, 4, 4, 4]
				}
			]
		},
		{
			"id": "left_arm_c_chestplate_left",
			"parent": "left_arm_c",
			"attached": ["chestplate_left_arm"],
			"position": [0, -2, 0],
			"scale": [0.75, 0.75, 0.75]
		},
		{
			"id": "left_arm_c_item_left",
			"parent": "left_arm_c",
			"attached": ["held_item_left"],
			"position": [-1, -12, -1],
			"scale": [0.75, 0.75, 0.75]
		},
		{
			"id": "left_leg_c",
			"parent": "left_leg",
			"texture": "tex.sunny_milk",
			"scale": [1.33333, 1.33333, 1.33333],
			"boxes": [
				{
					"textureOffset": [60, 85],
					"coordinates": [-1.5, -9, 1.5, 3, 9, 3]
				}
			]
		},
		{
			"id": "left_leg_c_legging_left",
			"parent": "left_leg_c",
			"attached": ["armor_left_leg_all"],
			"scale": [0.75, 0.75, 0.75]
		},
		{
			"id": "right_leg_c",
			"parent": "right_leg",
			"texture": "tex.sunny_milk",
			"scale": [1.33333, 1.33333, 1.33333],
			"boxes": [
				{
					"textureOffset": [48, 85],
					"coordinates": [-1.5, -9, 1.5, 3, 9, 3]
				}
			]
		},
		{
			"id": "right_leg_c_legging_right",
			"parent": "right_leg_c",
			"attached": ["armor_right_leg_all"],
			"scale": [0.75, 0.75, 0.75]
		}
	]
}