{
    "id": 137,
    "name": "Sapient Chicken",
    "version": "",
    "author": "WolfKat",
    "desc": "Thoroughly tested on Forge 1.12.2. Approach usage with caution on other versions or Fabric, maybe! I haven\\'t tested elsewhere.\\r\\n\\r\\nThis model is quite simple and took loose guidance from the Vanilla chickens of MC. There will be obvious differences while still fitting well into the game\\'s Vanilla visual style.\\r\\n\\r\\nMy custom chicken here is known as a \\\"Sapient Chicken.\\\" I originally created this for a close friend of mine, and decided this would be fun to share with others on this site. It\\'s my second time creating a cusom model after finding this CPM mod in the past week. My first one is a personal model that\\'s a bit messy, but taught me a lot on how the system works and I got to apply what I learned, to this little fellow.\\r\\n\\r\\nLittle unique touches to Sapient Chicken:\\r\\n- It bobs its head when moving around!\\r\\n- The body language will change depending on having low hunger and/or health.\\r\\n(I intend to use these health/hunger states for all my models)\\r\\n- The beak is an actual mouth that can open and close for the animations on this model.\\r\\n- All Vanilla armor has its own custom-fitted models on the chicken with its own textures!\\r\\n(You can freely edit these textures if you want to make them unique - just don\\'t change the file names)\\r\\n-- Note: Leather won\\'t be dyeable. I wasn\\'t quite sure if there\\'d be a way to make that work from what I have learned/practiced so far...\\r\\n- Watch the feathery friend as it\\'s in the air! It has its own flapping wings that can still show the held items properly.",
    "tags": "chicken;bird;avian;animal;custom armor;wolfkat",
    "likes": 138,
    "legacy": true
}