{
	"modelId": "kawasiro_nitori",
	"modelName": "Kawasiro Nitori",
	"version": "1.0.0",
	"author": "Succinum, ZeniCrow, Paulzzh, Tian_mi",
	"hide": ["model_all", "feature_all"],
	"skeleton": {
		"right_arm_all": [4, -0.66667, 0],
		"left_arm_all": [-4, -0.66667, 0]
	},
	"variables": {
		"left_arm_roll": "if(is_first_person,0,-25)",
		"right_arm_roll": "if(is_first_person,0,25)"
	},
	"bones": [
		{
			"id": "head_c",
			"parent": "head",
			"texture": "tex.kawasiro_nitori",
			"scale": [1.33333, 1.33333, 1.33333],
			"boxes": [
				{
					"textureOffset": [40, 0],
					"coordinates": [-4, 0, 4, 8, 8, 8]
				}
			]
		},
		{
			"id": "head_c_helmet_hat",
			"parent": "head_c",
			"attached": ["helmet_all", "head_wearing"]
		},
		{
			"id": "hairRight_cpm_dummy",
			"parent": "head_c",
			"position": [4, 6, 0]
		},
		{
			"id": "hairRight",
			"parent": "hairRight_cpm_dummy",
			"rotation": [0, 0, 15],
			"boxes": [
				{
					"textureOffset": [10, 60],
					"coordinates": [-0.06815, -6.51764, 1, 2, 6, 3]
				}
			]
		},
		{
			"id": "hairLeft_cpm_dummy",
			"parent": "head_c",
			"position": [-4, 6, 0]
		},
		{
			"id": "hairLeft",
			"parent": "hairLeft_cpm_dummy",
			"rotation": [0, 0, -15],
			"boxes": [
				{
					"textureOffset": [0, 60],
					"coordinates": [-1.93185, -6.51764, 1, 2, 6, 3]
				}
			]
		},
		{
			"id": "decoration",
			"parent": "head_c",
			"boxes": [
				{
					"textureOffset": [42, 70],
					"coordinates": [4, 5, -2, 1, 1, 1]
				},
				{
					"textureOffset": [12, 74],
					"coordinates": [-5, 5, -2, 1, 1, 1]
				},
				{
					"textureOffset": [42, 72],
					"coordinates": [-6, 6, -1, 1, 1, 1]
				},
				{
					"textureOffset": [0, 74],
					"coordinates": [5, 6, -1, 1, 1, 1]
				}
			]
		},
		{
			"id": "cap",
			"parent": "head_c",
			"boxes": [
				{
					"textureOffset": [0, 16],
					"coordinates": [-4.5, 6, 4.5, 9, 3, 9]
				},
				{
					"textureOffset": [0, 41],
					"coordinates": [-4.5, 6, -4.5, 9, 0.001, 3]
				}
			]
		},
		{
			"id": "right_arm_c",
			"parent": "right_arm",
			"texture": "tex.kawasiro_nitori",
			"scale": [1.33333, 1.33333, 1.33333],
			"rotation": [0, 0, "var.right_arm_roll"],
			"boxes": [
				{
					"textureOffset": [20, 60],
					"coordinates": [0, -8, 1, 2, 8, 2]
				}
			]
		},
		{
			"id": "right_arm_c_chestplate_right",
			"parent": "right_arm_c",
			"attached": ["chestplate_right_arm"],
			"position": [0, -2, 0],
			"scale": [0.75, 0.75, 0.75]
		},
		{
			"id": "right_arm_c_item_right",
			"parent": "right_arm_c",
			"attached": ["held_item_right"],
			"position": [1, -12, -1],
			"scale": [0.75, 0.75, 0.75]
		},
		{
			"id": "left_arm_c",
			"parent": "left_arm",
			"texture": "tex.kawasiro_nitori",
			"scale": [1.33333, 1.33333, 1.33333],
			"rotation": [0, 0, "var.left_arm_roll"],
			"boxes": [
				{
					"textureOffset": [28, 60],
					"coordinates": [-2, -8, 1, 2, 8, 2]
				}
			]
		},
		{
			"id": "left_arm_c_chestplate_left",
			"parent": "left_arm_c",
			"attached": ["chestplate_left_arm"],
			"position": [0, -2, 0],
			"scale": [0.75, 0.75, 0.75]
		},
		{
			"id": "left_arm_c_item_left",
			"parent": "left_arm_c",
			"attached": ["held_item_left"],
			"position": [-1, -12, -1],
			"scale": [0.75, 0.75, 0.75]
		},
		{
			"id": "body_c",
			"parent": "body",
			"texture": "tex.kawasiro_nitori",
			"scale": [1.33333, 1.33333, 1.33333],
			"boxes": [
				{
					"textureOffset": [0, 28],
					"coordinates": [-3, 0.5, 3, 6, 7, 6]
				},
				{
					"textureOffset": [36, 16],
					"coordinates": [-4, -1.5, 4, 8, 2, 8]
				},
				{
					"textureOffset": [0, 0],
					"coordinates": [-5, -3.5, 5, 10, 2, 10]
				},
				{
					"textureOffset": [48, 28],
					"coordinates": [-4, -3.5, 2, 8, 2, 4]
				},
				{
					"textureOffset": [24, 70],
					"coordinates": [1, -1.5, -3.5, 2, 2, 1]
				},
				{
					"textureOffset": [18, 70],
					"coordinates": [-3, -1.5, -3.5, 2, 2, 1]
				},
				{
					"textureOffset": [12, 70],
					"coordinates": [-4.5, -1.5, -1, 1, 2, 2]
				},
				{
					"textureOffset": [6, 70],
					"coordinates": [-4.5, -1.5, 3, 1, 2, 2]
				},
				{
					"textureOffset": [36, 60],
					"coordinates": [3.5, -1.5, -1, 1, 2, 2]
				},
				{
					"textureOffset": [0, 70],
					"coordinates": [3.5, -1.5, 3, 1, 2, 2]
				}
			],
			"position": [0, -7.5, 0]
		},
		{
			"id": "body_c_chestplate_body",
			"parent": "body_c",
			"attached": ["armor_body_all"],
			"scale": [0.75, 0.75, 1.05],
			"position": [0, 10, 0]
		},
		{
			"id": "body_c_cape_elytra",
			"parent": "body_c_chestplate_body",
			"attached": ["cape", "elytra"],
			"texture": "tex.skin"
		},
		{
			"id": "body_c_parrot_left",
			"parent": "body_c",
			"attached": ["shoulder_parrot_left"],
			"position": [-6.5, 10, 0],
			"scale": [0.75, 0.75, 0.75]
		},
		{
			"id": "body_c_parrot_right",
			"parent": "body_c",
			"attached": ["shoulder_parrot_right"],
			"position": [6.5, 10, 0],
			"scale": [0.75, 0.75, 0.75]
		},
		{
			"id": "bag",
			"parent": "body_c",
			"boxes": [
				{
					"textureOffset": [24, 28],
					"coordinates": [-4, 1.5, 7, 8, 6, 4]
				},
				{
					"textureOffset": [48, 41],
					"coordinates": [-4, 4.5, 8, 8, 3, 1]
				},
				{
					"textureOffset": [14, 53],
					"coordinates": [-4, 6.5, 3, 1, 1, 6]
				},
				{
					"textureOffset": [0, 53],
					"coordinates": [-4, 2.5, 3, 1, 1, 6]
				},
				{
					"textureOffset": [42, 53],
					"coordinates": [3, 2.5, 3, 1, 1, 6]
				},
				{
					"textureOffset": [28, 53],
					"coordinates": [3, 6.5, 3, 1, 1, 6]
				}
			]
		},
		{
			"id": "key",
			"parent": "bag",
			"boxes": [
				{
					"textureOffset": [8, 74],
					"coordinates": [-0.5, 5, -3, 1, 1, 1]
				},
				{
					"textureOffset": [38, 70],
					"coordinates": [0.5, 3, -3, 1, 3, 1]
				},
				{
					"textureOffset": [30, 70],
					"coordinates": [-1.5, 3, -3, 1, 3, 1]
				},
				{
					"textureOffset": [34, 70],
					"coordinates": [-0.5, 1, -3, 1, 3, 1]
				},
				{
					"textureOffset": [4, 74],
					"coordinates": [-1.5, 1.5, -3, 1, 1, 1]
				}
			]
		},
		{
			"id": "left_leg_c",
			"parent": "left_leg",
			"texture": "tex.kawasiro_nitori",
			"scale": [1.33333, 1.33333, 1.33333],
			"boxes": [
				{
					"textureOffset": [36, 41],
					"coordinates": [-1.5, -9, 1.5, 3, 9, 3]
				}
			]
		},
		{
			"id": "left_leg_c_legging_left",
			"parent": "left_leg_c",
			"attached": ["armor_left_leg_all"],
			"scale": [0.75, 0.75, 0.75]
		},
		{
			"id": "right_leg_c",
			"parent": "right_leg",
			"texture": "tex.kawasiro_nitori",
			"scale": [1.33333, 1.33333, 1.33333],
			"boxes": [
				{
					"textureOffset": [24, 41],
					"coordinates": [-1.5, -9, 1.5, 3, 9, 3]
				}
			]
		},
		{
			"id": "right_leg_c_legging_right",
			"parent": "right_leg_c",
			"attached": ["armor_right_leg_all"],
			"scale": [0.75, 0.75, 0.75]
		}
	]
}