{
    "id": 136,
    "name": "Professor Layton (Vanilla-Styled)",
    "version": "1",
    "author": "eros744",
    "desc": "A vanilla-styled version of a Professor Layton skin by Vinvice ( https://www.planetminecraft.com/skin/professor-layton-3285876/ ). The hat and legs are larger than usual to fit the character better, also adds a 3D peak for the hat.\\r\\n\\r\\nThis is my first model, so there\\'s not any special effects or anything.",
    "tags": "layton;nintendo;vanilla;",
    "likes": 43,
    "legacy": true
}