{
	"name": "okami amaterasu",
	"version": "1.0",
	"author": [ "zerustu" ],
	"description": "if it isn't mother Amaterasu",
	"skeleton": {
		"type": "biped",
		"param": {
			"leg_length": 8,
			"leg_interval": 6.5,
			"leg_offset": 6,
			"body_pivot_height": 10,
			"body_offset": -2,
			"arm_pivot_height": 8,
			"arm_interval": 6.5,
			"arm_offset": -10,
			"arm_length": 8,
			"head_pivot_height": 11.5,
			"head_offset": -6
		},
		"attachments": {
			"chestplate_body":[],
			"leggings_left":[],
			"leggings_right":[],
			"boots_left":[],
			"boots_right":[],
			"item_right":["main_item"],
			"item_left":["off_item"]
		}
	},
	"size":{
		"standing": [0.7, 0.9],
		"sneaking": [0.7, 0.8],
		"swimming": [0.7, 0.7]
	},
	"eye_height":{
		"standing": [0.775, 1],
		"sneaking": [0.6, 0.47625]
	},
	"parts": [
		{
		"name": "amaterasu.geo",
		"texture": "amaterasu"
		},
		{
		"name": "sword.geo",
		"texture": "diamond_sword"
		}
	],
	"particles" :[
		
				{
					"name": "issun_par",
					"parent": "issun",
					"texture": "issun",
					"position_range": [0.2, 0, 0],
					"direction_range": 0,
					"angle": [0, 90],
					"speed": [0.2, 0.2],
					"rotation_speed": [0, 0],
					"life_span": [15, 15],
					"density": 0,
					"size": [4,5],
					"animation": [2, 3],
					"color": [
						[0, 0],
						[1, 1],
						[0, 0],
						[0.9, 1]
					],
					"gravity": 0.6,
					"collide": false
				}
			],
			"shadow_size": 1.2
}