{
	"format_version": "1.12.0",
	"minecraft:geometry": [
		{
			"description": {
				"identifier": "geometry.wolf",
				"texture_width": 32,
				"texture_height": 32,
				"visible_bounds_width": 5,
				"visible_bounds_height": 3,
				"visible_bounds_offset": [0, 0.5, 0]
			},
			"bones": [
				{
					"name": "body_sword",
					"pivot": [0, 10, 2],
					"rotation": [90, 0, 0]
				},
				{
					"name": "sword_anim",
					"parent": "body_sword",
					"pivot": [0, 10, 2],
					"rotation": [0, 0, 0]
				},
				{
					"name": "sword",
					"parent": "sword_anim",
					"pivot": [0, 14.5, 1.5],
					"rotation": [-4.95744, 0.65182, 37.47178],
					"cubes": [
						{"origin": [-2, 5.5, 1.5], "size": [4, 6, 2], "uv": [0, 0]},
						{"origin": [-2, 2, 1.5], "size": [4, 4, 2], "inflate": 0.1, "uv": [0, 8]},
						{"origin": [-1.5, 13, 1.5], "size": [3, 3, 2], "uv": [12, 0]},
						{"origin": [-1, 17.5, 1.5], "size": [2, 4, 2], "uv": [12, 9]},
						{"origin": [-2, 17.5, 1.5], "size": [4, 1, 2], "uv": [10, 6]},
						{"origin": [-1, 23.5, 1.5], "size": [2, 2, 2], "uv": [0, 20]},
						{"origin": [-1.5, 23, 1.5], "size": [3, 1, 2], "uv": [8, 15]},
						{"origin": [-5, 18.5, 1.5], "size": [2, 2, 2], "uv": [6, 18], "mirror": true},
						{"origin": [3, 18.5, 1.5], "size": [2, 2, 2], "uv": [6, 18]},
						{"origin": [2, 10.5, 1.5], "size": [1, 2, 2], "uv": [20, 11]},
						{"origin": [3, 11.5, 1.5], "size": [1, 4, 2], "uv": [16, 16]},
						{"origin": [4, 12.5, 1.5], "size": [1, 2, 2], "uv": [20, 7]},
						{"origin": [-5, 12.5, 1.5], "size": [1, 2, 2], "uv": [20, 7], "mirror": true},
						{"origin": [-3, 10.5, 1.5], "size": [1, 2, 2], "uv": [20, 11], "mirror": true},
						{"origin": [-4, 11.5, 1.5], "size": [1, 4, 2], "uv": [16, 16], "mirror": true}
					]
				},
				{
					"name": "point_1",
					"parent": "sword",
					"pivot": [-1, 2, 2.5],
					"rotation": [0, 0, -17.5],
					"cubes": [
						{"origin": [-2, -1.5, 1.5], "size": [2, 4, 2], "uv": [0, 14], "mirror": true}
					]
				},
				{
					"name": "point_2",
					"parent": "sword",
					"pivot": [1, 2, 2.5],
					"rotation": [0, 0, 17.5],
					"cubes": [
						{"origin": [0, -1.5, 1.5], "size": [2, 4, 2], "uv": [0, 14]}
					]
				},
				{
					"name": "point_3",
					"parent": "sword",
					"pivot": [0, -1.5, 2.5],
					"rotation": [0, 0, -45],
					"cubes": [
						{"origin": [-1, -2.5, 1.5], "size": [2, 2, 2], "inflate": -0.3, "uv": [20, 3]}
					]
				},
				{
					"name": "the_ring",
					"parent": "sword",
					"pivot": [0, 18.6, 2.5],
					"rotation": [0, 0, 0]
				},
				{
					"name": "the_ring_1",
					"parent": "the_ring",
					"pivot": [0, 14.6, 2.5],
					"cubes": [
						{"origin": [-1.5, 14.1, 2], "size": [3, 1, 1], "inflate": -0.2, "uv": [20, 0]}
					]
				},
				{
					"name": "the_ring_2",
					"parent": "the_ring",
					"pivot": [-4, 18.6, 2.5],
					"rotation": [0, 0, 90],
					"cubes": [
						{"origin": [-5.5, 18.1, 2], "size": [3, 1, 1], "inflate": -0.2, "uv": [20, 0]}
					]
				},
				{
					"name": "the_ring_3",
					"parent": "the_ring",
					"pivot": [-3.4, 16.55, 2.5],
					"rotation": [0, 0, 60],
					"cubes": [
						{"origin": [-4.9, 16.05, 2], "size": [3, 1, 1], "inflate": -0.2, "uv": [20, 0]}
					]
				},
				{
					"name": "the_ring_4",
					"parent": "the_ring",
					"pivot": [-1.95, 15.1, 2.5],
					"rotation": [0, 0, 30],
					"cubes": [
						{"origin": [-3.45, 14.6, 2], "size": [3, 1, 1], "inflate": -0.2, "uv": [20, 0]}
					]
				},
				{
					"name": "the_ring_5",
					"parent": "the_ring",
					"pivot": [1.95, 15.1, 2.5],
					"rotation": [0, 0, -30],
					"cubes": [
						{"origin": [0.45, 14.6, 2], "size": [3, 1, 1], "inflate": -0.2, "uv": [20, 0]}
					]
				},
				{
					"name": "the_ring_6",
					"parent": "the_ring",
					"pivot": [3.4, 16.55, 2.5],
					"rotation": [0, 0, -60],
					"cubes": [
						{"origin": [1.9, 16.05, 2], "size": [3, 1, 1], "inflate": -0.2, "uv": [20, 0]}
					]
				},
				{
					"name": "the_ring_7",
					"parent": "the_ring",
					"pivot": [4, 18.6, 2.5],
					"rotation": [0, 0, -90],
					"cubes": [
						{"origin": [2.5, 18.1, 2], "size": [3, 1, 1], "inflate": -0.2, "uv": [20, 0]}
					]
				},
				{
					"name": "the_ring_8",
					"parent": "the_ring",
					"pivot": [0, 22.6, 2.5],
					"rotation": [0, 0, -180],
					"cubes": [
						{"origin": [-1.5, 22.1, 2], "size": [3, 1, 1], "inflate": -0.2, "uv": [20, 0]}
					]
				},
				{
					"name": "the_ring_9",
					"parent": "the_ring",
					"pivot": [-3.4, 20.65, 2.5],
					"rotation": [0, 0, 120],
					"cubes": [
						{"origin": [-4.9, 20.15, 2], "size": [3, 1, 1], "inflate": -0.2, "uv": [20, 0]}
					]
				},
				{
					"name": "the_ring_10",
					"parent": "the_ring",
					"pivot": [-1.95, 22.1, 2.5],
					"rotation": [0, 0, 150],
					"cubes": [
						{"origin": [-3.45, 21.6, 2], "size": [3, 1, 1], "inflate": -0.2, "uv": [20, 0]}
					]
				},
				{
					"name": "the_ring_11",
					"parent": "the_ring",
					"pivot": [1.95, 22.1, 2.5],
					"rotation": [0, 0, -150],
					"cubes": [
						{"origin": [0.45, 21.6, 2], "size": [3, 1, 1], "inflate": -0.2, "uv": [20, 0]}
					]
				},
				{
					"name": "the_ring_12",
					"parent": "the_ring",
					"pivot": [3.4, 20.65, 2.5],
					"rotation": [0, 0, -120],
					"cubes": [
						{"origin": [1.9, 20.15, 2], "size": [3, 1, 1], "inflate": -0.2, "uv": [20, 0]}
					]
				}
			]
		}
	]
}