{
	"format_version": "1.12.0",
	"minecraft:geometry": [
		{
			"description": {
				"identifier": "geometry.unknown",
				"texture_width": 64,
				"texture_height": 64,
				"visible_bounds_width": 3,
				"visible_bounds_height": 3.5,
				"visible_bounds_offset": [0, 1.25, 0]
			},
			"bones": [
			{
				"name": "head_c",
				"pivot": [0, 24, 0],
				"cubes": [
					{"origin": [-1.5, 23.5, -2], "size": [3, 2, 3], "uv": [3, 20], "inflate": 0.1},
					{"origin": [-3, 25, -2], "size": [6, 7, 5], "uv": [0, 0]},
					{"origin": [-2, 27, 2.7], "size": [4, 4, 1], "uv": [12, 5]}
				]
			},
			{
				"name": "left_fin",
				"parent": "head_c",
				"pivot": [3, 27, 0],
				"rotation": [10, 15, 0],
				"cubes": [
					{"origin": [2.5, 25, -2], "size": [1, 3, 4], "uv": [16, 57]},
					{"origin": [2.5, 26, 2], "size": [1, 1, 1], "uv": [16, 59]},
					{"origin": [-1.4, 21.5, -5.5], "size": [9, 10, 10], "uv": [26, 23], "inflate": -4}
				]
			},
			{
				"name": "right_fin",
				"parent": "head_c",
				"pivot": [-2, 27, 0],
				"rotation": [10, -15, 0],
				"cubes": [
					{"origin": [-3.5, 25, -2], "size": [1, 3, 4], "uv": [16, 57], "mirror": true},
					{"origin": [-3.5, 26, 2], "size": [1, 1, 1], "uv": [16, 59], "mirror": true},
					{"origin": [-7.6, 21.5, -5.5], "size": [9, 10, 10], "uv": [26, 23], "inflate": -4, "mirror": true}
				]
			},
			{
				"name": "visor",
				"parent": "head_c",
				"pivot": [0, 24, 0],
				"cubes": [
					{"origin": [-3, 25, -6], "size": [6, 5, 4], "uv": [44, 0]}
				]
			},
			{
				"name": "visor_2",
				"parent": "visor",
				"pivot": [0, 24, 0],
				"rotation": [-10, 0, 0],
				"cubes": [
					{"origin": [-3, 24, -7], "size": [6, 5.6, 1], "uv": [21, 23]}
				]
			},
			{
				"name": "visor_3",
				"parent": "visor",
				"pivot": [0, 24, 0],
				"rotation": [17.5, 0, 0],
				"cubes": [
					{"origin": [-3, 30.2, -3.5], "size": [6, 2, 4], "uv": [0, 12]}
				]
			},
			{
				"name": "left_ear",
				"parent": "head_c",
				"pivot": [4, 32, 0],
				"rotation": [-42.5, 15, -10]
			},
			{
				"name": "bone",
				"parent": "left_ear",
				"pivot": [4, 32, 0],
				"cubes": [
					{"origin": [2, 31, -1], "size": [2, 5, 1], "uv": [58, 9]},
					{"origin": [2, 31, -1], "size": [1, 5, 4], "uv": [37, 5]},
					{"origin": [2.5, 36, 0], "size": [1, 1.5, 2.5], "uv": [28, 29]}
				]
			},
			{
				"name": "left_ear_floof",
				"parent": "bone",
				"pivot": [4, 32, 0]
			},
			{
				"name": "lfloof2",
				"parent": "left_ear_floof",
				"pivot": [4, 32, 0],
				"rotation": [-12.5, 20, 35],
				"cubes": [
					{"origin": [2, 33, 0], "size": [1, 2, 1], "uv": [0, 19], "inflate": 0.1}
				]
			},
			{
				"name": "lfloof1",
				"parent": "left_ear_floof",
				"pivot": [4, 32, 0],
				"rotation": [-12.5, 20, 12.5],
				"cubes": [
					{"origin": [3, 32, 0], "size": [1, 2, 1], "uv": [0, 19], "inflate": -0.1}
				]
			},
			{
				"name": "lfloof3",
				"parent": "left_ear_floof",
				"pivot": [4, 32, 0],
				"rotation": [-22.5, 65, 12.5],
				"cubes": [
					{"origin": [2, 33.5, -1], "size": [1, 2, 1], "uv": [0, 19], "inflate": -0.1}
				]
			},
			{
				"name": "right_ear",
				"parent": "head_c",
				"pivot": [-3, 32, 0],
				"rotation": [-42.5, -15, -10],
				"cubes": [
					{"origin": [-4, 31, -1], "size": [2, 5, 1], "uv": [58, 9], "mirror": true},
					{"origin": [-3, 31, -1], "size": [1, 5, 4], "uv": [37, 5], "mirror": true},
					{"origin": [-3.5, 36, 0], "size": [1, 1.5, 2.5], "uv": [28, 29], "mirror": true}
				]
			},
			{
				"name": "right_ear_floof",
				"parent": "right_ear",
				"pivot": [-3, 32, 0]
			},
			{
				"name": "rfloof1",
				"parent": "right_ear_floof",
				"pivot": [-3, 32, 0],
				"rotation": [-12.5, -20, -12.5],
				"cubes": [
					{"origin": [-4, 32, 0], "size": [1, 2, 1], "uv": [0, 19], "inflate": -0.1, "mirror": true}
				]
			},
			{
				"name": "rfloof2",
				"parent": "right_ear_floof",
				"pivot": [-3, 32, 0],
				"rotation": [-22.5, -65, -12.5],
				"cubes": [
					{"origin": [-3, 33.5, -1], "size": [1, 2, 1], "uv": [0, 19], "inflate": -0.1, "mirror": true}
				]
			},
			{
				"name": "rfloof3",
				"parent": "right_ear_floof",
				"pivot": [-3, 32, 0],
				"rotation": [-12.5, -20, -35],
				"cubes": [
					{"origin": [-3, 33, 0], "size": [1, 2, 1], "uv": [0, 19], "inflate": 0.1, "mirror": true}
				]
			},
			{
				"name": "square_hair",
				"parent": "head_c",
				"pivot": [0, 24, 0]
			},
			{
				"name": "hair_1",
				"parent": "square_hair",
				"pivot": [-1, 32, 2],
				"cubes": [
					{"origin": [-2.5, 31.5, 0.5], "size": [3, 1, 3], "uv": [5, 0]}
				]
			},
			{
				"name": "hair_6",
				"parent": "hair_1",
				"pivot": [1, 32, -1],
				"cubes": [
					{"origin": [0, 31.8, -1], "size": [1, 1, 1], "uv": [9, 2]}
				]
			},
			{
				"name": "hair_2",
				"parent": "hair_1",
				"pivot": [-1, 32, 2],
				"cubes": [
					{"origin": [-2, 32, 1], "size": [1, 1, 1], "uv": [9, 2]}
				]
			},
			{
				"name": "hair_3",
				"parent": "hair_1",
				"pivot": [-2, 32, 4],
				"cubes": [
					{"origin": [-2.8, 32, 2.9], "size": [1, 1, 1], "uv": [9, 2], "inflate": 0.1}
				]
			},
			{
				"name": "hair_4",
				"parent": "hair_1",
				"pivot": [1, 32, 4],
				"cubes": [
					{"origin": [0.2, 32, 2.6], "size": [1, 1, 1], "uv": [9, 2], "inflate": 0.2}
				]
			},
			{
				"name": "hair_5",
				"parent": "hair_4",
				"pivot": [2, 32, 3],
				"cubes": [
					{"origin": [0.4, 32.7, 3], "size": [1, 1, 1], "uv": [9, 2], "inflate": -0.2}
				]
			},
			{
				"name": "hair_7",
				"parent": "square_hair",
				"pivot": [-2, 30, 3],
				"cubes": [
					{"origin": [-3, 29.8, 3], "size": [1, 1, 1], "uv": [9, 2]}
				]
			},
			{
				"name": "body_c",
				"pivot": [0, 24, 0],
				"cubes": [
					{"origin": [-4, 18, -3], "size": [8, 6, 5], "uv": [0, 25]},
					{"origin": [-2, 14, -2], "size": [4, 4, 3], "uv": [0, 38]},
					{"origin": [-3, 17.5, -2.5], "size": [6, 1, 4], "uv": [28, 18]},
					{"origin": [-3, 11, -2.5], "size": [6, 4, 4], "uv": [10, 41]}
				]
			},
			{
				"name": "body_bot_2",
				"parent": "body_c",
				"pivot": [0, 12, -1.5],
				"rotation": [0, 0, 45],
				"cubes": [
					{"origin": [-2, 10, -2], "size": [4, 4, 3], "uv": [12, 50]}
				]
			},
			{
				"name": "tail_1",
				"parent": "body_c",
				"pivot": [0, 14, 1.5],
				"rotation": [-35, 0, 0],
				"cubes": [
					{"origin": [-1, 13, 1.5], "size": [2, 2, 2], "uv": [17, 1]}
				]
			},
			{
				"name": "tail_2",
				"parent": "tail_1",
				"pivot": [0, 14, 3.5],
				"rotation": [-7.5, 0, 0],
				"cubes": [
					{"origin": [-1.5, 12.5, 3.5], "size": [3, 3, 6], "uv": [22, 0]}
				]
			},
			{
				"name": "tail_3",
				"parent": "tail_2",
				"pivot": [0, 14, 8.5],
				"rotation": [-15, 0, 0],
				"cubes": [
					{"origin": [-1.5, 12.5, 9], "size": [3, 3, 6], "uv": [20, 9], "inflate": 0.2}
				]
			},
			{
				"name": "left_arm_c",
				"pivot": [6, 23.5, -0.5],
				"rotation": [0, 0, -2.5],
				"cubes": [
					{"origin": [4, 17, -2.5], "size": [4, 7, 4], "uv": [45, 11]},
					{"origin": [3.1, 17, -5.5], "size": [9, 10, 10], "uv": [26, 23], "inflate": -4}
				]
			},
			{
				"name": "left_arm_2",
				"parent": "left_arm_c",
				"pivot": [6, 17, -0.5],
				"rotation": [-7.5, 0, 0],
				"cubes": [
					{"origin": [4.5, 13.5, -2], "size": [3, 4, 3], "uv": [0, 46]},
					{"origin": [4.5, 10, -2], "size": [3, 5, 3], "uv": [23, 34], "inflate": -0.2}
				]
			},
			{
				"name": "left_paw",
				"parent": "left_arm_2",
				"pivot": [6, 11, -0.5]
			},
			{
				"name": "left_claws",
				"parent": "left_paw",
				"pivot": [-6, 11, -0.5]
			},
			{
				"name": "lpclaw1",
				"parent": "left_claws",
				"pivot": [6, 11, -0.5],
				"rotation": [62.5, 12.5, 0],
				"cubes": [
					{"origin": [5.2, 11.5, -2.5], "size": [1, 1, 1.5], "uv": [59, 43], "inflate": -0.2, "mirror": true}
				]
			},
			{
				"name": "lpclaw2",
				"parent": "left_claws",
				"pivot": [6, 11, -0.5],
				"rotation": [62.5, -32.5, 0],
				"cubes": [
					{"origin": [5.5, 11.5, -2.5], "size": [1, 1, 1.5], "uv": [59, 43], "inflate": -0.2, "mirror": true}
				]
			},
			{
				"name": "lpclaw3",
				"parent": "left_claws",
				"pivot": [6, 11, -0.5],
				"rotation": [62.5, -80, 0],
				"cubes": [
					{"origin": [5.5, 11.5, -2.5], "size": [1, 1, 1.5], "uv": [59, 43], "inflate": -0.2, "mirror": true}
				]
			},
			{
				"name": "left_item_c",
				"parent": "left_paw",
				"pivot": [6, 10, -0.5]
			},
			{
				"name": "right_arm_c",
				"pivot": [-6, 23.5, -0.5],
				"rotation": [0, 0, 2.5],
				"cubes": [
					{"origin": [-8, 17, -2.5], "size": [4, 7, 4], "uv": [45, 11], "mirror": true},
					{"origin": [-12.1, 17, -5.5], "size": [9, 10, 10], "uv": [26, 23], "inflate": -4, "mirror": true}
				]
			},
			{
				"name": "right_arm_2",
				"parent": "right_arm_c",
				"pivot": [-6, 17, -0.5],
				"rotation": [-7.5, 0, 0],
				"cubes": [
					{"origin": [-7.5, 13.5, -2], "size": [3, 4, 3], "uv": [0, 46], "mirror": true},
					{"origin": [-7.5, 10, -2], "size": [3, 5, 3], "uv": [23, 34], "inflate": -0.2, "mirror": true}
				]
			},
			{
				"name": "right_paw",
				"parent": "right_arm_2",
				"pivot": [-6, 11, -0.5],
				"cubes": [
					{"origin": [-7.5, 10, -2], "size": [3, 2, 3], "uv": [14, 36], "inflate": -0.2, "mirror": true}
				]
			},
			{
				"name": "right_claws",
				"parent": "right_paw",
				"pivot": [-6, 11, -0.5]
			},
			{
				"name": "rpclaw_1",
				"parent": "right_claws",
				"pivot": [-6, 11, -0.5],
				"rotation": [62.5, -12.5, 0],
				"cubes": [
					{"origin": [-6.2, 11.5, -2.5], "size": [1, 1, 1.5], "uv": [59, 43], "inflate": -0.2}
				]
			},
			{
				"name": "rpclaw_2",
				"parent": "right_claws",
				"pivot": [-6, 11, -0.5],
				"rotation": [62.5, 32.5, 0],
				"cubes": [
					{"origin": [-6.5, 11.5, -2.5], "size": [1, 1, 1.5], "uv": [59, 43], "inflate": -0.2}
				]
			},
			{
				"name": "rpclaw_3",
				"parent": "right_claws",
				"pivot": [-6, 11, -0.5],
				"rotation": [62.5, 80, 0],
				"cubes": [
					{"origin": [-6.5, 11.5, -2.5], "size": [1, 1, 1.5], "uv": [59, 43], "inflate": -0.2}
				]
			},
			{
				"name": "right_item_c",
				"parent": "right_paw",
				"pivot": [-6, 10, -0.5]
			},
			{
				"name": "left_leg_c",
				"pivot": [3, 12, 0]
			},
			{
				"name": "lleg1",
				"parent": "left_leg_c",
				"pivot": [3, 12, 0],
				"rotation": [-12.5, 0, 0],
				"cubes": [
					{"origin": [1, 5, -2], "size": [4, 7, 4], "uv": [0, 53], "mirror": true},
					{"origin": [0.1, 4, -5], "size": [9, 11, 10], "uv": [26, 43], "inflate": -4}
				]
			},
			{
				"name": "lleg2",
				"parent": "lleg1",
				"pivot": [3, 5, 0],
				"rotation": [77.5, 0, 0],
				"cubes": [
					{"origin": [2, 1.4, -0.8], "size": [2, 4, 2], "uv": [28, 47], "mirror": true}
				]
			},
			{
				"name": "lleg3",
				"parent": "lleg2",
				"pivot": [3, 1.5, 0],
				"rotation": [-60, 0, 0],
				"cubes": [
					{"origin": [2, 1, -1], "size": [2, 2, 2], "uv": [54, 29], "mirror": true}
				]
			},
			{
				"name": "lleg4",
				"parent": "lleg3",
				"pivot": [3, 1.5, 0],
				"rotation": [-20, 0, 0],
				"cubes": [
					{"origin": [2, -1.36603, 0], "size": [2, 2.5, 1], "uv": [26, 57], "mirror": true}
				]
			},
			{
				"name": "lpaw",
				"parent": "lleg4",
				"pivot": [3, -2.2, 0.5],
				"rotation": [15, 0, 0],
				"cubes": [
					{"origin": [2, -2.2, -1.5], "size": [2, 1, 2.5], "uv": [26, 53], "mirror": true}
				]
			},
			{
				"name": "lclaws",
				"parent": "lpaw",
				"pivot": [3, -1.75, -0.5]
			},
			{
				"name": "lclaw1",
				"parent": "lclaws",
				"pivot": [3, -1.75, -1.5],
				"rotation": [10, -15, 0],
				"cubes": [
					{"origin": [3.2, -2.25, -2.9], "size": [1, 1, 1.5], "uv": [54, 43], "inflate": -0.2, "mirror": true}
				]
			},
			{
				"name": "lclaw2",
				"parent": "lclaws",
				"pivot": [2, -1.75, -1.5],
				"rotation": [10, 0, 0],
				"cubes": [
					{"origin": [2.4, -2.25, -2.8], "size": [1, 1, 1.5], "uv": [54, 43], "inflate": -0.2, "mirror": true}
				]
			},
			{
				"name": "lclaw3",
				"parent": "lclaws",
				"pivot": [2, -1.75, -1.5],
				"rotation": [10, 15, 0],
				"cubes": [
					{"origin": [1.6, -2.25, -2.7], "size": [1, 1, 1.5], "uv": [54, 43], "inflate": -0.2, "mirror": true}
				]
			},
			{
				"name": "right_leg_c",
				"pivot": [-3, 12, 0]
			},
			{
				"name": "rleg1",
				"parent": "right_leg_c",
				"pivot": [-3, 12, 0],
				"rotation": [-12.5, 0, 0],
				"cubes": [
					{"origin": [-5, 5, -2], "size": [4, 7, 4], "uv": [0, 53]},
					{"origin": [-9.1, 4, -5], "size": [9, 11, 10], "uv": [26, 43], "inflate": -4, "mirror": true}
				]
			},
			{
				"name": "rleg2",
				"parent": "rleg1",
				"pivot": [-3, 5, 0],
				"rotation": [77.5, 0, 0],
				"cubes": [
					{"origin": [-4, 1.4, -0.8], "size": [2, 4, 2], "uv": [28, 47]}
				]
			},
			{
				"name": "rleg3",
				"parent": "rleg2",
				"pivot": [-3, 1.5, 0],
				"rotation": [-60, 0, 0],
				"cubes": [
					{"origin": [-4, 1, -1], "size": [2, 2, 2], "uv": [54, 29]}
				]
			},
			{
				"name": "rleg4",
				"parent": "rleg3",
				"pivot": [-3, 1.5, 0],
				"rotation": [-20, 0, 0],
				"cubes": [
					{"origin": [-4, -1.36603, 0], "size": [2, 2.5, 1], "uv": [26, 57]}
				]
			},
			{
				"name": "rpaw",
				"parent": "rleg4",
				"pivot": [-3, -2.2, 0.5],
				"rotation": [15, 0, 0],
				"cubes": [
					{"origin": [-4, -2.2, -1.5], "size": [2, 1, 2.5], "uv": [26, 53]}
				]
			},
			{
				"name": "rclaws",
				"parent": "rpaw",
				"pivot": [-3, -1.75, -0.5]
			},
			{
				"name": "rclaw1",
				"parent": "rclaws",
				"pivot": [-3, -1.75, -1.5],
				"rotation": [10, 15, 0],
				"cubes": [
					{"origin": [-4.2, -2.25, -2.9], "size": [1, 1, 1.5], "uv": [54, 43], "inflate": -0.2}
				]
			},
			{
				"name": "rclaw2",
				"parent": "rclaws",
				"pivot": [-2, -1.75, -1.5],
				"rotation": [10, 0, 0],
				"cubes": [
					{"origin": [-3.4, -2.25, -2.8], "size": [1, 1, 1.5], "uv": [54, 43], "inflate": -0.2}
				]
			},
			{
				"name": "rclaw3",
				"parent": "rclaws",
				"pivot": [-2, -1.75, -1.5],
				"rotation": [10, -15, 0],
				"cubes": [
					{"origin": [-2.6, -2.25, -2.7], "size": [1, 1, 1.5], "uv": [54, 43], "inflate": -0.2}
				]
			}
		]
	}
	]
}