{
	"format_version": "1.8.0",
	"animations": {
		"run4urlife": {
			"animation_length": 0.41667,
			"bones": {
				"head_c": {
					"position": {
						"0.0833": [0, 1, 0],
						"0.1458": [0, 1.5, 0],
						"0.1667": [0, 0, 0],
						"0.25": [0, 2, 0],
						"0.3542": [0, 1, 0]
					}
				},
				"visor_2": {
					"position": [0, 0, 0]
				},
				"body_c": {
					"position": {
						"0.0833": [0, 1, 0],
						"0.1458": [0, 1.5, 0],
						"0.1667": [0, 0, 0],
						"0.25": [0, 2, 0],
						"0.3542": [0, 1, 0]
					}
				},
				"left_arm_walk": {
					"position": {
						"0.0833": [0, 1, 0],
						"0.1458": [0, 1.5, 0],
						"0.1667": [0, 0, 0],
						"0.25": [0, 2, 0],
						"0.3542": [0, 1, 0]
					}
				},
				"right_arm_walk": {
					"position": {
						"0.0833": [0, 1, 0],
						"0.1458": [0, 1.5, 0],
						"0.1667": [0, 0, 0],
						"0.25": [0, 2, 0],
						"0.3542": [0, 1, 0]
					}
				},
				"lleg1": {
					"rotation": [-32.5, 0, 0]
				},
				"lleg2": {
					"rotation": [-22.5, 0, 0]
				},
				"lleg3": {
					"rotation": [45, 0, 0]
				},
				"lpaw": {
					"rotation": [12.5, 0, 0]
				},
				"left_leg_walk": {
					"position": {
						"0.0833": [0, 1, 0],
						"0.1458": [0, 1.5, 0],
						"0.1667": [0, 0, 0]
					}
				},
				"lleg1_walk": {
					"rotation": {
						"0.1667": [-32.5, 0, 0],
						"0.3542": [50, 0, 0]
					},
					"position": {
						"0.0833": [0, 1, 0],
						"0.1667": [0, 0, 0],
						"0.25": [0, 2, 0],
						"0.3542": [0, 1, 0]
					}
				},
				"lleg2_walk": {
					"rotation": {
						"0.1667": [-32.5, 0, 0],
						"0.3542": [-70, 0, 0]
					}
				},
				"lleg3_walk": {
					"rotation": {
						"0.1667": [50, 0, 0],
						"0.3542": [52.5, 0, 0]
					}
				},
				"lpaw_walk": {
					"rotation": {
						"0.1667": [17.5, 0, 0],
						"0.3542": [17.5, 0, 0]
					}
				},
				"right_leg_walk": {
					"position": {
						"0.0833": [0, 1, 0],
						"0.1458": [0, 1.5, 0],
						"0.1667": [0, 0, 0]
					}
				},
				"rleg1_walk": {
					"rotation": {
						"0.0833": [50, 0, 0],
						"0.4167": [-32.5, 0, 0]
					},
					"position": {
						"0.0833": [0, 1, 0],
						"0.1667": [0, 0, 0],
						"0.25": [0, 2, 0],
						"0.3542": [0, 1, 0]
					}
				},
				"rleg2_walk": {
					"rotation": {
						"0.0833": [-77.5, 0, 0],
						"0.1667": [0.42, 0, 0],
						"0.2083": [-9.37, 0, 0],
						"0.3125": [29.07, 0, 0],
						"0.3542": [4.44, 0, 0],
						"0.4167": [-32.5, 0, 0]
					}
				},
				"rleg3_walk": {
					"rotation": {
						"0.0833": [52.5, 0, 0],
						"0.2083": [-3.44, 0, 0],
						"0.3125": [5.09, 0, 0],
						"0.4167": [50, 0, 0]
					}
				},
				"rleg4_walk": {
					"rotation": [17.5, 0, 0]
				},
				"rpaw_walk": {
					"rotation": {
						"0.0833": [17.5, 0, 0],
						"0.4167": [17.5, 0, 0]
					}
				}
			}
		}
	}
}