{
	"format_version": "1.8.0",
	"animations": {
		"walk proto": {
			"loop": true,
			"animation_length": 0.5,
			"bones": {
				"lleg1": {
					"rotation": {
						"0.0": [-10, 0, 0],
						"0.125": [-45, 0, 0],
						"0.1667": [-30, 0, 0],
						"0.25": [0, 0, 0],
						"0.375": [45, 0, 0],
						"0.5": [-10, 0, 0]
					},
					"position": {
						"0.0": [0, 0.4, 0],
						"0.125": [0, 1, -1],
						"0.1667": [0, 0, -1],
						"0.25": [0, 0, 0],
						"0.375": [0, 1, 0],
						"0.4167": [0, 0, 0],
						"0.5": [0, 0.4, 0]
					}
				},
				"lleg2": {
					"rotation": {
						"0.0": [25, 0, 0],
						"0.0417": [25, 0, 0],
						"0.125": [10, 0, 0],
						"0.1667": [1.67, 0, 0],
						"0.25": [0, 0, 0],
						"0.375": [-67.5, 0, 0],
						"0.4167": [-10, 0, 0],
						"0.4583": [10, 0, 0],
						"0.5": [25, 0, 0]
					}
				},
				"lleg3": {
					"rotation": {
						"0.0": [0, 0, 0],
						"0.0417": [6.66, 0, 0],
						"0.125": [57.5, 0, 0],
						"0.25": [0, 0, 0],
						"0.375": [37.5, 0, 0],
						"0.4167": [13.33, 0, 0],
						"0.4583": [-5.84, 0, 0],
						"0.5": [0, 0, 0]
					}
				},
				"lpaw": {
					"rotation": {
						"0.0": [-12.66, 0, 0],
						"0.125": [12.5, 0, 0],
						"0.1667": [5.83, 0, 0],
						"0.25": [0, 0, 0],
						"0.3333": [-13.05, 0, 0],
						"0.375": [15.42, 0, 0],
						"0.4167": [-6.94, 0, 0],
						"0.5": [-12.66, 0, 0]
					}
				},
				"body_c": {
					"rotation": {
						"0.0": [0, 0, 0],
						"0.125": [0, 10, 0],
						"0.25": [0, 0, 0],
						"0.375": [0, -10, 0],
						"0.5": [0, 0, 0]
					},
					"position": {
						"0.0": [0, 0.4, 0],
						"0.125": [0, 1, 0],
						"0.1667": [0, 0, 0],
						"0.375": [0, 1, 0],
						"0.4167": [0, 0, 0],
						"0.5": [0, 0.4, 0]
					}
				},
				"head_c": {
					"position": {
						"0.0": [0, 0.4, 0],
						"0.125": [0, 1, 0],
						"0.1667": [0, 0, 0],
						"0.375": [0, 1, 0],
						"0.4167": [0, 0, 0],
						"0.5": [0, 0.4, 0]
					}
				},
				"rleg1": {
					"rotation": {
						"0.0": [0, 0, 0],
						"0.125": [45, 0, 0],
						"0.25": [-10, 0, 0],
						"0.375": [-45, 0, 0],
						"0.4167": [-30, 0, 0],
						"0.5": [0, 0, 0]
					},
					"position": {
						"0.0": [0, 0.4, 0],
						"0.125": [0, 1, 0],
						"0.1667": [0, 0, 0],
						"0.375": [0, 1, 0],
						"0.4167": [0, 0, 0],
						"0.5": [0, 0.4, 0]
					}
				},
				"rleg2": {
					"rotation": {
						"0.0": [0, 0, 0],
						"0.125": [-67.5, 0, 0],
						"0.1667": [-10, 0, 0],
						"0.2083": [10, 0, 0],
						"0.25": [25, 0, 0],
						"0.2917": [25, 0, 0],
						"0.375": [10, 0, 0],
						"0.4167": [1.67, 0, 0],
						"0.5": [0, 0, 0]
					}
				},
				"rleg3": {
					"rotation": {
						"0.0": [0, 0, 0],
						"0.125": [37.5, 0, 0],
						"0.1667": [13.33, 0, 0],
						"0.2083": [-5.84, 0, 0],
						"0.25": [0, 0, 0],
						"0.2917": [6.66, 0, 0],
						"0.375": [57.5, 0, 0],
						"0.5": [0, 0, 0]
					}
				},
				"rpaw": {
					"rotation": {
						"0.0": [0, 0, 0],
						"0.0833": [-13.05, 0, 0],
						"0.125": [15.42, 0, 0],
						"0.1667": [-6.94, 0, 0],
						"0.25": [-12.66, 0, 0],
						"0.375": [12.5, 0, 0],
						"0.4167": [5.83, 0, 0],
						"0.5": [0, 0, 0]
					}
				},
				"left_arm_c": {
					"rotation": {
						"0.0": [0, 0, 0],
						"0.125": [0, 10, 0]
					},
					"position": {
						"0.0": [0, 0.4, 0],
						"0.125": [-0.171, 1, -1.042],
						"0.1667": [-0.17, 0, -1.04]
					}
				},
				"right_arm_c": {
					"rotation": {
						"0.0": [0, 0, 0],
						"0.125": [0, 10, 0]
					},
					"position": {
						"0.0": [0, 0.4, 0],
						"0.125": [0.171, 1, 1.042],
						"0.1667": [0.17, 0, 1.04]
					}
				}
			}
		}
	}
}