{
	"modelId": "tatara_kogasa",
	"modelName": "Tatara Kogasa",
	"version": "1.0.0",
	"author": "Succinum, ZeniCrow, Paulzzh, Tian_mi",
	"hide": ["model_all", "feature_all"],
	"skeleton": {
		"left_arm_all": [-4, -0.66667, 0],
		"right_arm_all": [4, -0.66667, 0]
	},
	"variables": {
		"left_arm_roll": "if(is_first_person,0,-25)",
		"right_arm_roll": "if(is_first_person,0,25)"
	},
	"bones": [
		{
			"id": "head_c",
			"parent": "head",
			"texture": "tex.tatara_kogasa",
			"scale": [1.33333, 1.33333, 1.33333],
			"boxes": [
				{
					"textureOffset": [0, 0],
					"coordinates": [-4, 0, 4, 8, 8, 8]
				}
			]
		},
		{
			"id": "head_c_helmet_hat",
			"parent": "head_c",
			"attached": ["helmet_all", "head_wearing"]
		},
		{
			"id": "blink",
			"parent": "head_c",
			"visible": "fmod(age,60)<5",
			"boxes": [
				{
					"textureOffset": [47, 33],
					"coordinates": [-4, 0, -4.001, 8, 8, 0.001]
				}
			]
		},
		{
			"id": "ahoge",
			"parent": "head_c",
			"boxes": []
		},
		{
			"id": "left_arm_c",
			"parent": "left_arm",
			"texture": "tex.tatara_kogasa",
			"scale": [1.33333, 1.33333, 1.33333],
			"rotation": [0, 0, "var.left_arm_roll"],
			"boxes": [
				{
					"textureOffset": [56, 41],
					"coordinates": [-2, -9, 1, 2, 8, 2]
				},
				{
					"textureOffset": [12, 58],
					"coordinates": [-2.5, -3, 1.5, 3, 3, 3]
				}
			]
		},
		{
			"id": "left_arm_c_chestplate_left",
			"parent": "left_arm_c",
			"attached": ["chestplate_left_arm"],
			"position": [0, -2, 0],
			"scale": [0.75, 0.75, 0.75]
		},
		{
			"id": "left_arm_c_item_left",
			"parent": "left_arm_c",
			"attached": ["held_item_left"],
			"position": [-1, -12, -1],
			"scale": [0.75, 0.75, 0.75]
		},
		{
			"id": "right_arm_c",
			"parent": "right_arm",
			"texture": "tex.tatara_kogasa",
			"scale": [1.33333, 1.33333, 1.33333],
			"rotation": [0, 0, "var.right_arm_roll"],
			"boxes": [
				{
					"textureOffset": [56, 41],
					"coordinates": [0, -9, 1, 2, 8, 2]
				},
				{
					"textureOffset": [53, 55],
					"coordinates": [-0.5, -3, 1.5, 3, 3, 3]
				}
			]
		},
		{
			"id": "right_arm_c_chestplate_right",
			"parent": "right_arm_c",
			"attached": ["chestplate_right_arm"],
			"position": [0, -2, 0],
			"scale": [0.75, 0.75, 0.75]
		},
		{
			"id": "right_arm_c_item_right",
			"parent": "right_arm_c",
			"attached": ["held_item_right"],
			"position": [1, -12, -1],
			"scale": [0.75, 0.75, 0.75]
		},
		{
			"id": "body_c",
			"parent": "body",
			"texture": "tex.tatara_kogasa",
			"scale": [1.33333, 1.33333, 1.33333],
			"boxes": [
				{
					"textureOffset": [27, 10],
					"coordinates": [-3, 3.5, 3, 6, 4, 6]
				},
				{
					"textureOffset": [27, 30],
					"coordinates": [-2.5, 1, 2.5, 5, 7, 5]
				},
				{
					"textureOffset": [42, 27],
					"coordinates": [-3.5, -2.5, 2, 7, 2, 4]
				}
			],
			"position": [0, -7.5, 0]
		},
		{
			"id": "body_c_chestplate_body",
			"parent": "body_c",
			"attached": ["armor_body_all"],
			"scale": [0.75, 0.75, 1.05],
			"position": [0, 10, 0]
		},
		{
			"id": "body_c_cape_elytra",
			"parent": "body_c_chestplate_body",
			"attached": ["cape", "elytra"],
			"texture": "tex.skin"
		},
		{
			"id": "body_c_parrot_left",
			"parent": "body_c",
			"attached": ["shoulder_parrot_left"],
			"position": [-6.5, 10, 0],
			"scale": [0.75, 0.75, 0.75]
		},
		{
			"id": "body_c_parrot_right",
			"parent": "body_c",
			"attached": ["shoulder_parrot_right"],
			"position": [6.5, 10, 0],
			"scale": [0.75, 0.75, 0.75]
		},
		{
			"id": "bone3_cpm_dummy",
			"parent": "body_c",
			"position": [0, 6.5, 0]
		},
		{
			"id": "bone3",
			"parent": "bone3_cpm_dummy",
			"rotation": [0, 0, -65],
			"boxes": [
				{
					"textureOffset": [24, 0],
					"coordinates": [0, 0, -2.5, 1, 3, 1],
					"mirror": true
				}
			]
		},
		{
			"id": "bone4_cpm_dummy",
			"parent": "body_c",
			"position": [0, 6.5, 0]
		},
		{
			"id": "bone4",
			"parent": "bone4_cpm_dummy",
			"rotation": [0, 0, 65],
			"boxes": [
				{
					"textureOffset": [24, 0],
					"coordinates": [-1, 0, -2.5, 1, 3, 1]
				}
			]
		},
		{
			"id": "bone_cpm_dummy",
			"parent": "body_c",
			"position": [0, 3.5, 0]
		},
		{
			"id": "bone",
			"parent": "bone_cpm_dummy",
			"rotation": [0, 0, 10],
			"boxes": [
				{
					"textureOffset": [46, 2],
					"coordinates": [0, -3, 2.999, 3, 3, 6],
					"mirror": true
				}
			]
		},
		{
			"id": "bone2_cpm_dummy",
			"parent": "body_c",
			"position": [0, 3.5, 0]
		},
		{
			"id": "bone2",
			"parent": "bone2_cpm_dummy",
			"rotation": [0, 0, -10],
			"boxes": [
				{
					"textureOffset": [46, 2],
					"coordinates": [-3, -3, 2.999, 3, 3, 6]
				}
			]
		},
		{
			"id": "skirt_cpm_dummy",
			"parent": "body_c",
			"position": [1, -10.5, -1]
		},
		{
			"id": "skirt",
			"parent": "skirt_cpm_dummy",
			"boxes": [
				{
					"textureOffset": [30, 20],
					"coordinates": [-4, 10.5, 4, 6, 1, 6]
				},
				{
					"textureOffset": [24, 0],
					"coordinates": [-4.5, 9.5, 4.5, 7, 1, 7]
				},
				{
					"textureOffset": [0, 26],
					"coordinates": [-5, 8.5, 5, 8, 1, 8]
				},
				{
					"textureOffset": [0, 16],
					"coordinates": [-5.5, 7.5, 5.5, 9, 1, 9]
				}
			]
		},
		{
			"id": "IX",
			"parent": "body_c",
			"boxes": []
		},
		{
			"id": "I_cpm_dummy",
			"parent": "IX",
			"position": [0, -2, 0]
		},
		{
			"id": "I",
			"parent": "I_cpm_dummy",
			"rotation": [0, -45, 0],
			"boxes": [
				{
					"textureOffset": [0, 21],
					"coordinates": [-1.5, 2.90901, -6.5052, 3, 1, 1]
				}
			]
		},
		{
			"id": "bone5_cpm_dummy",
			"parent": "IX",
			"position": [0, 4, -3]
		},
		{
			"id": "bone5",
			"parent": "bone5_cpm_dummy",
			"rotation": [0, 0, -30],
			"boxes": []
		},
		{
			"id": "I2",
			"parent": "bone5",
			"rotation": [0, -45, 0],
			"boxes": [
				{
					"textureOffset": [0, 21],
					"coordinates": [-1.5, -0.19454, 0.84099, 3, 1, 1]
				}
			]
		},
		{
			"id": "bone7_cpm_dummy",
			"parent": "IX",
			"position": [0, 4, -3]
		},
		{
			"id": "bone7",
			"parent": "bone7_cpm_dummy",
			"rotation": [0, 0, 30],
			"boxes": []
		},
		{
			"id": "I3",
			"parent": "bone7",
			"rotation": [0, -45, 0],
			"boxes": [
				{
					"textureOffset": [0, 21],
					"coordinates": [-1.5, -0.19454, 0.84099, 3, 1, 1]
				}
			]
		},
		{
			"id": "chestPlate_cpm_dummy",
			"parent": "body_c",
			"position": [-1, 13.5, 5]
		},
		{
			"id": "chestPlate",
			"parent": "chestPlate_cpm_dummy",
			"rotation": [0, 0, 30],
			"boxes": []
		},
		{
			"id": "base_cpm_dummy",
			"parent": "chestPlate",
			"position": [0, 11, 0]
		},
		{
			"id": "base",
			"parent": "base_cpm_dummy",
			"boxes": [
				{
					"textureOffset": [0, 16],
					"coordinates": [-1, -0.8, 1, 2, 1, 2]
				},
				{
					"textureOffset": [0, 51],
					"coordinates": [-0.5, -17.8, 0.5, 1, 20, 1]
				},
				{
					"textureOffset": [0, 4],
					"coordinates": [-1, -18.8, 1, 2, 1, 2]
				},
				{
					"textureOffset": [24, 58],
					"coordinates": [-1.5, -20.8, 1.5, 3, 2, 3]
				},
				{
					"textureOffset": [48, 22],
					"coordinates": [-2.5, -21.8, 1.5, 5, 1, 3]
				},
				{
					"textureOffset": [0, 0],
					"coordinates": [-1.5, -22.8, 1.5, 1, 1, 3]
				},
				{
					"textureOffset": [0, 0],
					"coordinates": [0.5, -22.8, 1.5, 1, 1, 3]
				}
			]
		},
		{
			"id": "section_cpm_dummy",
			"parent": "chestPlate",
			"position": [0, 11, 0]
		},
		{
			"id": "section",
			"parent": "section_cpm_dummy",
			"boxes": []
		},
		{
			"id": "fan",
			"parent": "section",
			"rotation": [0, -129.7, 0],
			"boxes": [
				{
					"textureOffset": [0, 35],
					"coordinates": [-3.5, 0, 0, 7, 16, 0.001]
				}
			]
		},
		{
			"id": "rod",
			"parent": "section",
			"rotation": [-18, 0, 0],
			"boxes": []
		},
		{
			"id": "bone6",
			"parent": "rod",
			"rotation": [0, -129.7, 0],
			"boxes": [
				{
					"textureOffset": [4, 51],
					"coordinates": [-0.5, 0.36, 0.5, 1, 16, 1]
				}
			]
		},
		{
			"id": "section2_cpm_dummy",
			"parent": "chestPlate",
			"position": [0, 11, 0]
		},
		{
			"id": "section2",
			"parent": "section2_cpm_dummy",
			"rotation": [-36, 0, 0],
			"boxes": []
		},
		{
			"id": "fan2",
			"parent": "section2",
			"rotation": [0, -129.7, 0],
			"boxes": [
				{
					"textureOffset": [0, 35],
					"coordinates": [-3.5, 0, 0, 7, 16, 0.001]
				}
			]
		},
		{
			"id": "rod2",
			"parent": "section2",
			"rotation": [-18, 0, 0],
			"boxes": []
		},
		{
			"id": "bone8",
			"parent": "rod2",
			"rotation": [0, -129.7, 0],
			"boxes": [
				{
					"textureOffset": [4, 51],
					"coordinates": [-0.5, 0.36, 0.5, 1, 16, 1]
				}
			]
		},
		{
			"id": "section3_cpm_dummy",
			"parent": "chestPlate",
			"position": [0, 11, 0]
		},
		{
			"id": "section3",
			"parent": "section3_cpm_dummy",
			"rotation": [-72, 0, 0],
			"boxes": []
		},
		{
			"id": "fan3",
			"parent": "section3",
			"rotation": [0, -129.7, 0],
			"boxes": [
				{
					"textureOffset": [0, 35],
					"coordinates": [-3.5, 0, 0, 7, 16, 0.001]
				}
			]
		},
		{
			"id": "rod3",
			"parent": "section3",
			"rotation": [-18, 0, 0],
			"boxes": []
		},
		{
			"id": "bone9",
			"parent": "rod3",
			"rotation": [0, -129.7, 0],
			"boxes": [
				{
					"textureOffset": [4, 51],
					"coordinates": [-0.5, 0.36, 0.5, 1, 16, 1]
				}
			]
		},
		{
			"id": "section4_cpm_dummy",
			"parent": "chestPlate",
			"position": [0, 11, 0]
		},
		{
			"id": "section4",
			"parent": "section4_cpm_dummy",
			"rotation": [-108, 0, 0],
			"boxes": []
		},
		{
			"id": "fan4",
			"parent": "section4",
			"rotation": [0, -129.7, 0],
			"boxes": [
				{
					"textureOffset": [0, 35],
					"coordinates": [-3.5, 0, 0, 7, 16, 0.001]
				}
			]
		},
		{
			"id": "rod4",
			"parent": "section4",
			"rotation": [-18, 0, 0],
			"boxes": []
		},
		{
			"id": "bone10",
			"parent": "rod4",
			"rotation": [0, -129.7, 0],
			"boxes": [
				{
					"textureOffset": [4, 51],
					"coordinates": [-0.5, 0.36, 0.5, 1, 16, 1]
				}
			]
		},
		{
			"id": "section5_cpm_dummy",
			"parent": "chestPlate",
			"position": [0, 11, 0]
		},
		{
			"id": "section5",
			"parent": "section5_cpm_dummy",
			"rotation": [-144, 0, 0],
			"boxes": []
		},
		{
			"id": "fan5",
			"parent": "section5",
			"rotation": [0, -129.7, 0],
			"boxes": [
				{
					"textureOffset": [0, 35],
					"coordinates": [-3.5, 0, 0, 7, 16, 0.001]
				}
			]
		},
		{
			"id": "rod5",
			"parent": "section5",
			"rotation": [-18, 0, 0],
			"boxes": []
		},
		{
			"id": "bone11",
			"parent": "rod5",
			"rotation": [0, -129.7, 0],
			"boxes": [
				{
					"textureOffset": [4, 51],
					"coordinates": [-0.5, 0.36, 0.5, 1, 16, 1]
				}
			]
		},
		{
			"id": "section6_cpm_dummy",
			"parent": "chestPlate",
			"position": [0, 11, 0]
		},
		{
			"id": "section6",
			"parent": "section6_cpm_dummy",
			"rotation": [180, 0, 0],
			"boxes": []
		},
		{
			"id": "fan6",
			"parent": "section6",
			"rotation": [0, -129.7, 0],
			"boxes": [
				{
					"textureOffset": [0, 35],
					"coordinates": [-3.5, 0, 0, 7, 16, 0.001]
				}
			]
		},
		{
			"id": "rod6",
			"parent": "section6",
			"rotation": [-18, 0, 0],
			"boxes": []
		},
		{
			"id": "bone12",
			"parent": "rod6",
			"rotation": [0, -129.7, 0],
			"boxes": [
				{
					"textureOffset": [4, 51],
					"coordinates": [-0.5, 0.36, 0.5, 1, 16, 1]
				}
			]
		},
		{
			"id": "section7_cpm_dummy",
			"parent": "chestPlate",
			"position": [0, 11, 0]
		},
		{
			"id": "section7",
			"parent": "section7_cpm_dummy",
			"rotation": [144, 0, 0],
			"boxes": []
		},
		{
			"id": "fan7",
			"parent": "section7",
			"rotation": [0, -129.7, 0],
			"boxes": [
				{
					"textureOffset": [42, 42],
					"coordinates": [-3.5, 0, 0, 7, 16, 0.001]
				}
			]
		},
		{
			"id": "rod7",
			"parent": "section7",
			"rotation": [-18, 0, 0],
			"boxes": []
		},
		{
			"id": "bone13",
			"parent": "rod7",
			"rotation": [0, -129.7, 0],
			"boxes": [
				{
					"textureOffset": [8, 51],
					"coordinates": [-0.5, 0.36, 0.5, 1, 16, 1],
					"mirror": true
				}
			]
		},
		{
			"id": "section8_cpm_dummy",
			"parent": "chestPlate",
			"position": [0, 11, 0]
		},
		{
			"id": "section8",
			"parent": "section8_cpm_dummy",
			"rotation": [108, 0, 0],
			"boxes": []
		},
		{
			"id": "fan8",
			"parent": "section8",
			"rotation": [0, -129.7, 0],
			"boxes": [
				{
					"textureOffset": [28, 42],
					"coordinates": [-3.5, 0, 0, 7, 16, 0.001]
				}
			]
		},
		{
			"id": "rod8",
			"parent": "section8",
			"rotation": [-18, 0, 0],
			"boxes": []
		},
		{
			"id": "bone14",
			"parent": "rod8",
			"rotation": [0, -129.7, 0],
			"boxes": [
				{
					"textureOffset": [8, 51],
					"coordinates": [-0.5, 0.36, 0.5, 1, 16, 1]
				}
			]
		},
		{
			"id": "section9_cpm_dummy",
			"parent": "chestPlate",
			"position": [0, 11, 0]
		},
		{
			"id": "section9",
			"parent": "section9_cpm_dummy",
			"rotation": [72, 0, 0],
			"boxes": []
		},
		{
			"id": "fan9",
			"parent": "section9",
			"rotation": [0, -129.7, 0],
			"boxes": [
				{
					"textureOffset": [14, 42],
					"coordinates": [-3.5, 0, 0, 7, 16, 0.001]
				}
			]
		},
		{
			"id": "rod9",
			"parent": "section9",
			"rotation": [-18, 0, 0],
			"boxes": []
		},
		{
			"id": "bone15",
			"parent": "rod9",
			"rotation": [0, -129.7, 0],
			"boxes": [
				{
					"textureOffset": [4, 51],
					"coordinates": [-0.5, 0.36, 0.5, 1, 16, 1]
				}
			]
		},
		{
			"id": "section10_cpm_dummy",
			"parent": "chestPlate",
			"position": [0, 11, 0]
		},
		{
			"id": "section10",
			"parent": "section10_cpm_dummy",
			"rotation": [36, 0, 0],
			"boxes": []
		},
		{
			"id": "fan10",
			"parent": "section10",
			"rotation": [0, -129.7, 0],
			"boxes": [
				{
					"textureOffset": [0, 35],
					"coordinates": [-3.5, 0, 0, 7, 16, 0.001]
				}
			]
		},
		{
			"id": "rod10",
			"parent": "section10",
			"rotation": [-18, 0, 0],
			"boxes": []
		},
		{
			"id": "bone16",
			"parent": "rod10",
			"rotation": [0, -129.7, 0],
			"boxes": [
				{
					"textureOffset": [4, 51],
					"coordinates": [-0.5, 0.36, 0.5, 1, 16, 1]
				}
			]
		},
		{
			"id": "tongue_cpm_dummy",
			"parent": "chestPlate",
			"position": [0, 11, 0]
		},
		{
			"id": "tongue",
			"parent": "tongue_cpm_dummy",
			"rotation": [-72, 0, 0],
			"boxes": []
		},
		{
			"id": "bone17_cpm_dummy",
			"parent": "tongue",
			"position": [-0.5, 0, 0]
		},
		{
			"id": "bone17",
			"parent": "bone17_cpm_dummy",
			"boxes": [
				{
					"textureOffset": [30, 8],
					"coordinates": [-2, -8, -9.6, 5, 0.001, 2]
				},
				{
					"textureOffset": [21, 27],
					"coordinates": [-2, -19.7953, -17.39511, 5, 0.001, 3]
				}
			]
		},
		{
			"id": "bone18_cpm_dummy",
			"parent": "tongue",
			"position": [-0.5, 0, 0]
		},
		{
			"id": "bone18",
			"parent": "bone18_cpm_dummy",
			"rotation": [0, 15, 0],
			"boxes": [
				{
					"textureOffset": [30, 8],
					"coordinates": [-2, -4.72611, -13.27529, 5, 0.001, 2]
				},
				{
					"textureOffset": [33, 27],
					"coordinates": [-2, -14.6196, -20.92578, 5, 0.001, 1]
				}
			]
		},
		{
			"id": "bone19_cpm_dummy",
			"parent": "tongue",
			"position": [-0.5, 0, 0]
		},
		{
			"id": "bone19",
			"parent": "bone19_cpm_dummy",
			"rotation": [0, 45, 0],
			"boxes": [
				{
					"textureOffset": [30, 8],
					"coordinates": [-2, 3.54558, -15.59134, 5, 0.001, 2]
				},
				{
					"textureOffset": [33, 27],
					"coordinates": [-2, -2.19806, -24.43206, 5, 0.001, 1]
				}
			]
		},
		{
			"id": "bone20_cpm_dummy",
			"parent": "tongue",
			"position": [-0.5, 0, 0]
		},
		{
			"id": "bone20",
			"parent": "bone20_cpm_dummy",
			"rotation": [0, 75, 0],
			"boxes": [
				{
					"textureOffset": [30, 8],
					"coordinates": [-2, 11.86624, -13.46176, 5, 0.001, 2]
				},
				{
					"textureOffset": [33, 27],
					"coordinates": [-2, 10.31332, -21.25731, 5, 0.001, 1]
				}
			]
		},
		{
			"id": "bone21_cpm_dummy",
			"parent": "tongue",
			"position": [-0.5, 0, 0]
		},
		{
			"id": "bone21",
			"parent": "bone21_cpm_dummy",
			"rotation": [0, 90, 0],
			"boxes": [
				{
					"textureOffset": [8, 35],
					"coordinates": [-2, 15.4637, -11.8637, 5, 0.001, 6]
				}
			]
		},
		{
			"id": "left_leg_c",
			"parent": "left_leg",
			"texture": "tex.tatara_kogasa",
			"scale": [1.33333, 1.33333, 1.33333],
			"boxes": [
				{
					"textureOffset": [51, 11],
					"coordinates": [-1.5, -8.001, 1.5, 3, 8, 3]
				},
				{
					"textureOffset": [0, 19],
					"coordinates": [-1.5, -9.001, 1.5, 3, 1, 1]
				},
				{
					"textureOffset": [0, 19],
					"coordinates": [-1.5, -9.001, -0.5, 3, 1, 1]
				},
				{
					"textureOffset": [0, 19],
					"coordinates": [-1.5, -8.001, -1.5, 3, 1, 1]
				},
				{
					"textureOffset": [0, 19],
					"coordinates": [-1.5, -8.001, 2.5, 3, 1, 1]
				}
			]
		},
		{
			"id": "left_leg_c_legging_left",
			"parent": "left_leg_c",
			"attached": ["armor_left_leg_all"],
			"scale": [0.75, 0.75, 0.75]
		},
		{
			"id": "right_leg_c",
			"parent": "right_leg",
			"texture": "tex.tatara_kogasa",
			"scale": [1.33333, 1.33333, 1.33333],
			"boxes": [
				{
					"textureOffset": [51, 11],
					"coordinates": [-1.5, -8, 1.5, 3, 8, 3]
				},
				{
					"textureOffset": [0, 19],
					"coordinates": [-1.5, -8.001, 2.5, 3, 1, 1]
				},
				{
					"textureOffset": [0, 19],
					"coordinates": [-1.5, -9.001, 1.5, 3, 1, 1]
				},
				{
					"textureOffset": [0, 19],
					"coordinates": [-1.5, -9.001, -0.5, 3, 1, 1]
				},
				{
					"textureOffset": [0, 19],
					"coordinates": [-1.5, -8.001, -1.5, 3, 1, 1]
				}
			]
		},
		{
			"id": "right_leg_c_legging_right",
			"parent": "right_leg_c",
			"attached": ["armor_right_leg_all"],
			"scale": [0.75, 0.75, 0.75]
		}
	]
}