{
    "id": 191,
    "name": "Amphithere",
    "version": "",
    "author": "",
    "desc": "A fully animated Amphithere! Originally made for a friend, i uploaded the model with a different texture for everyone to use.\\r\\nNOTE: Currently, flying with an Elytra isnt added, mostly due to the game crashing whenever i try and add it in. Ill add the animation in eventually, but currently everyone is just going to have to deal with how dumb the animation looks for now /lh",
    "tags": "Naga; Animal; Furry; Snake; Anthro; Amphithere",
    "likes": 9,
    "legacy": true
}