{
	"modelId": "nazrin",
	"modelName": "Nazrin",
	"version": "1.0.0",
	"author": "Succinum, ZeniCrow, Paulzzh, Tian_mi",
	"hide": ["model_all", "feature_all"],
	"skeleton": {
		"left_arm_all": [-4, -1.33333, 0],
		"right_arm_all": [4, -1.33333, 0]
	},
	"variables": {
		"left_arm_roll": "if(is_first_person,0,-25)",
		"right_arm_roll": "if(is_first_person,0,25)"
	},
	"bones": [
		{
			"id": "head_c",
			"parent": "head",
			"texture": "tex.nazrin",
			"scale": [1.33333, 1.33333, 1.33333],
			"boxes": [
				{
					"textureOffset": [0, 20],
					"coordinates": [-4, 0, 4, 8, 8, 8]
				}
			]
		},
		{
			"id": "head_c_helmet_hat",
			"parent": "head_c",
			"attached": ["helmet_all", "head_wearing"]
		},
		{
			"id": "blink_cpm_dummy",
			"parent": "head_c",
			"position": [3, -18, -4]
		},
		{
			"id": "blink",
			"parent": "blink_cpm_dummy",
			"visible": "fmod(age,60)<5",
			"boxes": [
				{
					"textureOffset": [46, 46],
					"coordinates": [-7, 18, -0.001, 8, 8, 0.001]
				}
			]
		},
		{
			"id": "earLeft_cpm_dummy",
			"parent": "head_c",
			"position": [-4, 8, 0]
		},
		{
			"id": "earLeft",
			"parent": "earLeft_cpm_dummy",
			"boxes": []
		},
		{
			"id": "bone",
			"parent": "earLeft",
			"boxes": [
				{
					"textureOffset": [5, 4],
					"coordinates": [-0.5, -2, 0.6, 1, 4, 1]
				},
				{
					"textureOffset": [4, 2],
					"coordinates": [-0.5, -2.835, 0.5, 1, 1, 1]
				},
				{
					"textureOffset": [4, 2],
					"coordinates": [-0.5, 1.835, 0.5, 1, 1, 1]
				}
			]
		},
		{
			"id": "bone2",
			"parent": "earLeft",
			"rotation": [0, 0, -20],
			"boxes": [
				{
					"textureOffset": [5, 4],
					"coordinates": [-0.5, -2, 0.6, 1, 4, 1]
				},
				{
					"textureOffset": [4, 2],
					"coordinates": [-0.5, -2.835, 0.5, 1, 1, 1]
				},
				{
					"textureOffset": [4, 2],
					"coordinates": [-0.5, 1.835, 0.5, 1, 1, 1]
				}
			]
		},
		{
			"id": "bone3",
			"parent": "earLeft",
			"rotation": [0, 0, -40],
			"boxes": [
				{
					"textureOffset": [5, 4],
					"coordinates": [-0.5, -2, 0.6, 1, 4, 1]
				},
				{
					"textureOffset": [4, 2],
					"coordinates": [-0.5, -2.835, 0.5, 1, 1, 1]
				},
				{
					"textureOffset": [4, 2],
					"coordinates": [-0.5, 1.835, 0.5, 1, 1, 1]
				}
			]
		},
		{
			"id": "bone4",
			"parent": "earLeft",
			"rotation": [0, 0, -60],
			"boxes": [
				{
					"textureOffset": [5, 4],
					"coordinates": [-0.5, -2, 0.6, 1, 4, 1]
				},
				{
					"textureOffset": [4, 2],
					"coordinates": [-0.5, -2.835, 0.5, 1, 1, 1]
				},
				{
					"textureOffset": [4, 2],
					"coordinates": [-0.5, 1.835, 0.5, 1, 1, 1]
				}
			]
		},
		{
			"id": "bone5",
			"parent": "earLeft",
			"rotation": [0, 0, -80],
			"boxes": [
				{
					"textureOffset": [5, 4],
					"coordinates": [-0.5, -2, 0.6, 1, 4, 1]
				},
				{
					"textureOffset": [4, 2],
					"coordinates": [-0.5, -2.835, 0.5, 1, 1, 1]
				},
				{
					"textureOffset": [4, 2],
					"coordinates": [-0.5, 1.835, 0.5, 1, 1, 1]
				}
			]
		},
		{
			"id": "bone6",
			"parent": "earLeft",
			"rotation": [0, 0, -100],
			"boxes": [
				{
					"textureOffset": [5, 4],
					"coordinates": [-0.5, -2, 0.6, 1, 4, 1]
				},
				{
					"textureOffset": [4, 2],
					"coordinates": [-0.5, -2.835, 0.5, 1, 1, 1]
				},
				{
					"textureOffset": [4, 2],
					"coordinates": [-0.5, 1.835, 0.5, 1, 1, 1]
				}
			]
		},
		{
			"id": "bone7",
			"parent": "earLeft",
			"rotation": [0, 0, -120],
			"boxes": [
				{
					"textureOffset": [5, 4],
					"coordinates": [-0.5, -2, 0.6, 1, 4, 1]
				},
				{
					"textureOffset": [4, 2],
					"coordinates": [-0.5, -2.835, 0.5, 1, 1, 1]
				},
				{
					"textureOffset": [4, 2],
					"coordinates": [-0.5, 1.835, 0.5, 1, 1, 1]
				}
			]
		},
		{
			"id": "bone8",
			"parent": "earLeft",
			"rotation": [0, 0, -140],
			"boxes": [
				{
					"textureOffset": [5, 4],
					"coordinates": [-0.5, -2, 0.6, 1, 4, 1]
				},
				{
					"textureOffset": [4, 2],
					"coordinates": [-0.5, -2.835, 0.5, 1, 1, 1]
				},
				{
					"textureOffset": [4, 2],
					"coordinates": [-0.5, 1.835, 0.5, 1, 1, 1]
				}
			]
		},
		{
			"id": "bone9",
			"parent": "earLeft",
			"rotation": [0, 0, -160],
			"boxes": [
				{
					"textureOffset": [5, 4],
					"coordinates": [-0.5, -2, 0.6, 1, 4, 1]
				},
				{
					"textureOffset": [4, 2],
					"coordinates": [-0.5, -2.835, 0.5, 1, 1, 1]
				},
				{
					"textureOffset": [4, 2],
					"coordinates": [-0.5, 1.835, 0.5, 1, 1, 1]
				}
			]
		},
		{
			"id": "earRight_cpm_dummy",
			"parent": "head_c",
			"position": [4, 8, 0]
		},
		{
			"id": "earRight",
			"parent": "earRight_cpm_dummy",
			"boxes": []
		},
		{
			"id": "bone10",
			"parent": "earRight",
			"boxes": [
				{
					"textureOffset": [5, 4],
					"coordinates": [-0.5, -2, 0.6, 1, 4, 1]
				},
				{
					"textureOffset": [4, 2],
					"coordinates": [-0.5, -2.835, 0.5, 1, 1, 1]
				},
				{
					"textureOffset": [4, 2],
					"coordinates": [-0.5, 1.835, 0.5, 1, 1, 1]
				}
			]
		},
		{
			"id": "bone11",
			"parent": "earRight",
			"rotation": [0, 0, -20],
			"boxes": [
				{
					"textureOffset": [5, 4],
					"coordinates": [-0.5, -2, 0.6, 1, 4, 1]
				},
				{
					"textureOffset": [4, 2],
					"coordinates": [-0.5, -2.835, 0.5, 1, 1, 1]
				},
				{
					"textureOffset": [4, 2],
					"coordinates": [-0.5, 1.835, 0.5, 1, 1, 1]
				}
			]
		},
		{
			"id": "bone12",
			"parent": "earRight",
			"rotation": [0, 0, -40],
			"boxes": [
				{
					"textureOffset": [5, 4],
					"coordinates": [-0.5, -2, 0.6, 1, 4, 1]
				},
				{
					"textureOffset": [4, 2],
					"coordinates": [-0.5, -2.835, 0.5, 1, 1, 1]
				},
				{
					"textureOffset": [4, 2],
					"coordinates": [-0.5, 1.835, 0.5, 1, 1, 1]
				}
			]
		},
		{
			"id": "bone13",
			"parent": "earRight",
			"rotation": [0, 0, -60],
			"boxes": [
				{
					"textureOffset": [5, 4],
					"coordinates": [-0.5, -2, 0.6, 1, 4, 1]
				},
				{
					"textureOffset": [4, 2],
					"coordinates": [-0.5, -2.835, 0.5, 1, 1, 1]
				},
				{
					"textureOffset": [4, 2],
					"coordinates": [-0.5, 1.835, 0.5, 1, 1, 1]
				}
			]
		},
		{
			"id": "bone14",
			"parent": "earRight",
			"rotation": [0, 0, -80],
			"boxes": [
				{
					"textureOffset": [5, 4],
					"coordinates": [-0.5, -2, 0.6, 1, 4, 1]
				},
				{
					"textureOffset": [4, 2],
					"coordinates": [-0.5, -2.835, 0.5, 1, 1, 1]
				},
				{
					"textureOffset": [4, 2],
					"coordinates": [-0.5, 1.835, 0.5, 1, 1, 1]
				}
			]
		},
		{
			"id": "bone15",
			"parent": "earRight",
			"rotation": [0, 0, -100],
			"boxes": [
				{
					"textureOffset": [5, 4],
					"coordinates": [-0.5, -2, 0.6, 1, 4, 1]
				},
				{
					"textureOffset": [4, 2],
					"coordinates": [-0.5, -2.835, 0.5, 1, 1, 1]
				},
				{
					"textureOffset": [4, 2],
					"coordinates": [-0.5, 1.835, 0.5, 1, 1, 1]
				}
			]
		},
		{
			"id": "bone16",
			"parent": "earRight",
			"rotation": [0, 0, -120],
			"boxes": [
				{
					"textureOffset": [5, 4],
					"coordinates": [-0.5, -2, 0.6, 1, 4, 1]
				},
				{
					"textureOffset": [4, 2],
					"coordinates": [-0.5, -2.835, 0.5, 1, 1, 1]
				},
				{
					"textureOffset": [4, 2],
					"coordinates": [-0.5, 1.835, 0.5, 1, 1, 1]
				}
			]
		},
		{
			"id": "bone17",
			"parent": "earRight",
			"rotation": [0, 0, -140],
			"boxes": [
				{
					"textureOffset": [5, 4],
					"coordinates": [-0.5, -2, 0.6, 1, 4, 1]
				},
				{
					"textureOffset": [4, 2],
					"coordinates": [-0.5, -2.835, 0.5, 1, 1, 1]
				},
				{
					"textureOffset": [4, 2],
					"coordinates": [-0.5, 1.835, 0.5, 1, 1, 1]
				}
			]
		},
		{
			"id": "bone18",
			"parent": "earRight",
			"rotation": [0, 0, -160],
			"boxes": [
				{
					"textureOffset": [5, 4],
					"coordinates": [-0.5, -2, 0.6, 1, 4, 1]
				},
				{
					"textureOffset": [4, 2],
					"coordinates": [-0.5, -2.835, 0.5, 1, 1, 1]
				},
				{
					"textureOffset": [4, 2],
					"coordinates": [-0.5, 1.835, 0.5, 1, 1, 1]
				}
			]
		},
		{
			"id": "body_c",
			"parent": "body",
			"texture": "tex.nazrin",
			"scale": [1.33333, 1.33333, 1.33333],
			"boxes": [
				{
					"textureOffset": [24, 38],
					"coordinates": [-3.5, 12, 2, 7, 6, 4]
				},
				{
					"textureOffset": [30, 10],
					"coordinates": [-4, 11, 2.5, 8, 1, 5]
				},
				{
					"textureOffset": [24, 20],
					"coordinates": [-4.5, 10, 3, 9, 1, 6]
				},
				{
					"textureOffset": [25, 29],
					"coordinates": [-5, 8, 3.5, 10, 2, 7]
				},
				{
					"textureOffset": [0, 10],
					"coordinates": [-5.5, 6, 4, 11, 2, 8]
				},
				{
					"textureOffset": [0, 0],
					"coordinates": [-6, 5, 4.5, 12, 1, 9]
				}
			],
			"position": [0, -18, 0]
		},
		{
			"id": "body_c_chestplate_body",
			"parent": "body_c",
			"attached": ["armor_body_all"],
			"scale": [0.75, 0.75, 1.05],
			"position": [0, 24, 0]
		},
		{
			"id": "body_c_cape_elytra",
			"parent": "body_c_chestplate_body",
			"attached": ["cape", "elytra"],
			"texture": "tex.skin"
		},
		{
			"id": "body_c_parrot_left",
			"parent": "body_c",
			"attached": ["shoulder_parrot_left"],
			"position": [-6.5, 10, 0],
			"scale": [0.75, 0.75, 0.75]
		},
		{
			"id": "body_c_parrot_right",
			"parent": "body_c",
			"attached": ["shoulder_parrot_right"],
			"position": [6.5, 10, 0],
			"scale": [0.75, 0.75, 0.75]
		},
		{
			"id": "bone38",
			"parent": "body_c",
			"boxes": []
		},
		{
			"id": "bone37_cpm_dummy",
			"parent": "bone38",
			"position": [7, 0, 1]
		},
		{
			"id": "bone37",
			"parent": "bone37_cpm_dummy",
			"rotation": [0, 0, 25],
			"boxes": [
				{
					"textureOffset": [46, 38],
					"coordinates": [2.79854, 13.40551, 1, 3, 4, 4],
					"sizeAdd": 0.25,
					"mirror": true
				}
			]
		},
		{
			"id": "bone40_cpm_dummy",
			"parent": "bone38",
			"position": [-6, 0, 1]
		},
		{
			"id": "bone40",
			"parent": "bone40_cpm_dummy",
			"boxes": [
				{
					"textureOffset": [33, 0],
					"coordinates": [2.5, 13.25, 1, 7, 4, 4],
					"sizeAdd": 0.25
				}
			]
		},
		{
			"id": "bone39_cpm_dummy",
			"parent": "bone38",
			"position": [-7, 0, 1]
		},
		{
			"id": "bone39",
			"parent": "bone39_cpm_dummy",
			"rotation": [0, 0, -25],
			"boxes": [
				{
					"textureOffset": [46, 38],
					"coordinates": [-5.79854, 13.40551, 1, 3, 4, 4],
					"sizeAdd": 0.25
				}
			]
		},
		{
			"id": "bone41_cpm_dummy",
			"parent": "bone38",
			"position": [0, 16.5, -2]
		},
		{
			"id": "bone41",
			"parent": "bone41_cpm_dummy",
			"rotation": [0, 0, 35],
			"boxes": [
				{
					"textureOffset": [0, 0],
					"coordinates": [0, -1, 0.001, 3, 1, 1],
					"mirror": true
				}
			]
		},
		{
			"id": "bone42_cpm_dummy",
			"parent": "bone38",
			"position": [0, 16.5, -2]
		},
		{
			"id": "bone42",
			"parent": "bone42_cpm_dummy",
			"rotation": [0, 0, -35],
			"boxes": [
				{
					"textureOffset": [0, 0],
					"coordinates": [-3, -1, 0.001, 3, 1, 1]
				}
			]
		},
		{
			"id": "bone43_cpm_dummy",
			"parent": "bone38",
			"position": [0, 14, 0]
		},
		{
			"id": "bone43",
			"parent": "bone43_cpm_dummy",
			"rotation": [0, 0, -45],
			"boxes": [
				{
					"textureOffset": [0, 2],
					"coordinates": [0, -1, -2.2, 1, 1, 0.001]
				}
			]
		},
		{
			"id": "tail_cpm_dummy",
			"parent": "body_c",
			"position": [0, 11, 2]
		},
		{
			"id": "tail",
			"parent": "tail_cpm_dummy",
			"rotation": [0, "todeg(sin(age/5)/20)", "todeg(cos(age/5)/10)"],
			"boxes": []
		},
		{
			"id": "bone19",
			"parent": "tail",
			"boxes": [
				{
					"textureOffset": [0, 2],
					"coordinates": [-0.5, 0, 2, 1, 1, 2]
				}
			]
		},
		{
			"id": "bone20",
			"parent": "tail",
			"rotation": [0, 30, 0],
			"boxes": [
				{
					"textureOffset": [0, 2],
					"coordinates": [-0.5, -1, 3.73205, 1, 1, 2]
				}
			]
		},
		{
			"id": "bone21",
			"parent": "tail",
			"rotation": [0, 60, 0],
			"boxes": [
				{
					"textureOffset": [0, 2],
					"coordinates": [-0.5, -2.73205, 4.73205, 1, 1, 2]
				}
			]
		},
		{
			"id": "bone22",
			"parent": "tail",
			"rotation": [0, 90, 0],
			"boxes": [
				{
					"textureOffset": [0, 2],
					"coordinates": [-0.5, -4.73205, 4.73205, 1, 1, 2]
				}
			]
		},
		{
			"id": "bone23",
			"parent": "tail",
			"rotation": [0, 75, 0],
			"boxes": [
				{
					"textureOffset": [0, 2],
					"coordinates": [-0.5, -3.38014, 7.53674, 1, 1, 2]
				}
			]
		},
		{
			"id": "bone24",
			"parent": "tail",
			"rotation": [0, 60, 0],
			"boxes": [
				{
					"textureOffset": [0, 2],
					"coordinates": [-0.5, -1.34839, 9.89595, 1, 1, 2]
				}
			]
		},
		{
			"id": "bone25",
			"parent": "tail",
			"rotation": [0, 45, 0],
			"boxes": [
				{
					"textureOffset": [0, 2],
					"coordinates": [-0.5, 1.22474, 11.64893, 1, 1, 2]
				}
			]
		},
		{
			"id": "bone26",
			"parent": "tail",
			"rotation": [0, 30, 0],
			"boxes": [
				{
					"textureOffset": [0, 2],
					"coordinates": [-0.5, 4.1639, 12.67619, 1, 1, 2]
				}
			]
		},
		{
			"id": "bone27",
			"parent": "tail",
			"rotation": [0, 15, 0],
			"boxes": [
				{
					"textureOffset": [0, 2],
					"coordinates": [-0.5, 7.26879, 12.90775, 1, 1, 2]
				}
			]
		},
		{
			"id": "bone28",
			"parent": "tail",
			"boxes": [
				{
					"textureOffset": [0, 2],
					"coordinates": [-0.5, 10.3278, 12.3278, 1, 1, 2]
				}
			]
		},
		{
			"id": "bone29",
			"parent": "tail",
			"rotation": [0, -30, 0],
			"boxes": [
				{
					"textureOffset": [0, 2],
					"coordinates": [-0.5, 14.97407, 7.01229, 1, 1, 2]
				}
			]
		},
		{
			"id": "bone30",
			"parent": "tail",
			"rotation": [0, -60, 0],
			"boxes": [
				{
					"textureOffset": [0, 2],
					"coordinates": [-0.5, 16.34009, 0.08579, 1, 1, 2]
				}
			]
		},
		{
			"id": "bone31",
			"parent": "tail",
			"rotation": [0, -90, 0],
			"boxes": [
				{
					"textureOffset": [0, 2],
					"coordinates": [-0.5, 14.05986, -6.59575, 1, 1, 2]
				}
			]
		},
		{
			"id": "bone32",
			"parent": "tail",
			"rotation": [0, -120, 0],
			"boxes": [
				{
					"textureOffset": [0, 2],
					"coordinates": [-0.5, 8.74434, -11.24202, 1, 1, 2]
				}
			]
		},
		{
			"id": "bone33",
			"parent": "tail",
			"rotation": [0, -150, 0],
			"boxes": [
				{
					"textureOffset": [0, 2],
					"coordinates": [-0.5, 1.81784, -12.60804, 1, 1, 2]
				}
			]
		},
		{
			"id": "bone34",
			"parent": "tail",
			"rotation": [0, 180, 0],
			"boxes": [
				{
					"textureOffset": [0, 2],
					"coordinates": [-0.5, -4.8637, -10.3278, 1, 1, 2]
				}
			]
		},
		{
			"id": "bone35",
			"parent": "tail",
			"rotation": [0, 150, 0],
			"boxes": [
				{
					"textureOffset": [0, 2],
					"coordinates": [-0.5, -9.50997, -5.01229, 1, 1, 2]
				}
			]
		},
		{
			"id": "bone36",
			"parent": "tail",
			"rotation": [0, 120, 0],
			"boxes": [
				{
					"textureOffset": [0, 2],
					"coordinates": [-0.5, -10.87599, 1.91421, 1, 1, 2]
				}
			]
		},
		{
			"id": "bucket",
			"parent": "tail",
			"boxes": [
				{
					"textureOffset": [0, 36],
					"coordinates": [-3.5, -1, 14, 7, 6, 5]
				}
			]
		},
		{
			"id": "left_leg_c",
			"parent": "left_leg",
			"texture": "tex.nazrin",
			"scale": [1.33333, 1.33333, 1.33333],
			"boxes": [
				{
					"textureOffset": [0, 47],
					"coordinates": [-1.5, -9, 1.5, 3, 9, 3]
				},
				{
					"textureOffset": [38, 16],
					"coordinates": [-1.5, -6, 1.5, 3, 1, 3],
					"sizeAdd": 0.25
				}
			]
		},
		{
			"id": "left_leg_c_legging_left",
			"parent": "left_leg_c",
			"attached": ["armor_left_leg_all"],
			"scale": [0.75, 0.75, 0.75]
		},
		{
			"id": "right_leg_c",
			"parent": "right_leg",
			"texture": "tex.nazrin",
			"scale": [1.33333, 1.33333, 1.33333],
			"boxes": [
				{
					"textureOffset": [0, 47],
					"coordinates": [-1.5, -9, 1.5, 3, 9, 3]
				},
				{
					"textureOffset": [38, 16],
					"coordinates": [-1.5, -6, 1.5, 3, 1, 3],
					"sizeAdd": 0.25
				}
			]
		},
		{
			"id": "right_leg_c_legging_right",
			"parent": "right_leg_c",
			"attached": ["armor_right_leg_all"],
			"scale": [0.75, 0.75, 0.75]
		},
		{
			"id": "left_arm_c",
			"parent": "left_arm",
			"texture": "tex.nazrin",
			"scale": [1.33333, 1.33333, 1.33333],
			"rotation": [0, 0, "var.left_arm_roll"],
			"boxes": [
				{
					"textureOffset": [12, 47],
					"coordinates": [-2, -9, 1, 2, 8, 2]
				}
			]
		},
		{
			"id": "left_arm_c_chestplate_left",
			"parent": "left_arm_c",
			"attached": ["chestplate_left_arm"],
			"position": [0, -2, 0],
			"scale": [0.75, 0.75, 0.75]
		},
		{
			"id": "left_arm_c_item_left",
			"parent": "left_arm_c",
			"attached": ["held_item_left"],
			"position": [-1, -12, -1],
			"scale": [0.75, 0.75, 0.75]
		},
		{
			"id": "right_arm_c",
			"parent": "right_arm",
			"texture": "tex.nazrin",
			"scale": [1.33333, 1.33333, 1.33333],
			"rotation": [0, 0, "var.right_arm_roll"],
			"boxes": [
				{
					"textureOffset": [12, 47],
					"coordinates": [0, -9, 1, 2, 8, 2]
				}
			]
		},
		{
			"id": "right_arm_c_chestplate_right",
			"parent": "right_arm_c",
			"attached": ["chestplate_right_arm"],
			"position": [0, -2, 0],
			"scale": [0.75, 0.75, 0.75]
		},
		{
			"id": "right_arm_c_item_right",
			"parent": "right_arm_c",
			"attached": ["held_item_right"],
			"position": [1, -12, -1],
			"scale": [0.75, 0.75, 0.75]
		}
	]
}