{
    "id": 162,
    "name": "Succubus Helltaker Skin (Grimoire of Gaia 3)",
    "version": "1.0.0",
    "author": "Model by Silentine, Texture by TheStimerGames, Ported by V972",
    "desc": "### Succubus mob model (Helltaker palette)\\r\\nfrom the mod [Grimoire of Gaia 3](https://www.curseforge.com/minecraft/mc-mods/grimoire-of-gaia).\\r\\n\\r\\nYes, this is the only difference :^)\\r\\n\\r\\n#### Model features:\\r\\n-- Supports all player features.  \\r\\n-- Custom fitting armor (supports all vanilla and in theory modded armor).  \\r\\n-- Parrots sit on horns.  \\r\\n-- Wings become large enough to glide when equipping elytra and take appropriate position when gliding.\\r\\n\\r\\n#### Credit\\r\\n-- Original model by Silentine  \\r\\n-- Texture by TheStimerGames\\r\\n\\r\\nPorted and uploaded [with developer\\'s permission](https://discordapp.com/channels/488774215961542666/488774215961542668/708450777311608854) (link to Discord message).  \\r\\nIf you find any bugs or have suggestions, find me on Discord: **`V972#8352`**.\\r\\n\\r\\n#### Changelog:\\r\\n-- V 1.0.0\\r\\nInitial upload.",
    "tags": "helltaker; succubus; demon; monstergirl; monster; girl; grimoireofgaia; grimoireofgaia3; grimoire; gaia;",
    "likes": 47,
    "legacy": true
}