{
	"modelId": "koakuma",
	"modelName": "Koakuma",
	"version": "1.0.0",
	"author": "Succinum, ZeniCrow, Paulzzh, Tian_mi",
	"hide": ["model_all", "feature_all"],
	"skeleton": {
		"right_arm_all": [4, -0.66667, 0],
		"left_arm_all": [-4, -0.66667, 0]
	},
	"variables": {
		"left_arm_roll": "if(is_first_person,0,-25)",
		"right_arm_roll": "if(is_first_person,0,25)"
	},
	"bones": [
		{
			"id": "head_c",
			"parent": "head",
			"texture": "tex.koakuma",
			"scale": [1.33333, 1.33333, 1.33333],
			"boxes": [
				{
					"textureOffset": [40, 30],
					"coordinates": [-4, 0, 4, 8, 8, 8]
				}
			]
		},
		{
			"id": "head_c_helmet_hat",
			"parent": "head_c",
			"attached": ["helmet_all", "head_wearing"]
		},
		{
			"id": "blink",
			"parent": "head_c",
			"visible": "fmod(age,60)<5",
			"boxes": [
				{
					"textureOffset": [32, 58],
					"coordinates": [-4, 0, -4.001, 8, 8, 0.001]
				}
			]
		},
		{
			"id": "earRight",
			"parent": "head_c",
			"boxes": []
		},
		{
			"id": "bone16_cpm_dummy",
			"parent": "earRight",
			"position": [4, 5, 0]
		},
		{
			"id": "bone16",
			"parent": "bone16_cpm_dummy",
			"rotation": [0, 0, -45],
			"boxes": [
				{
					"textureOffset": [12, 122],
					"coordinates": [-1, 0, 0, 1, 1, 1]
				}
			]
		},
		{
			"id": "bone17_cpm_dummy",
			"parent": "earRight",
			"position": [4, 5, 0]
		},
		{
			"id": "bone17",
			"parent": "bone17_cpm_dummy",
			"rotation": [0, 0, -30],
			"boxes": [
				{
					"textureOffset": [12, 120],
					"coordinates": [-0.74118, 0.96593, 0, 1, 1, 1]
				}
			]
		},
		{
			"id": "bone18_cpm_dummy",
			"parent": "earRight",
			"position": [4, 5, 0]
		},
		{
			"id": "bone18",
			"parent": "bone18_cpm_dummy",
			"rotation": [0, 0, -15],
			"boxes": [
				{
					"textureOffset": [8, 122],
					"coordinates": [-0.24118, 1.83195, 0, 1, 1, 1]
				}
			]
		},
		{
			"id": "bone19_cpm_dummy",
			"parent": "earRight",
			"position": [4, 5, 0]
		},
		{
			"id": "bone19",
			"parent": "bone19_cpm_dummy",
			"boxes": [
				{
					"textureOffset": [48, 116],
					"coordinates": [0.46593, 2.53906, 0, 1, 2, 1]
				}
			]
		},
		{
			"id": "bone20_cpm_dummy",
			"parent": "earRight",
			"position": [4, 5, 0]
		},
		{
			"id": "bone20",
			"parent": "bone20_cpm_dummy",
			"rotation": [0, 0, 90],
			"boxes": [
				{
					"textureOffset": [28, 116],
					"coordinates": [3.53906, -4.46593, 0, 1, 3, 1]
				}
			]
		},
		{
			"id": "bone21_cpm_dummy",
			"parent": "earRight",
			"position": [4, 5, 0]
		},
		{
			"id": "bone21",
			"parent": "bone21_cpm_dummy",
			"rotation": [0, 0, 60],
			"boxes": [
				{
					"textureOffset": [8, 120],
					"coordinates": [3.29788, -2.09808, -0.5, 2, 2, 0.001]
				}
			]
		},
		{
			"id": "bone35_cpm_dummy",
			"parent": "earRight",
			"position": [4, 5, 0]
		},
		{
			"id": "bone35",
			"parent": "bone35_cpm_dummy",
			"rotation": [0, 0, 20],
			"boxes": [
				{
					"textureOffset": [44, 116],
					"coordinates": [1.58936, 0.0447, -0.5, 2, 3, 0.001]
				}
			]
		},
		{
			"id": "bone36_cpm_dummy",
			"parent": "earRight",
			"position": [4, 5, 0]
		},
		{
			"id": "bone36",
			"parent": "bone36_cpm_dummy",
			"boxes": [
				{
					"textureOffset": [16, 123],
					"coordinates": [0.47822, 0.5856, -0.5, 1, 1, 0.001]
				}
			]
		},
		{
			"id": "earLeft",
			"parent": "head_c",
			"rotation": [180, 0, 0],
			"boxes": []
		},
		{
			"id": "bone37_cpm_dummy",
			"parent": "earLeft",
			"position": [4, 5, 0]
		},
		{
			"id": "bone37",
			"parent": "bone37_cpm_dummy",
			"rotation": [0, 0, -45],
			"boxes": [
				{
					"textureOffset": [0, 120],
					"coordinates": [-1, 0, 1, 1, 1, 1]
				}
			]
		},
		{
			"id": "bone38_cpm_dummy",
			"parent": "earLeft",
			"position": [4, 5, 0]
		},
		{
			"id": "bone38",
			"parent": "bone38_cpm_dummy",
			"rotation": [0, 0, -30],
			"boxes": [
				{
					"textureOffset": [56, 116],
					"coordinates": [-0.74118, 0.96593, 1, 1, 1, 1]
				}
			]
		},
		{
			"id": "bone39_cpm_dummy",
			"parent": "earLeft",
			"position": [4, 5, 0]
		},
		{
			"id": "bone39",
			"parent": "bone39_cpm_dummy",
			"rotation": [0, 0, -15],
			"boxes": [
				{
					"textureOffset": [52, 118],
					"coordinates": [-0.24118, 1.83195, 1, 1, 1, 1]
				}
			]
		},
		{
			"id": "bone40_cpm_dummy",
			"parent": "earLeft",
			"position": [4, 5, 0]
		},
		{
			"id": "bone40",
			"parent": "bone40_cpm_dummy",
			"boxes": [
				{
					"textureOffset": [40, 116],
					"coordinates": [0.46593, 2.53906, 1, 1, 2, 1]
				}
			]
		},
		{
			"id": "bone41_cpm_dummy",
			"parent": "earLeft",
			"position": [4, 5, 0]
		},
		{
			"id": "bone41",
			"parent": "bone41_cpm_dummy",
			"rotation": [0, 0, 90],
			"boxes": [
				{
					"textureOffset": [24, 116],
					"coordinates": [3.53906, -4.46593, 1, 1, 3, 1]
				}
			]
		},
		{
			"id": "bone42_cpm_dummy",
			"parent": "earLeft",
			"position": [4, 5, 0]
		},
		{
			"id": "bone42",
			"parent": "bone42_cpm_dummy",
			"rotation": [0, 0, 60],
			"boxes": [
				{
					"textureOffset": [52, 116],
					"coordinates": [3.29788, -2.09808, 0.5, 2, 2, 0.001]
				}
			]
		},
		{
			"id": "bone43_cpm_dummy",
			"parent": "earLeft",
			"position": [4, 5, 0]
		},
		{
			"id": "bone43",
			"parent": "bone43_cpm_dummy",
			"rotation": [0, 0, 20],
			"boxes": [
				{
					"textureOffset": [36, 116],
					"coordinates": [1.58936, 0.0447, 0.5, 2, 3, 0.001]
				}
			]
		},
		{
			"id": "bone44_cpm_dummy",
			"parent": "earLeft",
			"position": [4, 5, 0]
		},
		{
			"id": "bone44",
			"parent": "bone44_cpm_dummy",
			"boxes": [
				{
					"textureOffset": [16, 122],
					"coordinates": [0.47822, 0.5856, 0.5, 1, 1, 0.001]
				}
			]
		},
		{
			"id": "hairBottom",
			"parent": "head_c",
			"boxes": []
		},
		{
			"id": "bone22_cpm_dummy",
			"parent": "hairBottom",
			"position": [0, 0, -4]
		},
		{
			"id": "bone22",
			"parent": "bone22_cpm_dummy",
			"rotation": [0, -10, 0],
			"boxes": [
				{
					"textureOffset": [6, 120],
					"coordinates": [3, -4, 0, 1, 4, 0.001]
				},
				{
					"textureOffset": [4, 120],
					"coordinates": [-4, -4, 0, 1, 4, 0.001]
				}
			]
		},
		{
			"id": "bone23_cpm_dummy",
			"parent": "hairBottom",
			"position": [4, 0, 0]
		},
		{
			"id": "bone23",
			"parent": "bone23_cpm_dummy",
			"rotation": [0, 0, 5],
			"boxes": [
				{
					"textureOffset": [2, 107],
					"coordinates": [0, -8, -3, 0.001, 8, 1]
				},
				{
					"textureOffset": [24, 98],
					"coordinates": [0, -8, 4, 0.001, 8, 1]
				}
			]
		},
		{
			"id": "bone25_cpm_dummy",
			"parent": "hairBottom",
			"position": [4, 0, 0]
		},
		{
			"id": "bone25",
			"parent": "bone25_cpm_dummy",
			"rotation": [0, 0, 10],
			"boxes": [
				{
					"textureOffset": [0, 107],
					"coordinates": [0, -8, -2, 0.001, 8, 1]
				},
				{
					"textureOffset": [26, 98],
					"coordinates": [0, -8, 3, 0.001, 8, 1]
				}
			]
		},
		{
			"id": "bone30_cpm_dummy",
			"parent": "hairBottom",
			"position": [0, 0, 4]
		},
		{
			"id": "bone30",
			"parent": "bone30_cpm_dummy",
			"rotation": [0, 5, 0],
			"boxes": [
				{
					"textureOffset": [18, 107],
					"coordinates": [3, -8, 0, 1, 8, 0.001]
				},
				{
					"textureOffset": [10, 107],
					"coordinates": [-1, -8, 0, 1, 8, 0.001]
				}
			]
		},
		{
			"id": "bone31_cpm_dummy",
			"parent": "hairBottom",
			"position": [0, 0, 4]
		},
		{
			"id": "bone31",
			"parent": "bone31_cpm_dummy",
			"rotation": [0, 10, 0],
			"boxes": [
				{
					"textureOffset": [16, 107],
					"coordinates": [2, -8, 0, 1, 8, 0.001]
				},
				{
					"textureOffset": [12, 107],
					"coordinates": [0, -8, 0, 1, 8, 0.001]
				},
				{
					"textureOffset": [8, 107],
					"coordinates": [-2, -8, 0, 1, 8, 0.001]
				},
				{
					"textureOffset": [4, 107],
					"coordinates": [-4, -8, 0, 1, 8, 0.001]
				}
			]
		},
		{
			"id": "bone32_cpm_dummy",
			"parent": "hairBottom",
			"position": [0, 0, 4]
		},
		{
			"id": "bone32",
			"parent": "bone32_cpm_dummy",
			"rotation": [0, 15, 0],
			"boxes": [
				{
					"textureOffset": [14, 107],
					"coordinates": [1, -8, 0, 1, 8, 0.001]
				},
				{
					"textureOffset": [6, 107],
					"coordinates": [-3, -8, 0, 1, 8, 0.001]
				}
			]
		},
		{
			"id": "bone33_cpm_dummy",
			"parent": "hairBottom",
			"position": [-4, 0, 0]
		},
		{
			"id": "bone33",
			"parent": "bone33_cpm_dummy",
			"rotation": [0, 0, -5],
			"boxes": [
				{
					"textureOffset": [22, 98],
					"coordinates": [0, -8, -3, 0.001, 8, 1]
				},
				{
					"textureOffset": [20, 98],
					"coordinates": [0, -8, 4, 0.001, 8, 1]
				}
			]
		},
		{
			"id": "bone34_cpm_dummy",
			"parent": "hairBottom",
			"position": [-4, 0, 0]
		},
		{
			"id": "bone34",
			"parent": "bone34_cpm_dummy",
			"rotation": [0, 0, -10],
			"boxes": [
				{
					"textureOffset": [18, 98],
					"coordinates": [0, -8, -2, 0.001, 8, 1]
				},
				{
					"textureOffset": [16, 98],
					"coordinates": [0, -8, 3, 0.001, 8, 1]
				}
			]
		},
		{
			"id": "right_arm_c",
			"parent": "right_arm",
			"texture": "tex.koakuma",
			"scale": [1.33333, 1.33333, 1.33333],
			"rotation": [0, 0, "var.right_arm_roll"],
			"boxes": [
				{
					"textureOffset": [8, 83],
					"coordinates": [0, -9, 1, 2, 8, 2]
				},
				{
					"textureOffset": [60, 77],
					"coordinates": [-0.5, -3, 1.5, 3, 3, 3]
				}
			]
		},
		{
			"id": "right_arm_c_chestplate_right",
			"parent": "right_arm_c",
			"attached": ["chestplate_right_arm"],
			"position": [0, -2, 0],
			"scale": [0.75, 0.75, 0.75]
		},
		{
			"id": "right_arm_c_item_right",
			"parent": "right_arm_c",
			"attached": ["held_item_right"],
			"position": [1, -12, -1],
			"scale": [0.75, 0.75, 0.75]
		},
		{
			"id": "left_arm_c",
			"parent": "left_arm",
			"texture": "tex.koakuma",
			"scale": [1.33333, 1.33333, 1.33333],
			"rotation": [0, 0, "var.left_arm_roll"],
			"boxes": [
				{
					"textureOffset": [48, 77],
					"coordinates": [-2.5, -3, 1.5, 3, 3, 3]
				},
				{
					"textureOffset": [0, 83],
					"coordinates": [-2, -9, 1, 2, 8, 2]
				}
			]
		},
		{
			"id": "left_arm_c_chestplate_left",
			"parent": "left_arm_c",
			"attached": ["chestplate_left_arm"],
			"position": [0, -2, 0],
			"scale": [0.75, 0.75, 0.75]
		},
		{
			"id": "left_arm_c_item_left",
			"parent": "left_arm_c",
			"attached": ["held_item_left"],
			"position": [-1, -12, -1],
			"scale": [0.75, 0.75, 0.75]
		},
		{
			"id": "body_c",
			"parent": "body",
			"texture": "tex.koakuma",
			"scale": [1.33333, 1.33333, 1.33333],
			"boxes": [
				{
					"textureOffset": [0, 46],
					"coordinates": [-3, 1.5, 3, 6, 6, 6]
				},
				{
					"textureOffset": [72, 30],
					"coordinates": [-4, -1.5, 4, 8, 3, 8]
				},
				{
					"textureOffset": [0, 30],
					"coordinates": [-5, -4.5, 5, 10, 3, 10]
				},
				{
					"textureOffset": [24, 46],
					"coordinates": [-4, -3.5, 2, 8, 2, 4]
				},
				{
					"textureOffset": [32, 116],
					"coordinates": [-0.7, 3.8, -2.5, 1.4, 3, 1]
				}
			],
			"position": [0, -7.5, 0]
		},
		{
			"id": "body_c_chestplate_body",
			"parent": "body_c",
			"attached": ["armor_body_all"],
			"scale": [0.75, 0.75, 1.05],
			"position": [0, 10, 0]
		},
		{
			"id": "body_c_cape_elytra",
			"parent": "body_c_chestplate_body",
			"attached": ["cape", "elytra"],
			"texture": "tex.skin"
		},
		{
			"id": "body_c_parrot_left",
			"parent": "body_c",
			"attached": ["shoulder_parrot_left"],
			"position": [-6.5, 10, 0],
			"scale": [0.75, 0.75, 0.75]
		},
		{
			"id": "body_c_parrot_right",
			"parent": "body_c",
			"attached": ["shoulder_parrot_right"],
			"position": [6.5, 10, 0],
			"scale": [0.75, 0.75, 0.75]
		},
		{
			"id": "bone14_cpm_dummy",
			"parent": "body_c",
			"position": [0, 7.5, -3]
		},
		{
			"id": "bone14",
			"parent": "bone14_cpm_dummy",
			"rotation": [0, 0, -45],
			"boxes": [
				{
					"textureOffset": [18, 116],
					"coordinates": [-1, -1, 0.5, 2, 2, 1]
				}
			]
		},
		{
			"id": "bone15_cpm_dummy",
			"parent": "body_c",
			"position": [0, 3.8, -3]
		},
		{
			"id": "bone15",
			"parent": "bone15_cpm_dummy",
			"rotation": [0, 0, -45],
			"boxes": [
				{
					"textureOffset": [16, 120],
					"coordinates": [-0.5, -0.5, 0.5, 1, 1, 1]
				}
			]
		},
		{
			"id": "wingRight_cpm_dummy",
			"parent": "body_c",
			"position": [1, 2.5, 3]
		},
		{
			"id": "wingRight",
			"parent": "wingRight_cpm_dummy",
			"rotation": ["-todeg(cos(age*0.3)*0.2+1)", 0, 0],
			"boxes": []
		},
		{
			"id": "bone24",
			"parent": "wingRight",
			"rotation": [0, 30, 0],
			"boxes": [
				{
					"textureOffset": [12, 116],
					"coordinates": [0, -1, 2, 1, 1, 2]
				}
			]
		},
		{
			"id": "bone4",
			"parent": "wingRight",
			"rotation": [0, 45, 0],
			"boxes": [
				{
					"textureOffset": [8, 102],
					"coordinates": [0, -1.48356, 4.67303, 1, 1, 3]
				}
			]
		},
		{
			"id": "bone5",
			"parent": "wingRight",
			"rotation": [0, 60, 0],
			"boxes": [
				{
					"textureOffset": [50, 93],
					"coordinates": [0, -2.64248, 8.12983, 1, 1, 4]
				}
			]
		},
		{
			"id": "bone6",
			"parent": "wingRight",
			"rotation": [0, 75, 0],
			"boxes": [
				{
					"textureOffset": [36, 77],
					"coordinates": [0, -4.6566, 12.16889, 1, 1, 5]
				}
			]
		},
		{
			"id": "bone26",
			"parent": "wingRight",
			"rotation": [0, 150, 0],
			"boxes": [
				{
					"textureOffset": [66, 46],
					"coordinates": [0, -11.99353, -1.60721, 1, 1, 8]
				}
			]
		},
		{
			"id": "bone27",
			"parent": "wingRight",
			"rotation": [0, 135, 0],
			"boxes": [
				{
					"textureOffset": [42, 70],
					"coordinates": [0, -14.07139, -6.17569, 1, 1, 6]
				}
			]
		},
		{
			"id": "bone28",
			"parent": "wingRight",
			"rotation": [0, 120, 0],
			"boxes": [
				{
					"textureOffset": [60, 93],
					"coordinates": [0, -16.74322, -8.11887, 1, 1, 4]
				}
			]
		},
		{
			"id": "bone29",
			"parent": "wingRight",
			"rotation": [0, 105, 0],
			"boxes": [
				{
					"textureOffset": [6, 116],
					"coordinates": [0, -19.3093, -7.37247, 1, 1, 2]
				}
			]
		},
		{
			"id": "bone2",
			"parent": "wingRight",
			"rotation": [0, 130, 0],
			"boxes": [
				{
					"textureOffset": [16, 58],
					"coordinates": [0, -11.88024, 2.24973, 1, 1, 7]
				}
			]
		},
		{
			"id": "bone8",
			"parent": "wingRight",
			"rotation": [0, 115, 0],
			"boxes": [
				{
					"textureOffset": [12, 77],
					"coordinates": [0, -12.70489, -1.51358, 1, 1, 5]
				}
			]
		},
		{
			"id": "bone11",
			"parent": "wingRight",
			"rotation": [0, 100, 0],
			"boxes": [
				{
					"textureOffset": [30, 93],
					"coordinates": [0, -13.95782, -3.00337, 1, 1, 4]
				}
			]
		},
		{
			"id": "bone3",
			"parent": "wingRight",
			"rotation": [0, 110, 0],
			"boxes": [
				{
					"textureOffset": [28, 70],
					"coordinates": [0, -10.45463, 5.83531, 1, 1, 6]
				}
			]
		},
		{
			"id": "bone9",
			"parent": "wingRight",
			"rotation": [0, 95, 0],
			"boxes": [
				{
					"textureOffset": [40, 93],
					"coordinates": [0, -10.14102, 2.54678, 1, 1, 4]
				}
			]
		},
		{
			"id": "bone12",
			"parent": "wingRight",
			"rotation": [0, 80, 0],
			"boxes": [
				{
					"textureOffset": [20, 93],
					"coordinates": [0, -10.17159, 1.22099, 1, 1, 4]
				}
			]
		},
		{
			"id": "bone7",
			"parent": "wingRight",
			"rotation": [0, 85, 0],
			"boxes": [
				{
					"textureOffset": [24, 77],
					"coordinates": [0, -7.10269, 9.28429, 1, 1, 5]
				}
			]
		},
		{
			"id": "bone10",
			"parent": "wingRight",
			"rotation": [0, 80, 0],
			"boxes": [
				{
					"textureOffset": [8, 98],
					"coordinates": [0, -6.70226, 4.88703, 1, 1, 3]
				}
			]
		},
		{
			"id": "bone13",
			"parent": "wingRight",
			"rotation": [0, 65, 0],
			"boxes": [
				{
					"textureOffset": [10, 93],
					"coordinates": [0, -5.98549, 3.5574, 1, 1, 4]
				}
			]
		},
		{
			"id": "bone",
			"parent": "wingRight",
			"rotation": [0, -30, 0],
			"boxes": [
				{
					"textureOffset": [38, 0],
					"coordinates": [0.5, 0, 19.9, 0.001, 11, 19]
				}
			]
		},
		{
			"id": "wingLeft_cpm_dummy",
			"parent": "body_c",
			"position": [-1, 2.5, 3]
		},
		{
			"id": "wingLeft",
			"parent": "wingLeft_cpm_dummy",
			"rotation": ["todeg(cos(age*0.3)*0.2+1)", 0, 0],
			"boxes": []
		},
		{
			"id": "bone45_cpm_dummy",
			"parent": "wingLeft",
			"position": [-1, 0, 0]
		},
		{
			"id": "bone45",
			"parent": "bone45_cpm_dummy",
			"rotation": [0, 30, 0],
			"boxes": [
				{
					"textureOffset": [0, 116],
					"coordinates": [0, -1, 2, 1, 1, 2]
				}
			]
		},
		{
			"id": "bone46_cpm_dummy",
			"parent": "wingLeft",
			"position": [-1, 0, 0]
		},
		{
			"id": "bone46",
			"parent": "bone46_cpm_dummy",
			"rotation": [0, 45, 0],
			"boxes": [
				{
					"textureOffset": [0, 102],
					"coordinates": [0, -1.48356, 4.67303, 1, 1, 3]
				}
			]
		},
		{
			"id": "bone47_cpm_dummy",
			"parent": "wingLeft",
			"position": [-1, 0, 0]
		},
		{
			"id": "bone47",
			"parent": "bone47_cpm_dummy",
			"rotation": [0, 60, 0],
			"boxes": [
				{
					"textureOffset": [0, 93],
					"coordinates": [0, -2.64248, 8.12983, 1, 1, 4]
				}
			]
		},
		{
			"id": "bone48_cpm_dummy",
			"parent": "wingLeft",
			"position": [-1, 0, 0]
		},
		{
			"id": "bone48",
			"parent": "bone48_cpm_dummy",
			"rotation": [0, 75, 0],
			"boxes": [
				{
					"textureOffset": [0, 77],
					"coordinates": [0, -4.6566, 12.16889, 1, 1, 5]
				}
			]
		},
		{
			"id": "bone49_cpm_dummy",
			"parent": "wingLeft",
			"position": [-1, 0, 0]
		},
		{
			"id": "bone49",
			"parent": "bone49_cpm_dummy",
			"rotation": [0, 150, 0],
			"boxes": [
				{
					"textureOffset": [48, 46],
					"coordinates": [0, -11.99353, -1.60721, 1, 1, 8]
				}
			]
		},
		{
			"id": "bone50_cpm_dummy",
			"parent": "wingLeft",
			"position": [-1, 0, 0]
		},
		{
			"id": "bone50",
			"parent": "bone50_cpm_dummy",
			"rotation": [0, 135, 0],
			"boxes": [
				{
					"textureOffset": [14, 70],
					"coordinates": [0, -14.07139, -6.17569, 1, 1, 6]
				}
			]
		},
		{
			"id": "bone51_cpm_dummy",
			"parent": "wingLeft",
			"position": [-1, 0, 0]
		},
		{
			"id": "bone51",
			"parent": "bone51_cpm_dummy",
			"rotation": [0, 120, 0],
			"boxes": [
				{
					"textureOffset": [36, 83],
					"coordinates": [0, -16.74322, -8.11887, 1, 1, 4]
				}
			]
		},
		{
			"id": "bone52_cpm_dummy",
			"parent": "wingLeft",
			"position": [-1, 0, 0]
		},
		{
			"id": "bone52",
			"parent": "bone52_cpm_dummy",
			"rotation": [0, 105, 0],
			"boxes": [
				{
					"textureOffset": [20, 107],
					"coordinates": [0, -19.3093, -7.37247, 1, 1, 2]
				}
			]
		},
		{
			"id": "bone53_cpm_dummy",
			"parent": "wingLeft",
			"position": [-1, 0, 0]
		},
		{
			"id": "bone53",
			"parent": "bone53_cpm_dummy",
			"rotation": [0, 130, 0],
			"boxes": [
				{
					"textureOffset": [0, 58],
					"coordinates": [0, -11.88024, 2.24973, 1, 1, 7]
				}
			]
		},
		{
			"id": "bone54_cpm_dummy",
			"parent": "wingLeft",
			"position": [-1, 0, 0]
		},
		{
			"id": "bone54",
			"parent": "bone54_cpm_dummy",
			"rotation": [0, 115, 0],
			"boxes": [
				{
					"textureOffset": [68, 70],
					"coordinates": [0, -12.70489, -1.51358, 1, 1, 5]
				}
			]
		},
		{
			"id": "bone55_cpm_dummy",
			"parent": "wingLeft",
			"position": [-1, 0, 0]
		},
		{
			"id": "bone55",
			"parent": "bone55_cpm_dummy",
			"rotation": [0, 100, 0],
			"boxes": [
				{
					"textureOffset": [26, 88],
					"coordinates": [0, -13.95782, -3.00337, 1, 1, 4]
				}
			]
		},
		{
			"id": "bone56_cpm_dummy",
			"parent": "wingLeft",
			"position": [-1, 0, 0]
		},
		{
			"id": "bone56",
			"parent": "bone56_cpm_dummy",
			"rotation": [0, 110, 0],
			"boxes": [
				{
					"textureOffset": [0, 70],
					"coordinates": [0, -10.45463, 5.83531, 1, 1, 6]
				}
			]
		},
		{
			"id": "bone57_cpm_dummy",
			"parent": "wingLeft",
			"position": [-1, 0, 0]
		},
		{
			"id": "bone57",
			"parent": "bone57_cpm_dummy",
			"rotation": [0, 95, 0],
			"boxes": [
				{
					"textureOffset": [26, 83],
					"coordinates": [0, -10.14102, 2.54678, 1, 1, 4]
				}
			]
		},
		{
			"id": "bone58_cpm_dummy",
			"parent": "wingLeft",
			"position": [-1, 0, 0]
		},
		{
			"id": "bone58",
			"parent": "bone58_cpm_dummy",
			"rotation": [0, 80, 0],
			"boxes": [
				{
					"textureOffset": [16, 88],
					"coordinates": [0, -10.17159, 1.22099, 1, 1, 4]
				}
			]
		},
		{
			"id": "bone59_cpm_dummy",
			"parent": "wingLeft",
			"position": [-1, 0, 0]
		},
		{
			"id": "bone59",
			"parent": "bone59_cpm_dummy",
			"rotation": [0, 85, 0],
			"boxes": [
				{
					"textureOffset": [56, 70],
					"coordinates": [0, -7.10269, 9.28429, 1, 1, 5]
				}
			]
		},
		{
			"id": "bone60_cpm_dummy",
			"parent": "wingLeft",
			"position": [-1, 0, 0]
		},
		{
			"id": "bone60",
			"parent": "bone60_cpm_dummy",
			"rotation": [0, 80, 0],
			"boxes": [
				{
					"textureOffset": [0, 98],
					"coordinates": [0, -6.70226, 4.88703, 1, 1, 3]
				}
			]
		},
		{
			"id": "bone61_cpm_dummy",
			"parent": "wingLeft",
			"position": [-1, 0, 0]
		},
		{
			"id": "bone61",
			"parent": "bone61_cpm_dummy",
			"rotation": [0, 65, 0],
			"boxes": [
				{
					"textureOffset": [16, 83],
					"coordinates": [0, -5.98549, 3.5574, 1, 1, 4]
				}
			]
		},
		{
			"id": "bone62_cpm_dummy",
			"parent": "wingLeft",
			"position": [-1, 0, 0]
		},
		{
			"id": "bone62",
			"parent": "bone62_cpm_dummy",
			"rotation": [0, -30, 0],
			"boxes": [
				{
					"textureOffset": [0, 0],
					"coordinates": [0.5, 0, 19.9, 0.001, 11, 19]
				}
			]
		},
		{
			"id": "left_leg_c",
			"parent": "left_leg",
			"texture": "tex.koakuma",
			"scale": [1.33333, 1.33333, 1.33333],
			"boxes": [
				{
					"textureOffset": [60, 58],
					"coordinates": [-1.5, -9, 1.5, 3, 9, 3]
				}
			]
		},
		{
			"id": "left_leg_c_legging_left",
			"parent": "left_leg_c",
			"attached": ["armor_left_leg_all"],
			"scale": [0.75, 0.75, 0.75]
		},
		{
			"id": "right_leg_c",
			"parent": "right_leg",
			"texture": "tex.koakuma",
			"scale": [1.33333, 1.33333, 1.33333],
			"boxes": [
				{
					"textureOffset": [48, 58],
					"coordinates": [-1.5, -9, 1.5, 3, 9, 3]
				}
			]
		},
		{
			"id": "right_leg_c_legging_right",
			"parent": "right_leg_c",
			"attached": ["armor_right_leg_all"],
			"scale": [0.75, 0.75, 0.75]
		}
	]
}