{
	"format_version": "1.12.0",
	"minecraft:geometry": [
		{
			"description": {
				"identifier": "geometry.steve",
				"texture_width": 48,
				"texture_height": 48,
				"visible_bounds_width": 3,
				"visible_bounds_height": 3.5,
				"visible_bounds_offset": [0, 1.25, 0]
			},
			"bones": [
				{
					"name": "head_c",
					"pivot": [0, 22.5, 0],
					"cubes": [
						{"origin": [-1, 22.5, -1], "size": [2, 1, 2], "uv": [22, 21]},
						{"origin": [-3, 23.5, -3], "size": [6, 6, 6], "uv": [0, 0]},
						{"origin": [-1.5, 24.5, -6], "size": [3, 2, 3], "uv": [24, 6]}
					]
				},
				{
					"name": "top_left_thing",
					"parent": "head_c",
					"pivot": [2, 27.5, 3],
					"rotation": [-25.24996, 32, -7],
					"cubes": [
						{"origin": [1.5, 27, 2.5], "size": [1, 1, 1], "inflate": 0.2, "uv": [18, 0]}
					]
				},
				{
					"name": "top_left_thing_2",
					"parent": "top_left_thing",
					"pivot": [2, 27.5, 3.5],
					"cubes": [
						{"origin": [1, 26.5, 3.5], "size": [2, 2, 1], "uv": [33, 27]}
					]
				},
				{
					"name": "top_left_thing_3",
					"parent": "top_left_thing_2",
					"pivot": [2, 27.5, 5.5],
					"cubes": [
						{"origin": [1, 26.5, 4.5], "size": [2, 2, 2], "inflate": 0.2, "uv": [31, 30]},
						{"origin": [1, 26.5, 6.25], "size": [2, 2, 1], "uv": [15, 12]}
					]
				},
				{
					"name": "top_right_thing",
					"parent": "head_c",
					"pivot": [-2, 27.5, 3],
					"rotation": [-25.24996, -32, 7],
					"cubes": [
						{"origin": [-2.5, 27, 2.5], "size": [1, 1, 1], "inflate": 0.2, "uv": [18, 0], "mirror": true}
					]
				},
				{
					"name": "top_right_thing_2",
					"parent": "top_right_thing",
					"pivot": [-2, 27.5, 3.5],
					"cubes": [
						{"origin": [-3, 26.5, 3.5], "size": [2, 2, 1], "uv": [33, 27], "mirror": true}
					]
				},
				{
					"name": "top_right_thing_3",
					"parent": "top_right_thing_2",
					"pivot": [-2, 27.5, 5.5],
					"cubes": [
						{"origin": [-3, 26.5, 6.25], "size": [2, 2, 1], "uv": [15, 12], "mirror": true},
						{"origin": [-3, 26.5, 4.5], "size": [2, 2, 2], "inflate": 0.2, "uv": [31, 30], "mirror": true}
					]
				},
				{
					"name": "bot_left_thing",
					"parent": "head_c",
					"pivot": [2, 24.5, 3],
					"rotation": [-25.24996, 32, -7],
					"cubes": [
						{"origin": [1.5, 24, 2.5], "size": [1, 1, 1], "inflate": 0.2, "uv": [18, 0]}
					]
				},
				{
					"name": "bot_left_thing_2",
					"parent": "bot_left_thing",
					"pivot": [2, 24.5, 3.5],
					"cubes": [
						{"origin": [1, 23.5, 3.5], "size": [2, 2, 1], "uv": [33, 27]}
					]
				},
				{
					"name": "bot_left_thing_3",
					"parent": "bot_left_thing_2",
					"pivot": [2, 24.5, 5.5],
					"cubes": [
						{"origin": [1, 23.5, 4.5], "size": [2, 2, 2], "inflate": 0.2, "uv": [31, 30]},
						{"origin": [1, 23.5, 6.25], "size": [2, 2, 1], "uv": [15, 12]}
					]
				},
				{
					"name": "bot_right_thing",
					"parent": "head_c",
					"pivot": [-2, 24.5, 3],
					"rotation": [-25.24996, -32, 7],
					"cubes": [
						{"origin": [-2.5, 24, 2.5], "size": [1, 1, 1], "inflate": 0.2, "uv": [18, 0], "mirror": true}
					]
				},
				{
					"name": "bot_right_thing_2",
					"parent": "bot_right_thing",
					"pivot": [-2, 24.5, 3.5],
					"cubes": [
						{"origin": [-3, 23.5, 3.5], "size": [2, 2, 1], "uv": [33, 27], "mirror": true}
					]
				},
				{
					"name": "bot_right_thing_3",
					"parent": "bot_right_thing_2",
					"pivot": [-2, 24.5, 5.5],
					"cubes": [
						{"origin": [-3, 23.5, 4.5], "size": [2, 2, 2], "inflate": 0.2, "uv": [31, 30], "mirror": true},
						{"origin": [-3, 23.5, 6.25], "size": [2, 2, 1], "uv": [15, 12], "mirror": true}
					]
				},
				{
					"name": "left_ear",
					"parent": "head_c",
					"pivot": [2, 29.5, 0],
					"rotation": [-10, 0, 17],
					"cubes": [
						{"origin": [1, 28.5, -1], "size": [3, 4, 2], "uv": [0, 25]},
						{"origin": [2, 32.5, -0.5], "size": [1, 1, 1], "uv": [18, 2]}
					]
				},
				{
					"name": "right_ear",
					"parent": "head_c",
					"pivot": [-2, 29.5, 0],
					"rotation": [-10, 0, -17],
					"cubes": [
						{"origin": [-4, 28.5, -1], "size": [3, 4, 2], "uv": [0, 25], "mirror": true},
						{"origin": [-3, 32.5, -0.5], "size": [1, 1, 1], "uv": [18, 2], "mirror": true}
					]
				},
				{
					"name": "body_c",
					"pivot": [0, 22.5, 0],
					"cubes": [
						{"origin": [-3.5, 12, -2], "size": [7, 2, 4], "uv": [18, 0]},
						{"origin": [-3, 14, -1.5], "size": [6, 8.5, 3], "uv": [0, 12]}
					]
				},
				{
					"name": "spike",
					"parent": "body_c",
					"pivot": [0, 23, 0],
					"cubes": [
						{"origin": [-1, 19.5, -2.5], "size": [2, 2, 1], "uv": [0, 36]},
						{"origin": [-0.5, 20, -3], "size": [1, 1, 1], "inflate": 0.1, "uv": [36, 0]},
						{"origin": [-0.5, 20, -3.75], "size": [1, 1, 1], "inflate": -0.2, "uv": [12, 35]}
					]
				},
				{
					"name": "left_shoulder",
					"parent": "body_c",
					"pivot": [0, 22.25, 0],
					"cubes": [
						{"origin": [3, 20, -0.5], "size": [1, 1, 1], "uv": [20, 34]},
						{"origin": [3, 21.5, -0.5], "size": [1, 1, 1], "uv": [34, 19]},
						{"origin": [3, 20.75, 0.25], "size": [1, 1, 1], "uv": [6, 31]},
						{"origin": [3, 20.75, -1.25], "size": [1, 1, 1], "uv": [28, 21]},
						{"origin": [3, 20.25, -1], "size": [1, 2, 2], "uv": [6, 34]}
					]
				},
				{
					"name": "right_shoulder",
					"parent": "body_c",
					"pivot": [0, 22.25, 0],
					"cubes": [
						{"origin": [-4, 20, -0.5], "size": [1, 1, 1], "uv": [20, 34], "mirror": true},
						{"origin": [-4, 21.5, -0.5], "size": [1, 1, 1], "uv": [34, 19], "mirror": true},
						{"origin": [-4, 20.75, 0.25], "size": [1, 1, 1], "uv": [6, 31], "mirror": true},
						{"origin": [-4, 20.75, -1.25], "size": [1, 1, 1], "uv": [28, 21], "mirror": true},
						{"origin": [-4, 20.25, -1], "size": [1, 2, 2], "uv": [6, 34], "mirror": true}
					]
				},
				{
					"name": "tails",
					"parent": "body_c",
					"pivot": [0, 15, 1.5],
					"rotation": [15, 0, 0],
					"cubes": [
						{"origin": [-0.5, 14.5, 1.5], "size": [1, 1, 2], "uv": [16, 34]},
						{"origin": [-0.5, 14, 2.75], "size": [1, 2, 3], "inflate": 0.1, "uv": [18, 29]},
						{"origin": [-1, 15, 4.25], "size": [2, 2, 4], "uv": [14, 21]},
						{"origin": [-1, 13, 7.75], "size": [2, 4, 1], "uv": [0, 0]},
						{"origin": [-1, 14, 8.5], "size": [2, 3, 1], "uv": [34, 15]}
					]
				},
				{
					"name": "left_arm_c",
					"pivot": [5, 21.5, 0]
				},
				{
					"name": "left_arm_1",
					"parent": "left_arm_c",
					"pivot": [5, 21.5, 0],
					"cubes": [
						{"origin": [4, 16, -1], "size": [2, 6, 2], "uv": [10, 27]}
					]
				},
				{
					"name": "left_arm_2",
					"parent": "left_arm_1",
					"pivot": [5, 16.5, 0],
					"cubes": [
						{"origin": [4, 11.5, -1.5], "size": [2, 5, 3], "inflate": 0.1, "uv": [23, 24]}
					]
				},
				{
					"name": "left_item_c",
					"parent": "left_arm_2",
					"pivot": [5, 11.5, 0]
				},
				{
					"name": "left_spike",
					"parent": "left_arm_2",
					"pivot": [5.75, 14, 0],
					"rotation": [0, -90, 0],
					"cubes": [
						{"origin": [4.75, 13, -1], "size": [2, 2, 1], "uv": [32, 34]},
						{"origin": [5.25, 13.5, -1.5], "size": [1, 1, 1], "inflate": 0.1, "uv": [16, 27]},
						{"origin": [5.25, 13.5, -2.25], "size": [1, 1, 1], "inflate": -0.2, "uv": [8, 25]}
					]
				},
				{
					"name": "right_arm_c",
					"pivot": [-5, 21.5, 0]
				},
				{
					"name": "right_arm_1",
					"parent": "right_arm_c",
					"pivot": [-5, 21.5, 0],
					"cubes": [
						{"origin": [-6, 16, -1], "size": [2, 6, 2], "uv": [10, 27], "mirror": true}
					]
				},
				{
					"name": "right_arm_2",
					"parent": "right_arm_1",
					"pivot": [-5, 16.5, 0],
					"cubes": [
						{"origin": [-6, 11.5, -1.5], "size": [2, 5, 3], "inflate": 0.1, "uv": [23, 24], "mirror": true}
					]
				},
				{
					"name": "right_item_c",
					"parent": "right_arm_2",
					"pivot": [-5, 11.5, 0]
				},
				{
					"name": "right_spike",
					"parent": "right_arm_2",
					"pivot": [-5.75, 14, 0],
					"rotation": [0, 90, 0],
					"cubes": [
						{"origin": [-6.75, 13, -1], "size": [2, 2, 1], "uv": [32, 34], "mirror": true},
						{"origin": [-6.25, 13.5, -1.5], "size": [1, 1, 1], "inflate": 0.1, "uv": [16, 27], "mirror": true},
						{"origin": [-6.25, 13.5, -2.25], "size": [1, 1, 1], "inflate": -0.2, "uv": [8, 25], "mirror": true}
					]
				},
				{
					"name": "left_leg_c",
					"pivot": [2, 12, 0]
				},
				{
					"name": "left_leg_1",
					"parent": "left_leg_c",
					"pivot": [2, 12, 0],
					"rotation": [-5, 0, 0],
					"cubes": [
						{"origin": [0, 7, -2], "size": [4, 5, 4], "inflate": 0.2, "uv": [18, 12]},
						{"origin": [1, 6, -1], "size": [2, 1, 2], "uv": [33, 6]}
					]
				},
				{
					"name": "left_leg_2",
					"parent": "left_leg_1",
					"pivot": [2, 6.5, 0],
					"rotation": [57.5, 0, 0],
					"cubes": [
						{"origin": [1, 3.5, -1], "size": [2, 3, 2], "uv": [0, 31]}
					]
				},
				{
					"name": "left_leg_3",
					"parent": "left_leg_2",
					"pivot": [2, 3.5, 0],
					"rotation": [-65, 0, 0],
					"cubes": [
						{"origin": [1, 0.5, -1], "size": [2, 4, 2], "uv": [30, 21]},
						{"origin": [1, -1, -1], "size": [2, 2, 2], "inflate": 0.2, "uv": [24, 32]}
					]
				},
				{
					"name": "left_paw",
					"parent": "left_leg_3",
					"pivot": [2, -1.25, 0],
					"rotation": [12.5, 0, 0],
					"cubes": [
						{"origin": [1, -1.25, -2], "size": [2, 1, 3], "inflate": 0.2, "uv": [30, 11]}
					]
				},
				{
					"name": "right_leg_c",
					"pivot": [-2, 12, 0]
				},
				{
					"name": "right_leg_1",
					"parent": "right_leg_c",
					"pivot": [-2, 12, 0],
					"rotation": [-5, 0, 0],
					"cubes": [
						{"origin": [-4, 7, -2], "size": [4, 5, 4], "inflate": 0.2, "uv": [18, 12], "mirror": true},
						{"origin": [-3, 6, -1], "size": [2, 1, 2], "uv": [33, 6], "mirror": true}
					]
				},
				{
					"name": "right_leg_2",
					"parent": "right_leg_1",
					"pivot": [-2, 6.5, 0],
					"rotation": [57.5, 0, 0],
					"cubes": [
						{"origin": [-3, 3.5, -1], "size": [2, 3, 2], "uv": [0, 31], "mirror": true}
					]
				},
				{
					"name": "right_leg_3",
					"parent": "right_leg_2",
					"pivot": [-2, 3.5, 0],
					"rotation": [-65, 0, 0],
					"cubes": [
						{"origin": [-3, 0.5, -1], "size": [2, 4, 2], "uv": [30, 21], "mirror": true},
						{"origin": [-3, -1, -1], "size": [2, 2, 2], "inflate": 0.2, "uv": [24, 32], "mirror": true}
					]
				},
				{
					"name": "right_paw",
					"parent": "right_leg_3",
					"pivot": [-2, -1.25, 0],
					"rotation": [12.5, 0, 0],
					"cubes": [
						{"origin": [-3, -1.25, -2], "size": [2, 1, 3], "inflate": 0.2, "uv": [30, 11], "mirror": true}
					]
				}
			]
		}
	]
}