{
	"name": "lucario",
	"version": "1.0",
	"author": [ "zerustu" ],
	"description": "lucario from pokemon",
	"skeleton": {
		"type": "biped",
		"param": {
			"leg_length": 12,
			"leg_interval": 4,
			"leg_offset": 0,
			"body_pivot_height": 22.5,
			"body_offset": 0,
			"arm_pivot_height": 21.5,
			"arm_interval": 10,
			"arm_offset": 0,
			"arm_length": 11,
			"head_pivot_height": 22.5,
			"head_offset": 0
		},
		"attachments": {
			"helmet":["head_c"],
			"item_left":["left_item_c"],
			"item_right":["right_item_c"]
		}
	},
	"size":{
		"standing": [0.7, 1.8],
		"sneaking": [0.7, 1.4]
	},

	"eye_height":{
		"standing": [1.6, 1],
		"sneaking": [1.2, 1]
	},

	"parts": [
		{
		"name": "lucario.geo",
		"texture": "lucario"
		}
	]
}