{
	"modelId": "lomtik",
	"modelName": "Lomtik",
	"version": "pre 0.2",
	"author": "DearFox",
	"hide": ["model_all", "leggings_left_leg", "leggings_right_leg", "boots_all"],
	"skeleton": {
		"head_all": [0, "if(is_sneaking,-2.7500,-1.7500)", 0],
		"body_all": [0, -1.75, 0.5],
		"right_arm_all": [3.43, -1.5, 0],
		"left_arm_all": [-3.43, -1.5, 0],
		"right_leg_all": [1.7, "if(is_sneaking,-10,-12)", "if(is_sneaking,4.0000,0.0000)"],
		"left_leg_all": [-1.7, "if(is_sneaking,-10,-12)", "if(is_sneaking,4.0000,0.0000)"]
	},
	"bones": [
		{
			"id": "head_c",
			"parent": "head",
			"texture": "tex.Lomtik_body",
			"boxes": [
				{
					"textureOffset": [0, 0],
					"coordinates": [-4, 0, 4, 8, 8, 8]
				},
				{
					"textureOffset": [32, 0],
					"coordinates": [-4, 0, 4, 8, 8, 8],
					"sizeAdd": 0.25
				}
			  ]
		},
				{
			"id": "nose",
			"parent": "head_c",
			"texture": "tex.Lomtik_leg",
			"boxes": [
				{
					"textureOffset": [54, 6],
					"coordinates": [-1.5, 0, -4, 3, 2, 1]
				},
				{
					"textureOffset": [54, 9],
					"coordinates": [-1.5, 0, -4, 3, 2, 1],
					"sizeAdd": 0.25
				}
			]
		},
		{
			"id": "head_c_helmet_hat",
			"parent": "head_c"
		},
		{
			"id": "right_ear_cpm_dummy",
			"parent": "head_c",
			"position": [4, 4, 0],
			"texture": "tex.Lomtik_ear"
		},
		{
			"id": "right_ear",
			"parent": "right_ear_cpm_dummy",
			"physics": [0.5, 0.5, 0.65, 0, 0.5],
			"boxes": []
		},
		{
			"id": "ear_r_0",
			"parent": "right_ear",
			"rotation": [45, 55, 45],
			"boxes": [
				{
					"textureOffset": [8, 8],
					"coordinates": [0, -4, -0.25, 16, 8, 0.001]
				},
				{
					"textureOffset": [8, 0],
					"coordinates": [0, -4, 0, 16, 8, 0.001]
				}
			]
		},
		{
			"id": "left_ear_cpm_dummy",
			"parent": "head_c",
			"position": [-4, 4, 0],
			"texture": "tex.Lomtik_ear"
		},
		{
			"id": "left_ear",
			"parent": "left_ear_cpm_dummy",
			"physics": [0.5, 0.5, 0.65, 0, 0.5],
			"boxes": []
		},
		{
			"id": "ear_r_3",
			"parent": "left_ear",
			"rotation": [-45, 55, -45],
			"boxes": [
				{
					"textureOffset": [8, 8],
					"coordinates": [-16, -4, -0.25, 16, 8, 0.001],
					"mirror": true
				},
				{
					"textureOffset": [8, 0],
					"coordinates": [-16, -4, 0, 16, 8, 0.001],
					"mirror": true
				}
			]
		},
		{
			"id": "body_c",
			"parent": "body",
			"texture": "tex.Lomtik_body",
			"boxes": [],
			"position": [0, 0.75, 0]
		},
		{
			"id": "body_c_chestplate_body",
			"parent": "body_c",
			"position": [0, -0.75, 0]
		},
		{
			"id": "body_c_cape_elytra",
			"parent": "body_c_chestplate_body",
			"texture": "tex.skin"
		},
		{
			"id": "body_c_parrot_left",
			"parent": "body_c",
			"position": [-6.5, 10, 0]
		},
		{
			"id": "body_c_parrot_right",
			"parent": "body_c",
			"position": [6.5, 10, 0]
		},
		{
			"id": "bone4_cpm_dummy",
			"parent": "body_c",
			"position": [0, -12, 0]
		},
		{
			"id": "bone4",
			"parent": "bone4_cpm_dummy",
			"position": [0, 3.84217, 0.00947],
			"rotation": [0, 15, 0],
			"boxes": [
				{
					"textureOffset": [37, 16],
					"coordinates": [-3.5, -3.84217, 1.49053, 7, 4, 3]
				}
			]
		},
		{
			"id": "bone5",
			"parent": "bone4",
			"position": [0, 3.6, 0.025],
			"rotation": [0, -15, 0],
			"boxes": [
				{
					"textureOffset": [17, 23],
					"coordinates": [-3, -3.84514, 1.4824, 6, 4, 3]
				}
			]
		},
		{
			"id": "bone9",
			"parent": "bone5",
			"position": [0, 2.5, 1.5],
			"rotation": [0, -10, 0],
			"boxes": [
				{
					"textureOffset": [17, 16],
					"coordinates": [-3.5, -2.61832, -0.01608, 7, 4, 3]
				},
				{
					"textureOffset": [37, 23],
					"coordinates": [-3.5, -2.61832, -0.01608, 7, 4, 3],
					"sizeAdd": 0.25
				}
			]
		},
		{
			"id": "bone10",
			"parent": "bone9",
			"texture": "tex.Lomtik_ear"
		},
		{
			"id": "wing_0",
			"parent": "bone10",
			"rotation": ["if(is_sneaking,30,if(!is_on_ground,50,20))", "if(!is_on_ground,20,0)", "if(is_sneaking,-50,if(!is_on_ground,sin(age*1)*10,sin(age*0.1)*3))"],
			"boxes": [
				{
					"textureOffset": [11, 32],
					"coordinates": [0, -5.08032, -0.01809, 16, 8, 0.001]
				}
			]
		},
		{
			"id": "wing_1",
			"parent": "bone10",
			"rotation": ["if(is_sneaking,-30,if(!is_on_ground,-50,-20))", "if(!is_on_ground,20,0)", "if(is_sneaking,50,if(!is_on_ground,-sin(age*1)*10,-sin(age*0.1)*3))"],
			"boxes": [
				{
					"textureOffset": [11, 32],
					"coordinates": [-16, -5.08032, -0.01809, 16, 8, 0.001],
					"mirror": true
				}
			]
		},
		{
			"id": "tail_cpm_dummy",
			"parent": "body_c",
			"texture": "tex.Lomtik_tail",
			"position": [0, -10, 0]
		},
		{
			"id": "tail",
			"parent": "tail_cpm_dummy",
			"boxes": []
		},
		{
			"id": "tail_0",
			"parent": "tail",
			"position": [0, 0.03349, 3.44199],
			"rotation": [0, -60, 0],
			"physics": [0.5, 0.5, 0.65, 0, 0],
			"boxes": [
				{
					"textureOffset": [0, 0],
					"coordinates": [-1, -1.03349, 0.55801, 2, 2, 4]
				}
			]
		},
		{
			"id": "tail_1",
			"parent": "tail_0",
			"position": [0, 0.03033, 1.96967],
			"rotation": [0, 15, 0],
			"physics": [0.5, 0.5, 0.6, 0, 0],
			"boxes": [
				{
					"textureOffset": [0, 6],
					"coordinates": [-1.5, -1.53033, 0.53033, 3, 3, 3]
				}
			]
		},
		{
			"id": "tail_2",
			"parent": "tail_1",
			"position": [0, -0.05723, 2.0507],
			"rotation": [0, 10, 0],
			"physics": [0.5, 0.5, 0.55, 0, 0],
			"boxes": [
				{
					"textureOffset": [1, 13],
					"coordinates": [-2, -1.95036, 0.53612, 4, 4, 3]
				}
			]
		},
		{
			"id": "tail_3",
			"parent": "tail_2",
			"position": [0, -0.04506, 3.27525],
			"rotation": [0, 15, 0],
			"physics": [0.5, 0.5, 0.55, 0, 0],
			"boxes": [
				{
					"textureOffset": [2, 23],
					"coordinates": [-2.5, -2.48902, 0.48357, 5, 5, 4]
				}
			]
		},
		{
			"id": "tail_4",
			"parent": "tail_3",
			"rotation": [0, 10, 0],
			"physics": [0.5, 0.5, 0.5, 0, 0],
			"boxes": [
				{
					"textureOffset": [0, 34],
					"coordinates": [-1.5, -1.70279, 2.21039, 3, 3, 3]
				}
			]
		},
		{
			"id": "right_arm_c",
			"parent": "right_arm",
			"texture": "tex.Lomtik_leg",
			"boxes": [
				{
					"textureOffset": [1, 47],
					"coordinates": [0, -6, 1, 2, 6, 2]
				},
				{
					"textureOffset": [14, 46],
					"coordinates": [0, -11, 1, 2, 5, 2]
				}
			]
		},
		{
			"id": "right_arm_c_chestplate_right",
			"parent": "right_arm_c",
			"position": [0, -2, 0]
		},
		{
			"id": "right_arm_c_item_right",
			"parent": "right_arm_c",
			"position": [1, -12, -1]
		},
		{
			"id": "left_arm_c",
			"parent": "left_arm",
			"texture": "tex.Lomtik_leg",
			"boxes": [
				{
					"textureOffset": [29, 47],
					"coordinates": [-2, -6, 1, 2, 6, 2]
				},
				{
					"textureOffset": [42, 46],
					"coordinates": [-2, -11, 1, 2, 5, 2]
				}
			]
		},
		{
			"id": "left_arm_c_chestplate_left",
			"parent": "left_arm_c",
			"position": [0, -2, 0]
		},
		{
			"id": "left_arm_c_item_left",
			"parent": "left_arm_c",
			"position": [-1, -12, -1]
		},
		{
			"id": "right_leg_c",
			"parent": "right_leg",
			"texture": "tex.Lomtik_leg",
			"rotation": [10, "if(is_sneaking,-65,-25)", 0],
			"boxes": [
				{
					"textureOffset": [1, 1],
					"coordinates": [-2.0076, -6.03669, 2.42131, 4, 6, 4]
				},
				{
					"textureOffset": [0, 21],
					"coordinates": [-2.5, -6, 2.5, 5, 7, 5],
					"sizeAdd": 0.3
				}
			]
		},
		{
			"id": "right_leg_c_legging_right",
			"parent": "right_leg_c"
		},
		{
			"id": "bone_cpm_dummy",
			"parent": "right_leg_c",
			"position": [0, -5.75, 0.5]
		},
		{
			"id": "bone",
			"parent": "bone_cpm_dummy",
			"position": [0, "if(is_sneaking,-3.1,-3.42642)", "if(is_sneaking,1.88,0.68085)"],
			"rotation": [0, "if(is_sneaking,95,55)", 0],
			"boxes": [
				{
					"textureOffset": [0, 12],
					"coordinates": [-1.5, 0, 1, 3, 5, 3]
				},
				{
					"textureOffset": [0, 33],
					"coordinates": [-1.5, 0, 1, 3, 6, 3],
					"sizeAdd": 0.3
				}
			]
		},
		{
			"id": "bone2",
			"parent": "bone",
			"position": [0, -3.6, -0.5],
			"rotation": [0, -40, 0],
			"boxes": [
				{
					"textureOffset": [12, 12],
					"coordinates": [-1, -0.04279, 0.98396, 2, 4, 2]
				},
				{
					"textureOffset": [12, 33],
					"coordinates": [-1, -0.04279, 0.98396, 2, 4, 2],
					"sizeAdd": 0.3
				}
			]
		},
		{
			"id": "bone3",
			"parent": "bone2",
			"rotation": [0, -80, 0],
			"boxes": [
				{
					"textureOffset": [15, 1],
					"coordinates": [-0.95076, -2.10868, 0.5, 2, 3, 1]
				},
				{
					"textureOffset": [15, 22],
					"coordinates": [-1, -2.1, 0.5, 2, 3, 1],
					"sizeAdd": 0.3
				}
			]
		},
		{
			"id": "left_leg_c",
			"parent": "left_leg",
			"texture": "tex.Lomtik_leg",
			"rotation": [-10, "if(is_sneaking,-65,-25)", 0],
			"boxes": [
				{
					"textureOffset": [1, 1],
					"coordinates": [-1.9924, -6.03669, 2.42131, 4, 6, 4],
					"mirror": true
				},
				{
					"textureOffset": [0, 21],
					"coordinates": [-2.5, -6, 2.5, 5, 7, 5],
					"sizeAdd": 0.3,
					"mirror": true
				}
			]
		},
		{
			"id": "left_leg_c_legging_left",
			"parent": "left_leg_c"
		},
		{
			"id": "bone6_cpm_dummy",
			"parent": "left_leg_c",
			"position": [0, -5.75, 0.5]
		},
		{
			"id": "bone6",
			"parent": "bone6_cpm_dummy",
			"position": [0, "if(is_sneaking,-3.1,-3.42642)", "if(is_sneaking,1.88,0.68085)"],
			"rotation": [0, "if(is_sneaking,95,55)", 0],
			"boxes": [
				{
					"textureOffset": [0, 12],
					"coordinates": [-1.5, 0, 1, 3, 5, 3],
					"mirror": true
				},
				{
					"textureOffset": [0, 33],
					"coordinates": [-1.5, 0, 1, 3, 6, 3],
					"sizeAdd": 0.3,
					"mirror": true
				}
			]
		},
		{
			"id": "bone7",
			"parent": "bone6",
			"position": [0, -3.6, -0.5],
			"rotation": [0, -40, 0],
			"boxes": [
				{
					"textureOffset": [12, 12],
					"coordinates": [-1, -0.04279, 0.98396, 2, 4, 2],
					"mirror": true
				},
				{
					"textureOffset": [12, 33],
					"coordinates": [-1, -0.04279, 0.98396, 2, 4, 2],
					"sizeAdd": 0.3,
					"mirror": true
				}
			]
		},
		{
			"id": "bone8",
			"parent": "bone7",
			"rotation": [0, -80, 0],
			"boxes": [
				{
					"textureOffset": [15, 1],
					"coordinates": [-1.02462, -2.10434, 0.5, 2, 3, 1],
					"mirror": true
				},
				{
					"textureOffset": [15, 22],
					"coordinates": [-1, -2.1, 0.5, 2, 3, 1],
					"sizeAdd": 0.3,
					"mirror": true
				}
			]
		}
	]
}