{
	"modelId": "sephiroth_drip",
	"modelName": "Sephiroth with the Drip",
	"author": "Mysterijojo",
	"hide": ["model_all", "feature_all"],
	"bones": [
		{
			"id": "body_c",
			"parent": "body",
			"texture": "tex.textureSkin",
			"boxes": [
				{
					"textureOffset": [0, 16],
					"coordinates": [-4, 0, 2, 8, 12, 4]
				}
			],
			"position": [0, -12, 0]
		},
		{
			"id": "body_c_parrot_left",
			"parent": "body_c",
			"attached": ["shoulder_parrot_left"],
			"position": [-6.5, 10, 0]
		},
		{
			"id": "body_c_parrot_right",
			"parent": "body_c",
			"attached": ["shoulder_parrot_right"],
			"position": [6.5, 10, 0]
		},
		{
			"id": "coattail",
			"parent": "body_c",
			"rotation": [0, "max(todeg(right_leg.ry),todeg(left_leg.ry))-(todeg(body.ry)*0.5)", 0],
			"boxes": [
				{
					"textureOffset": [48, 32],
					"coordinates": [-4, -10, 2, 8, 11, 4],
					"sizeAdd": 0.125
				}
			]
		},
		{
			"id": "right_arm_c",
			"parent": "right_arm",
			"texture": "tex.textureSkin",
			"boxes": [
				{
					"textureOffset": [32, 16],
					"coordinates": [-1, -10, 2, 4, 12, 4]
				}
			]
		},
		{
			"id": "right_arm_c_item_right",
			"parent": "right_arm_c",
			"attached": ["held_item_right"],
			"position": [1, -12, -1]
		},
		{
			"id": "right_shoulderpad1_cpm_dummy",
			"parent": "right_arm_c",
			"position": [-1, 2, 0]
		},
		{
			"id": "right_shoulderpad1",
			"parent": "right_shoulderpad1_cpm_dummy",
			"rotation": [0, 0, 25],
			"boxes": [
				{
					"textureOffset": [80, 16],
					"coordinates": [0, -5, 2, 4, 5, 4],
					"sizeAdd": 0.25
				}
			]
		},
		{
			"id": "right_shoulderpad2_cpm_dummy",
			"parent": "right_arm_c",
			"position": [-1, 2, 0]
		},
		{
			"id": "right_shoulderpad2",
			"parent": "right_shoulderpad2_cpm_dummy",
			"rotation": [0, 0, 10],
			"boxes": [
				{
					"textureOffset": [96, 16],
					"coordinates": [0, -5, 2, 4, 5, 4],
					"sizeAdd": 0.125
				}
			]
		},
		{
			"id": "left_arm_c",
			"parent": "left_arm",
			"texture": "tex.textureSkin",
			"boxes": [
				{
					"textureOffset": [0, 32],
					"coordinates": [-3, -10, 2, 4, 12, 4]
				}
			]
		},
		{
			"id": "left_arm_c_item_left",
			"parent": "left_arm_c",
			"attached": ["held_item_left"],
			"position": [-1, -12, -1]
		},
		{
			"id": "left_shoulderpad1_cpm_dummy",
			"parent": "left_arm_c",
			"position": [1, 2, 0]
		},
		{
			"id": "left_shoulderpad1",
			"parent": "left_shoulderpad1_cpm_dummy",
			"rotation": [0, 0, -25],
			"boxes": [
				{
					"textureOffset": [80, 32],
					"coordinates": [-4, -5, 2, 4, 5, 4],
					"sizeAdd": 0.25
				}
			]
		},
		{
			"id": "left_shoulderpad2_cpm_dummy",
			"parent": "left_arm_c",
			"position": [1, 2, 0]
		},
		{
			"id": "left_shoulderpad2",
			"parent": "left_shoulderpad2_cpm_dummy",
			"rotation": [0, 0, -10],
			"boxes": [
				{
					"textureOffset": [96, 32],
					"coordinates": [-4, -5, 2, 4, 5, 4],
					"sizeAdd": 0.125
				}
			]
		},
		{
			"id": "right_leg_c",
			"parent": "right_leg",
			"texture": "tex.textureSkin",
			"boxes": [
				{
					"textureOffset": [16, 32],
					"coordinates": [-2, -12, 2, 4, 12, 4]
				}
			]
		},
		{
			"id": "left_leg_c",
			"parent": "left_leg",
			"texture": "tex.textureSkin",
			"boxes": [
				{
					"textureOffset": [32, 32],
					"coordinates": [-2, -12, 2, 4, 12, 4]
				}
			]
		},
		{
			"id": "head_c",
			"parent": "head",
			"texture": "tex.textureSkin",
			"boxes": [
				{
					"textureOffset": [0, 0],
					"coordinates": [-4, 0, 4, 8, 8, 8]
				},
				{
					"textureOffset": [83, 5],
					"coordinates": [-4, 2, 1, 8, 4, 5],
					"sizeAdd": 0.125
				},
				{
					"textureOffset": [53, 5],
					"coordinates": [-4, 0, -1, 8, 8, 3],
					"sizeAdd": 0.25
				}
			]
		},
		{
			"id": "left_ear_cpm_dummy",
			"parent": "head_c",
			"position": [-4, 3, -1]
		},
		{
			"id": "left_ear",
			"parent": "left_ear_cpm_dummy",
			"rotation": [15, 0, 0],
			"boxes": [
				{
					"textureOffset": [26, 3],
					"coordinates": [0, -2, 2, 0.001, 3, 2],
					"sizeAdd": 0.01
				},
				{
					"textureOffset": [26, 0],
					"coordinates": [0, -2, 2, 0.001, 3, 2],
					"sizeAdd": 0.125
				}
			]
		},
		{
			"id": "right_ear_cpm_dummy",
			"parent": "head_c",
			"position": [4, 3, -1]
		},
		{
			"id": "right_ear",
			"parent": "right_ear_cpm_dummy",
			"rotation": [-15, 0, 0],
			"boxes": [
				{
					"textureOffset": [2, 3],
					"coordinates": [0, -2, 2, 0.001, 3, 2],
					"sizeAdd": 0.01
				},
				{
					"textureOffset": [2, 0],
					"coordinates": [0, -2, 2, 0.001, 3, 2],
					"sizeAdd": 0.125
				}
			]
		},
		{
			"id": "right_bang1_cpm_dummy",
			"parent": "head_c",
			"position": [4, 0, -4]
		},
		{
			"id": "right_bang1",
			"parent": "right_bang1_cpm_dummy",
			"position": [0, -4, 0],
			"rotation": [0, "min(0,todeg(body.ry)-todeg(head.ry))", 0],
			"physics": [0.5,0.875,0.6,4,0.3],
			"boxes": [
				{
					"textureOffset": [54, 16],
					"coordinates": [-1, 0, 2, 1, 4, 2],
					"sizeAdd": 0.125
				}
			]
		},
		{
			"id": "right_bang2",
			"parent": "right_bang1",
			"physics": [0.8,0.3,0.5,4,0.3],
			"boxes": [
				{
					"textureOffset": [55, 22],
					"coordinates": [-1, -4, 1, 1, 4, 1]
				}
			]
		},
		{
			"id": "left_bang1_cpm_dummy",
			"parent": "head_c",
			"position": [-4, 0, -4]
		},
		{
			"id": "left_bang1",
			"parent": "left_bang1_cpm_dummy",
			"position": [0, -4, 0],
			"rotation": [0, "min(0,todeg(body.ry)-todeg(head.ry))", 0],
			"physics": [0.5,0.875,0.6,4,0.3],
			"boxes": [
				{
					"textureOffset": [61, 16],
					"coordinates": [0, 0, 2, 1, 4, 2],
					"sizeAdd": 0.125
				}
			]
		},
		{
			"id": "left_bang2",
			"parent": "left_bang1",
			"physics": [0.8,0.3,0.5,4,0.3],
			"boxes": [
				{
					"textureOffset": [62, 22],
					"coordinates": [0, -4, 1, 1, 4, 1]
				}
			]
		},
		{
			"id": "hair1_cpm_dummy",
			"parent": "head_c",
			"position": [0, 2, 4]
		},
		{
			"id": "hair1",
			"parent": "hair1_cpm_dummy",
			"position": [0, -6, 0],
			"rotation": [0, "max(5,todeg(body.ry)-todeg(head.ry))", 0],
			"physics": [0.2,0.8,0.8,4,0.5],
			"boxes": [
				{
					"textureOffset": [32, 0],
					"coordinates": [-4, -1, 0, 8, 7, 1],
					"sizeAdd": 0.25
				}
			]
		},
		{
			"id": "hair2",
			"parent": "hair1",
			"position": [0, -6, 0],
			"physics": [0.2,0.8,0.8,4,0.5],
			"boxes": [
				{
					"textureOffset": [32, 0],
					"coordinates": [-4, -1, 0, 8, 7, 1],
					"sizeAdd": 0.125
				}
			]
		},
		{
			"id": "hair3",
			"parent": "hair2",
			"boxes": [
				{
					"textureOffset": [32, 8],
					"coordinates": [-4, -7, 0, 8, 7, 1]
				}
			]
		}
	]
}