{
	"modelId": "gaia_slimegirl_green_1_14",
	"modelName": "[1.14+] SlimeGirl (Grimoire of Gaia 3)",
	"version": "1.1.0",
	"author": "Model by Silentine, ported by V972",
	
	"hide": ["model_all", "armor_all", "held_item_all","shoulder_parrot_all"],
	"fpLeft": ["left_arm_c"],
	"fpRight": ["right_arm_c"],
	
	"skeleton": {
		"head_all": [0, "if(is_sneaking,-0.1290,0.7710)", 0],
		"left_arm_all": [-2.6925, -0.8445, 0],
		"right_arm_all": [2.6925, -0.8445, 0],
		"left_leg_all": [-2.154, -9.999, "if(is_sneaking,4.0000,0.0000)"],
		"right_leg_all": [2.154, -9.999, "if(is_sneaking,4.0000,0.0000)"]
	},
    "eyeHeight": {
        "standing": 1.66,
        "dying": 1.215,
        "sneaking": 1.6
    },
    "boundingBox": {
        "standing": [0.6, 1.95],
        "dying": [0.2, 0.2],
        "sneaking": [0.6, 1.7]
    },
	
	"bones": [
		{
			"id": "head_c",
			"parent": "head",
			"texture": "tex.GaiaSlimeGirl",
			"scale": [1.077, 1.077, 1.077],
			"boxes": [
				{
					"textureOffset": [0, 0],
					"coordinates": [-3, 0, 3, 6, 6, 6]
				},
				{
					"textureOffset": [36, 0],
					"coordinates": [-3.5, -0.5, 3.5, 7, 7, 7]
				},
				{
					"textureOffset": [36, 14],
					"coordinates": [-4, -1, 4, 8, 8, 8]
				}
			]
		},	
		{
			"id": "headeyes",
			"parent": "head_c",
			"texture": "tex.GaiaSlimeGirl",
			"visible": "fmod(age,60)<1",
			"boxes": [
				{
					"textureOffset": [24, 0],
					"coordinates": [-3, 0, -3.1, 6, 6, 0.001]
				}
			]
		},
		
		{
			"id": "head_slime_left_inner",
			"parent": "head_c",
			"texture": "tex.GaiaSlimeGirl",
			"visible": "!((inv.helmet==item.minecraft:pumpkin)||(inv.helmet==item.minecraft:carved_pumpkin))",
			"rotation": [10, 5, -10],
			"boxes": [
				{
					"textureOffset": [52, 30],
					"coordinates": [-7, 3, 6, 4, 4, 4]
				}
			]
		},
		{
			"id": "head_slime_left_outer",
			"parent": "head_slime_left_inner",
			"texture": "tex.GaiaSlimeGirl",
			"rotation": [0, 0, 0],
			"boxes": [
				{
					"textureOffset": [36, 38],
					"coordinates": [-8, 2, 7, 6, 6, 6]
				}
			]
		},
		{
			"id": "slime_pigtail_left",
			"parent": "head_slime_left_outer",
			"texture": "tex.GaiaSlimeGirl",
			"rotation": [0, 0, 0],
			"boxes": [
				{
					"textureOffset": [36, 50],
					"coordinates": [-6.5, -4, 5.5, 3, 8, 3]
				}
			]
		},
		
		{
			"id": "head_slime_right_inner",
			"parent": "head_c",
			"texture": "tex.GaiaSlimeGirl",
			"visible": "!((inv.helmet==item.minecraft:pumpkin)||(inv.helmet==item.minecraft:carved_pumpkin))",
			"rotation": [-10, 5, 10],
			"boxes": [
				{
					"textureOffset": [36, 30],
					"coordinates": [3, 3, 6, 4, 4, 4]
				}
			]
		},
		{
			"id": "head_slime_right_outer",
			"parent": "head_slime_right_inner",
			"texture": "tex.GaiaSlimeGirl",
			"boxes": [
				{
					"textureOffset": [36, 38],
					"coordinates": [2, 2, 7, 6, 6, 6]
				}
			]
		},
		{
			"id": "slime_pigtail_right",
			"parent": "head_slime_right_outer",
			"texture": "tex.GaiaSlimeGirl",
			"boxes": [
				{
					"textureOffset": [36, 50],
					"coordinates": [3.5, -4, 5.5, 3, 8, 3]
				}
			]
		},
		
		{
			"id": "head_c_helmet_hat",
			"parent": "head_c",
			"attached": ["helmet_all"],
			"position": [3.5, 0, 3],
			"rotation": [20,10,50],
			"scale": [0.92851, 0.92851, 0.92851]
		},
		
		{
			"id": "parrot_attach_left",
			"position": [-1, 3, 0],
			"rotation": [0, -15, 30],
			"parent": "head_c",
			"attached": ["shoulder_parrot_left"]
		},
		{
			"id": "parrot_attach_right",
			"position": [2.7, 3, 4],
			"rotation": [0, 15, -30],
			"parent": "head_c",
			"attached": ["shoulder_parrot_right"]
		},
		
		{
			"id": "bodytop_cpm_dummy",
			"parent": "body",
			"position": [0, 0.71588, 0]
		},
		{
			"id": "bodytop",
			"texture": "tex.GaiaSlimeGirl",
			"parent": "bodytop_cpm_dummy",
			"rotation": [0, -5, 0],
			"boxes": [
				{
					"textureOffset": [0, 16],
					"coordinates": [-2.5, -6, 1.5, 5, 6, 3]
				}
			]
		},
		{
			"id": "neck",
			"parent": "bodytop",
			"texture": "tex.GaiaSlimeGirl",
			"rotation": [0, 5, 0],
			"boxes": [
				{
					"textureOffset": [0, 12],
					"coordinates": [-1, -1, 1, 2, 2, 2]
				}
			]
		},

		{
			"id": "leftchest_cpm_dummy",
			"parent": "bodytop",
			"position": [-1.3, -2.12764, -1.23788]
		},
		{
			"id": "leftchest",
			"parent": "leftchest_cpm_dummy",
			"texture": "tex.GaiaSlimeGirl",
			"rotation": [-10, 50, -5],
			"boxes": [
				{
					"textureOffset": [0, 36],
					"coordinates": [-1, -1, 1, 2, 2, 2],
					"mirror": true
				}
			]
		},
		
		{
			"id": "rightchest_cpm_dummy",
			"parent": "bodytop",
			"position": [1.3, -2.24905, -1.47821]
		},
		{
			"id": "rightchest",
			"parent": "rightchest_cpm_dummy",
			"texture": "tex.GaiaSlimeGirl",
			"rotation": [10, 50, 5],
			"boxes": [
				{
					"textureOffset": [0, 36],
					"coordinates": [-0.93485, -1.08082, 1.23863, 2, 2, 2]
				}
			]
		},

		{
			"id": "bodymiddle_cpm_dummy",
			"parent": "body",
			"position": [0, 0.71588, 0]
		},
		{
			"id": "bodymiddle",
			"texture": "tex.GaiaSlimeGirl",
			"parent": "bodymiddle_cpm_dummy",
			"boxes": [
				{
					"textureOffset": [0, 25],
					"coordinates": [-2, -8.5, 0.5, 4, 3, 2]
				}
			]
		},
		{
			"id": "bodymiddlebutton",
			"texture": "tex.GaiaSlimeGirl",
			"parent": "bodymiddle",
			"boxes": [
				{
					"textureOffset": [0, 25],
					"coordinates": [-0.5, -8, -1.6, 1, 2, 0.001]
				}
			]
		},

		{
			"id": "bodybottom_cpm_dummy",
			"parent": "body",
			"position": [0, 0.71588, 0]
		},
		{
			"id": "bodybottom",
			"texture": "tex.GaiaSlimeGirl",
			"parent": "bodybottom_cpm_dummy",
			"position": [0, -1, 0],
			"rotation": [0, 5, 0],
			"boxes": [
				{
					"textureOffset": [0, 30],
					"coordinates": [-3, -10, 0.5, 6, 3, 3]
				}
			]
		},
		{
			"id": "waist",
			"parent": "bodybottom",
			"texture": "tex.GaiaSlimeGirl",
			"position": [0, "if(is_sneaking, 0.5, 0)", "if(is_sneaking, 3, 0)"],
			"rotation": [0, "if(is_sneaking, -20, 0)", 0],
			"boxes": [
				{
					"textureOffset": [68, 0],
					"coordinates": [-4, -15.5, 1, 8, 8, 4]
				}
			]
		},


		{
			"id": "bodytop_c_chestplate_body",
			"parent": "bodytop",
			"attached": ["chestplate_body"],
			"position": [0, -1, -0.3],
			"rotation": [0, 3, 0],
			"scale": [0.55, 0.6, 0.55]
		},
		{
			"id": "right_boob_c_chestplate_right",
			"parent": "bodytop_c_chestplate_body",
			"attached": ["chestplate_right_arm"],
			"rotation": [10, 50, 5],
			"position": [1.5, 0.25, -5],
			"scale": [0.7, 0.7, 0.7]
		},
		{
			"id": "left_boob_c_chestplate_left",
			"parent": "bodytop_c_chestplate_body",
			"attached": ["chestplate_left_arm"],
			"position": [-1.5, 0.25, -5],
			"rotation": [-10, 50, -5],
			"scale": [0.7, 0.7, 0.7]
		},

		{
			"id": "left_arm_c",
			"parent": "left_arm",
			"texture": "tex.GaiaSlimeGirl",
			"scale": [1.077, 1.077, 1.077],
			"rotation": [0, 0, -7.86479],
			"boxes": [
				{
					"textureOffset": [16, 12],
					"coordinates": [-2, -11, 1, 2, 12, 2]
				}
			]
		},		
		{
			"id": "right_arm_c",
			"parent": "right_arm",
			"texture": "tex.GaiaSlimeGirl",
			"scale": [1.077, 1.077, 1.077],
			"rotation": [0, 0, 7.86479],
			"boxes": [
				{
					"textureOffset": [16, 12],
					"coordinates": [0, -11, 1, 2, 12, 2]
				}
			]
		},
		

		{
			"id": "right_arm_c_chestplate_right",
			"parent": "right_arm_c",
			"attached": ["chestplate_right_arm"],
			"position": [1, -0.7, 0],
			"scale": [0.45, 0.45, 0.45]
		},
		{
			"id": "left_arm_c_item_left",
			"parent": "left_arm_c",
			"attached": ["held_item_left"],
			"position": [-1, -12, -1],
			"scale": [0.92851, 0.92851, 0.92851]
		},

		{
			"id": "right_arm_c_item_right",
			"parent": "right_arm_c",
			"attached": ["held_item_right"],
			"position": [1, -12, -1],
			"scale": [0.92851, 0.92851, 0.92851]
		},
		{
			"id": "left_arm_c_chestplate_left",
			"parent": "left_arm_c",
			"attached": ["chestplate_left_arm"],
			"position": [-1, -0.7, 0],
			"scale": [0.45, 0.45, 0.45]
		},

		{
			"id": "left_leg_c",
			"parent": "left_leg",
			"texture": "tex.GaiaSlimeGirl",
			"scale": [1.077, 1.077, 1.077],
			"rotation": [5, 0, 2],
			"boxes": [
				{
					"textureOffset": [24, 12],
					"coordinates": [-1.5, -13, 1.5, 3, 14, 3]
				}
			]
		},	
		{
			"id": "right_leg_c",
			"parent": "right_leg",
			"texture": "tex.GaiaSlimeGirl",
			"scale": [1.077, 1.077, 1.077],
			"rotation": [-5, 0, -2],
			"boxes": [
				{
					"textureOffset": [24, 12],
					"coordinates": [-1.5, -13, 1.5, 3, 14, 3]
				}
			]
		},
		
		{
			"id": "left_leg_c_legging_left",
			"parent": "left_leg_c",
			"attached": ["leggings_left_leg"],
			"scale": [0.61, 1.2, 0.61]
		},
		{
			"id": "left_leg_c_boots_right",
			"parent": "left_leg_c",
			"attached": ["boots_left_leg"],
			"position": [0, -6, 0],
			"scale": [0.61, 0.7, 0.61]
		},
		
		{
			"id": "right_leg_c_legging_right",
			"parent": "right_leg_c",
			"attached": ["leggings_right_leg"],
			"scale": [0.61, 1.2, 0.61]
		},
		{
			"id": "right_leg_c_boots_right",
			"parent": "right_leg_c",
			"attached": ["boots_right_leg"],
			"position": [0, -6, 0],
			"scale": [0.61, 0.7, 0.61]
		}
	]
}