{"modelId":"woodmen_rose","modelName":"Woodmen Rose","author": "Kieranyoshi","hide":["model_all","feature_all"],"skeleton":{"head_all":[0,"if(is_sneaking,-13.0000,-12.0000)",0],"body_all":[0,-12,0],"left_arm_all":[-2,-13,0],"right_arm_all":[2,-13,0],"left_leg_all":[-1,-18,"if(is_sneaking,2.0000,0.0000)"],"right_leg_all":[1,-18,"if(is_sneaking,2.0000,0.0000)"]},
	"eyeHeight": {
		"standing": 0.8,
		"dying": 0.4,
		"sneaking": 0.5
	},
	"boundingBox": {
		"standing": [0.5, 0.9],
		"dying": [0.5, 0.5],
		"sneaking": [0.5, 0.6]
	},"bones":[{"id":"head_c","parent":"head","texture":"tex.rosewoofboy","boxes":[{"textureOffset":[0,0],"coordinates":[-6,0,6,12,5,12]},{"textureOffset":[38,5],"coordinates":[-2,5,2,4,1,4]},{"textureOffset":[55,6],"coordinates":[-1,5,1,2,2,2]}]},{"id":"bone_cpm_dummy","parent":"head_c","position":[-1,8,0]},{"id":"bone","parent":"bone_cpm_dummy","rotation":[-90,-15,48],"boxes":[{"textureOffset":[53,31],"coordinates":[0,-0.79062,0.39353,0.001,2,2]},{"textureOffset":[53,35],"coordinates":[0,-1.79062,-0.10647,0.001,1,1]},{"textureOffset":[56,35],"coordinates":[0,1.20938,-0.10647,0.001,1,1]}]},{"id":"bone2_cpm_dummy","parent":"head_c","position":[0.65,8,0]},{"id":"bone2","parent":"bone2_cpm_dummy","rotation":[-88,0,-33],"boxes":[{"textureOffset":[53,31],"coordinates":[0,-0.6,1.9,0.001,2,2]},{"textureOffset":[53,35],"coordinates":[0,-1.6,1.4,0.001,1,1]},{"textureOffset":[56,35],"coordinates":[0,1.4,1.4,0.001,1,1]}]},{"id":"bone3_cpm_dummy","parent":"head_c","position":[5,4,2]},{"id":"bone3","parent":"bone3_cpm_dummy","rotation":[0,0,-20],"boxes":[{"textureOffset":[42,31],"coordinates":[-0.0003,-0.10184,-1,1,8,1]}]},{"id":"bone6_cpm_dummy","parent":"bone3","position":[-5,-16,-2]},{"id":"bone6","parent":"bone6_cpm_dummy","boxes":[]},{"id":"bone4_cpm_dummy","parent":"bone3","position":[2.4997,2.39816,-1.5]},{"id":"bone4","parent":"bone4_cpm_dummy","boxes":[]},{"id":"bone5_cpm_dummy","parent":"bone4","position":[-1.5,-0.5,0]},{"id":"bone5","parent":"bone5_cpm_dummy","rotation":[-20,-20,0],"boxes":[{"textureOffset":[50,36],"coordinates":[-0.75,-0.25,0,1,1,0.001]},{"textureOffset":[56,36],"coordinates":[2.25,-0.25,0,1,1,0.001]},{"textureOffset":[53,33],"coordinates":[0.25,-0.75,0,2,2,0.001]}]},{"id":"bone7_cpm_dummy","parent":"bone4","position":[-1.75,5.25,0]},{"id":"bone7","parent":"bone7_cpm_dummy","rotation":[-10,25,-135],"boxes":[{"textureOffset":[50,36],"coordinates":[-0.4,-0.5,0,1,1,0.001]},{"textureOffset":[56,36],"coordinates":[-3.4,-0.5,0,1,1,0.001]},{"textureOffset":[53,33],"coordinates":[-2.4,-1,0,2,2,0.001]}]},{"id":"bone8_cpm_dummy","parent":"bone4","position":[-2.75,3,0]},{"id":"bone8","parent":"bone8_cpm_dummy","rotation":[-25,-10,-2],"boxes":[{"textureOffset":[50,36],"coordinates":[-0.1,-1,0.25,1,1,0.001]},{"textureOffset":[56,36],"coordinates":[-3.1,-1,0.25,1,1,0.001]},{"textureOffset":[53,33],"coordinates":[-2.1,-1.5,0.25,2,2,0.001]}]},{"id":"bone9_cpm_dummy","parent":"head_c","position":[-5,4,2]},{"id":"bone9","parent":"bone9_cpm_dummy","rotation":[0,0,20],"boxes":[{"textureOffset":[42,31],"coordinates":[-0.9997,-0.10184,-1,1,8,1],"mirror":true}]},{"id":"bone10_cpm_dummy","parent":"bone9","position":[5,-16,-2]},{"id":"bone10","parent":"bone10_cpm_dummy","boxes":[]},{"id":"bone11_cpm_dummy","parent":"bone9","position":[-2.4997,2.39816,-1.5]},{"id":"bone11","parent":"bone11_cpm_dummy","boxes":[]},{"id":"bone12_cpm_dummy","parent":"bone11","position":[1.5,-0.5,0]},{"id":"bone12","parent":"bone12_cpm_dummy","rotation":[20,-20,0],"boxes":[{"textureOffset":[50,36],"coordinates":[-0.25,-0.25,0,1,1,0.001],"mirror":true},{"textureOffset":[56,36],"coordinates":[-3.25,-0.25,0,1,1,0.001],"mirror":true},{"textureOffset":[53,33],"coordinates":[-2.25,-0.75,0,2,2,0.001],"mirror":true}]},{"id":"bone13_cpm_dummy","parent":"bone11","position":[1.75,5.25,0]},{"id":"bone13","parent":"bone13_cpm_dummy","rotation":[10,25,135],"boxes":[{"textureOffset":[50,36],"coordinates":[-0.6,-0.5,0,1,1,0.001],"mirror":true},{"textureOffset":[56,36],"coordinates":[2.4,-0.5,0,1,1,0.001],"mirror":true},{"textureOffset":[53,33],"coordinates":[0.4,-1,0,2,2,0.001],"mirror":true}]},{"id":"bone14_cpm_dummy","parent":"bone11","position":[2.75,3,0]},{"id":"bone14","parent":"bone14_cpm_dummy","rotation":[25,-10,2],"boxes":[{"textureOffset":[50,36],"coordinates":[-0.9,-1,0.25,1,1,0.001],"mirror":true},{"textureOffset":[56,36],"coordinates":[2.1,-1,0.25,1,1,0.001],"mirror":true},{"textureOffset":[53,33],"coordinates":[0.1,-1.5,0.25,2,2,0.001],"mirror":true}]},{"id":"body_c","parent":"body","texture":"tex.rosewoofboy","boxes":[{"textureOffset":[0,21],"coordinates":[-2,-6,2,4,6,4]}]},{"id":"body_c_chestplate_body","parent":"body_c","attached":[]},{"id":"body_c_cape_elytra","parent":"body_c_chestplate_body","attached":["elytra"],"texture":"tex.skin"},{"id":"bone40_cpm_dummy","parent":"body_c","position":[0,-12,0]},{"id":"bone40","parent":"bone40_cpm_dummy","position":[0.5,10.75,-1.3],"boxes":[{"textureOffset":[57,40],"coordinates":[-1,0.05,0,1,1,1]}]},{"id":"bone41","parent":"bone40","boxes":[]},{"id":"bone42_cpm_dummy","parent":"bone41","position":[0,0.75,0.1]},{"id":"bone42","parent":"bone42_cpm_dummy","rotation":[0,0,-67],"boxes":[{"textureOffset":[53,38],"coordinates":[0,-0.75,-1,1,2,0.001]}]},{"id":"bone43_cpm_dummy","parent":"bone41","position":[-1,0.75,0.1]},{"id":"bone43","parent":"bone43_cpm_dummy","rotation":[0,0,67],"boxes":[{"textureOffset":[53,38],"coordinates":[-1,-0.75,-1,1,2,0.001],"mirror":true}]},{"id":"bone44_cpm_dummy","parent":"bone41","position":[0,0.75,0.1]},{"id":"bone44","parent":"bone44_cpm_dummy","rotation":[0,0,-65],"boxes":[{"textureOffset":[54,43],"coordinates":[0,-1,-0.9,3,1,0.001]}]},{"id":"bone45_cpm_dummy","parent":"bone41","position":[-1,0.75,0.1]},{"id":"bone45","parent":"bone45_cpm_dummy","rotation":[0,0,65],"boxes":[{"textureOffset":[54,43],"coordinates":[-3,-1,-0.9,3,1,0.001],"mirror":true}]},{"id":"left_arm_c","parent":"left_arm","texture":"tex.rosewoofboy","boxes":[{"textureOffset":[51,21],"coordinates":[-2,-5,1,2,6,2]}]},{"id":"left_arm_c_item_left","parent":"left_arm_c","attached":["held_item_left"],"position":[-1, -5.5, -1]},{"id":"right_arm_c","parent":"right_arm","texture":"tex.rosewoofboy","boxes":[{"textureOffset":[24,21],"coordinates":[0,-5,1,2,6,2]}]},{"id":"right_arm_c_item_right","parent":"right_arm_c","attached":["held_item_right"],"position":[1, -5.5, -1]},{"id":"left_leg_c","parent":"left_leg","texture":"tex.rosewoofboy","boxes":[{"textureOffset":[33,21],"coordinates":[-1,-6,1,2,6,2]}]},{"id":"right_leg_c","parent":"right_leg","texture":"tex.rosewoofboy","boxes":[{"textureOffset":[42,21],"coordinates":[-1,-6,1,2,6,2]}]}]}