{
	"modelId": "yakumo_ran",
	"modelName": "Yakumo Ran",
	"version": "1.0.0",
	"author": "Succinum, ZeniCrow, Paulzzh, Tian_mi",
	"hide": ["model_all", "feature_all"],
	"skeleton": {
		"right_arm_all": [4, -0.66667, 0],
		"left_arm_all": [-4, -0.66667, 0]
	},
	"variables": {
		"left_arm_roll": "if(is_first_person,0,-25)",
		"right_arm_roll": "if(is_first_person,0,25)"
	},
	"bones": [
		{
			"id": "head_c",
			"parent": "head",
			"texture": "tex.yakumo_ran",
			"scale": [1.33333, 1.33333, 1.33333],
			"boxes": [
				{
					"textureOffset": [40, 0],
					"coordinates": [-4, 0, 4, 8, 8, 8]
				},
				{
					"textureOffset": [40, 91],
					"coordinates": [0.5, 8, 0, 3, 2, 1]
				},
				{
					"textureOffset": [40, 94],
					"coordinates": [-3.5, 8, 0, 3, 2, 1]
				},
				{
					"textureOffset": [40, 97],
					"coordinates": [1, 10, 0, 2, 1, 1]
				},
				{
					"textureOffset": [0, 103],
					"coordinates": [-3, 10, 0, 2, 1, 1]
				}
			]
		},
		{
			"id": "head_c_helmet_hat",
			"parent": "head_c",
			"attached": ["helmet_all", "head_wearing"]
		},
		{
			"id": "right_arm_c",
			"parent": "right_arm",
			"texture": "tex.yakumo_ran",
			"scale": [1.33333, 1.33333, 1.33333],
			"rotation": [0, 0, "var.right_arm_roll"],
			"boxes": [
				{
					"textureOffset": [32, 91],
					"coordinates": [0, -8, 1, 2, 8, 2]
				}
			]
		},
		{
			"id": "right_arm_c_chestplate_right",
			"parent": "right_arm_c",
			"attached": ["chestplate_right_arm"],
			"position": [0, -2, 0],
			"scale": [0.75, 0.75, 0.75]
		},
		{
			"id": "right_arm_c_item_right",
			"parent": "right_arm_c",
			"attached": ["held_item_right"],
			"position": [1, -12, -1],
			"scale": [0.75, 0.75, 0.75]
		},
		{
			"id": "left_arm_c",
			"parent": "left_arm",
			"texture": "tex.yakumo_ran",
			"scale": [1.33333, 1.33333, 1.33333],
			"rotation": [0, 0, "var.left_arm_roll"],
			"boxes": [
				{
					"textureOffset": [24, 91],
					"coordinates": [-2, -8, 1, 2, 8, 2]
				}
			]
		},
		{
			"id": "left_arm_c_chestplate_left",
			"parent": "left_arm_c",
			"attached": ["chestplate_left_arm"],
			"position": [0, -2, 0],
			"scale": [0.75, 0.75, 0.75]
		},
		{
			"id": "left_arm_c_item_left",
			"parent": "left_arm_c",
			"attached": ["held_item_left"],
			"position": [-1, -12, -1],
			"scale": [0.75, 0.75, 0.75]
		},
		{
			"id": "body_c",
			"parent": "body",
			"texture": "tex.yakumo_ran",
			"scale": [1.33333, 1.33333, 1.33333],
			"boxes": [
				{
					"textureOffset": [0, 16],
					"coordinates": [-3, 2.5, 3, 6, 5, 6]
				},
				{
					"textureOffset": [72, 0],
					"coordinates": [-4, -1.5, 4, 8, 4, 8]
				},
				{
					"textureOffset": [0, 0],
					"coordinates": [-5, -5.5, 5, 10, 5, 10]
				},
				{
					"textureOffset": [16, 76],
					"coordinates": [-4, -3.5, 2, 8, 2, 4]
				}
			],
			"position": [0, -7.5, 0]
		},
		{
			"id": "body_c_chestplate_body",
			"parent": "body_c",
			"attached": ["armor_body_all"],
			"scale": [0.75, 0.75, 1.05],
			"position": [0, 10, 0]
		},
		{
			"id": "body_c_cape_elytra",
			"parent": "body_c_chestplate_body",
			"attached": ["cape", "elytra"],
			"texture": "tex.skin"
		},
		{
			"id": "body_c_parrot_left",
			"parent": "body_c",
			"attached": ["shoulder_parrot_left"],
			"position": [-6.5, 10, 0],
			"scale": [0.75, 0.75, 0.75]
		},
		{
			"id": "body_c_parrot_right",
			"parent": "body_c",
			"attached": ["shoulder_parrot_right"],
			"position": [6.5, 10, 0],
			"scale": [0.75, 0.75, 0.75]
		},
		{
			"id": "9tails_cpm_dummy",
			"parent": "body_c",
			"position": [0, -0.5, 5]
		},
		{
			"id": "9tails",
			"parent": "9tails_cpm_dummy",
			"boxes": []
		},
		{
			"id": "tail1",
			"parent": "9tails",
			"rotation": [0, -17, 0],
			"boxes": [
				{
					"textureOffset": [48, 46],
					"coordinates": [-2, 0, 4, 4, 11, 4]
				}
			]
		},
		{
			"id": "tail2",
			"parent": "9tails",
			"rotation": [0, -15, -30],
			"boxes": [
				{
					"textureOffset": [0, 61],
					"coordinates": [-2, 0, 4, 4, 11, 4]
				}
			]
		},
		{
			"id": "tail3",
			"parent": "9tails",
			"rotation": [0, -15, 30],
			"boxes": [
				{
					"textureOffset": [0, 76],
					"coordinates": [-2, 0, 4, 4, 11, 4]
				}
			]
		},
		{
			"id": "tail4",
			"parent": "9tails",
			"rotation": [0, -15, 60],
			"boxes": [
				{
					"textureOffset": [48, 61],
					"coordinates": [-2, 0, 4, 4, 11, 4]
				}
			]
		},
		{
			"id": "tail5",
			"parent": "9tails",
			"rotation": [0, -15, -60],
			"boxes": [
				{
					"textureOffset": [32, 61],
					"coordinates": [-2, 0, 4, 4, 11, 4]
				}
			]
		},
		{
			"id": "tail6",
			"parent": "9tails",
			"rotation": [0, -14, -90],
			"boxes": [
				{
					"textureOffset": [16, 61],
					"coordinates": [-2, 0, 4, 4, 11, 4]
				}
			]
		},
		{
			"id": "tail7",
			"parent": "9tails",
			"rotation": [0, -14, 90],
			"boxes": [
				{
					"textureOffset": [32, 46],
					"coordinates": [-2, 0, 4, 4, 11, 4]
				}
			]
		},
		{
			"id": "tail8",
			"parent": "9tails",
			"rotation": [0, 0, 120],
			"boxes": [
				{
					"textureOffset": [56, 76],
					"coordinates": [-2, 0, 4, 4, 7, 4]
				}
			]
		},
		{
			"id": "tail9",
			"parent": "9tails",
			"rotation": [0, 0, -120],
			"boxes": [
				{
					"textureOffset": [40, 76],
					"coordinates": [-2, 0, 4, 4, 7, 4]
				}
			]
		},
		{
			"id": "end1",
			"parent": "9tails",
			"rotation": [0, 6, 0],
			"boxes": [
				{
					"textureOffset": [16, 46],
					"coordinates": [-2, 8.56263, 7.98006, 4, 11, 4]
				}
			]
		},
		{
			"id": "end2",
			"parent": "9tails",
			"rotation": [0, 23, -30],
			"boxes": [
				{
					"textureOffset": [0, 46],
					"coordinates": [-2, 6.20547, 9.92432, 4, 11, 4]
				}
			]
		},
		{
			"id": "end3",
			"parent": "9tails",
			"rotation": [0, 23, 30],
			"boxes": [
				{
					"textureOffset": [48, 31],
					"coordinates": [-2, 6.20547, 9.92432, 4, 11, 4]
				}
			]
		},
		{
			"id": "end4",
			"parent": "9tails",
			"rotation": [0, 46, -60],
			"boxes": [
				{
					"textureOffset": [32, 31],
					"coordinates": [-2, 1.83443, 11.56006, 4, 11, 4]
				}
			]
		},
		{
			"id": "end5",
			"parent": "9tails",
			"rotation": [0, 46, 60],
			"boxes": [
				{
					"textureOffset": [16, 31],
					"coordinates": [-2, 1.83443, 11.56006, 4, 11, 4]
				}
			]
		},
		{
			"id": "end6",
			"parent": "9tails",
			"rotation": [0, 69, -90],
			"boxes": [
				{
					"textureOffset": [0, 31],
					"coordinates": [-2, -2.62962, 11.40549, 4, 11, 4]
				}
			]
		},
		{
			"id": "end7",
			"parent": "9tails",
			"rotation": [0, 69, 90],
			"boxes": [
				{
					"textureOffset": [56, 16],
					"coordinates": [-2, -2.62962, 11.40549, 4, 11, 4]
				}
			]
		},
		{
			"id": "end8",
			"parent": "9tails",
			"rotation": [0, 90, -120],
			"boxes": [
				{
					"textureOffset": [40, 16],
					"coordinates": [-2, -4, 11, 4, 11, 4]
				}
			]
		},
		{
			"id": "end9",
			"parent": "9tails",
			"rotation": [0, 90, 120],
			"boxes": [
				{
					"textureOffset": [24, 16],
					"coordinates": [-2, -4, 11, 4, 11, 4]
				}
			]
		},
		{
			"id": "left_leg_c",
			"parent": "left_leg",
			"texture": "tex.yakumo_ran",
			"scale": [1.33333, 1.33333, 1.33333],
			"boxes": [
				{
					"textureOffset": [12, 91],
					"coordinates": [-1.5, -9, 1.5, 3, 9, 3]
				}
			]
		},
		{
			"id": "left_leg_c_legging_left",
			"parent": "left_leg_c",
			"attached": ["armor_left_leg_all"],
			"scale": [0.75, 0.75, 0.75]
		},
		{
			"id": "right_leg_c",
			"parent": "right_leg",
			"texture": "tex.yakumo_ran",
			"scale": [1.33333, 1.33333, 1.33333],
			"boxes": [
				{
					"textureOffset": [0, 91],
					"coordinates": [-1.5, -9, 1.5, 3, 9, 3]
				}
			]
		},
		{
			"id": "right_leg_c_legging_right",
			"parent": "right_leg_c",
			"attached": ["armor_right_leg_all"],
			"scale": [0.75, 0.75, 0.75]
		}
	]
}