{
    "id": 190,
    "name": "elora",
    "version": "1.0",
    "author": "DearFox",
    "desc": "Character Model Preview - Elora\\r\\n\\r\\nThis model is for guidance only. You cannot use this model for commerce.\\r\\n\\r\\nIf you want me to make a model of your character or your favorite character from some universe, contact me through https://www.furaffinity.net/user/dearfox/\\r\\nhttps://t.me/DearFox\\r\\nhttps://vk.com/mrdearfox",
    "tags": "Elora;Deer;Faun;Goat;Furry;Kemono;Spyro Reignited;DearFox",
    "likes": 12,
    "legacy": false
}