{
	"modelId": "keine_kamishirasawa",
	"modelName": "Keine Kamishirasawa",
	"version": "1.0.0",
	"author": "Succinum, ZeniCrow, Paulzzh, Tian_mi",
	"hide": ["model_all", "feature_all"],
	"skeleton": {
		"right_arm_all": [4, -0.66667, 0],
		"left_arm_all": [-4, -0.66667, 0]
	},
	"variables": {
		"left_arm_roll": "if(is_first_person,0,-25)",
		"right_arm_roll": "if(is_first_person,0,25)"
	},
	"bones": [
		{
			"id": "head_c",
			"parent": "head",
			"texture": "tex.keine_kamishirasawa",
			"scale": [1.33333, 1.33333, 1.33333],
			"boxes": [
				{
					"textureOffset": [0, 11],
					"coordinates": [-4, 0, 4, 8, 8, 8]
				}
			]
		},
		{
			"id": "head_c_helmet_hat",
			"parent": "head_c",
			"attached": ["helmet_all", "head_wearing"]
		},
		{
			"id": "blink",
			"parent": "head_c",
			"visible": "fmod(age,60)<5",
			"boxes": [
				{
					"textureOffset": [24, 48],
					"coordinates": [-4, 0, -4.001, 8, 8, 0.001]
				}
			]
		},
		{
			"id": "ahoge",
			"parent": "head_c",
			"boxes": []
		},
		{
			"id": "hair",
			"parent": "head_c",
			"boxes": []
		},
		{
			"id": "bone49_cpm_dummy",
			"parent": "hair",
			"position": [0, 0, -4]
		},
		{
			"id": "bone49",
			"parent": "bone49_cpm_dummy",
			"rotation": [0, -5, 0],
			"boxes": [
				{
					"textureOffset": [28, 11],
					"coordinates": [3, -7, 0, 1, 7, 0.001]
				},
				{
					"textureOffset": [8, 0],
					"coordinates": [-4, -7, 0, 1, 7, 0.001]
				}
			]
		},
		{
			"id": "bone50_cpm_dummy",
			"parent": "hair",
			"position": [-4, 0, -3]
		},
		{
			"id": "bone50",
			"parent": "bone50_cpm_dummy",
			"rotation": [0, 0, -5],
			"boxes": [
				{
					"textureOffset": [24, 58],
					"coordinates": [0, -4, 0, 0.001, 4, 1]
				}
			]
		},
		{
			"id": "bone51_cpm_dummy",
			"parent": "bone50",
			"position": [4, 0, 3]
		},
		{
			"id": "bone51",
			"parent": "bone51_cpm_dummy",
			"rotation": [0, 0, 5],
			"boxes": [
				{
					"textureOffset": [57, 40],
					"coordinates": [-4.3334, -5.63616, -3, 0.001, 2, 1]
				}
			]
		},
		{
			"id": "bone52_cpm_dummy",
			"parent": "bone50",
			"position": [4, 0, 3]
		},
		{
			"id": "bone52",
			"parent": "bone52_cpm_dummy",
			"rotation": [0, 0, 10],
			"boxes": [
				{
					"textureOffset": [57, 11],
					"coordinates": [-4.80814, -7.23711, -3, 0.001, 2, 1]
				}
			]
		},
		{
			"id": "bone53_cpm_dummy",
			"parent": "hair",
			"position": [-4, 0, -2]
		},
		{
			"id": "bone53",
			"parent": "bone53_cpm_dummy",
			"rotation": [0, 0, -10],
			"boxes": [
				{
					"textureOffset": [22, 58],
					"coordinates": [0, -4, 0, 0.001, 4, 1]
				}
			]
		},
		{
			"id": "bone54_cpm_dummy",
			"parent": "bone53",
			"position": [4, 0, 3]
		},
		{
			"id": "bone54",
			"parent": "bone54_cpm_dummy",
			"rotation": [0, 0, 5],
			"boxes": [
				{
					"textureOffset": [57, 8],
					"coordinates": [-4.3334, -5.63616, -3, 0.001, 2, 1]
				}
			]
		},
		{
			"id": "bone55_cpm_dummy",
			"parent": "bone53",
			"position": [4, 0, 3]
		},
		{
			"id": "bone55",
			"parent": "bone55_cpm_dummy",
			"rotation": [0, 0, 10],
			"boxes": [
				{
					"textureOffset": [49, 55],
					"coordinates": [-4.80814, -7.23711, -3, 0.001, 2, 1]
				}
			]
		},
		{
			"id": "bone56_cpm_dummy",
			"parent": "hair",
			"position": [-4, 0, 3]
		},
		{
			"id": "bone56",
			"parent": "bone56_cpm_dummy",
			"rotation": [0, 0, -10],
			"boxes": [
				{
					"textureOffset": [20, 57],
					"coordinates": [0, -4, 0, 0.001, 4, 1]
				}
			]
		},
		{
			"id": "bone57_cpm_dummy",
			"parent": "bone56",
			"position": [4, 0, 3]
		},
		{
			"id": "bone57",
			"parent": "bone57_cpm_dummy",
			"rotation": [0, 0, 5],
			"boxes": [
				{
					"textureOffset": [32, 55],
					"coordinates": [-4.3334, -5.63616, -3, 0.001, 2, 1]
				}
			]
		},
		{
			"id": "bone58_cpm_dummy",
			"parent": "bone56",
			"position": [4, 0, 3]
		},
		{
			"id": "bone58",
			"parent": "bone58_cpm_dummy",
			"rotation": [0, 0, 10],
			"boxes": [
				{
					"textureOffset": [0, 55],
					"coordinates": [-4.80814, -7.23711, -3, 0.001, 2, 1]
				}
			]
		},
		{
			"id": "bone59_cpm_dummy",
			"parent": "hair",
			"position": [-4, 0, 4]
		},
		{
			"id": "bone59",
			"parent": "bone59_cpm_dummy",
			"rotation": [0, 0, -15],
			"boxes": [
				{
					"textureOffset": [34, 55],
					"coordinates": [0, -4, 0, 0.001, 4, 1]
				}
			]
		},
		{
			"id": "bone60_cpm_dummy",
			"parent": "bone59",
			"position": [4, 0, 3]
		},
		{
			"id": "bone60",
			"parent": "bone60_cpm_dummy",
			"rotation": [0, 0, 5],
			"boxes": [
				{
					"textureOffset": [54, 53],
					"coordinates": [-4.3334, -5.63616, -3, 0.001, 2, 1]
				}
			]
		},
		{
			"id": "bone61_cpm_dummy",
			"parent": "bone59",
			"position": [4, 0, 3]
		},
		{
			"id": "bone61",
			"parent": "bone61_cpm_dummy",
			"rotation": [0, 0, 10],
			"boxes": [
				{
					"textureOffset": [54, 0],
					"coordinates": [-4.80814, -7.23711, -3, 0.001, 2, 1]
				}
			]
		},
		{
			"id": "bone62_cpm_dummy",
			"parent": "hair",
			"position": [4, 0, -3]
		},
		{
			"id": "bone62",
			"parent": "bone62_cpm_dummy",
			"rotation": [0, 0, 5],
			"boxes": [
				{
					"textureOffset": [42, 47],
					"coordinates": [0, -4, 0, 0.001, 4, 1]
				}
			]
		},
		{
			"id": "bone63_cpm_dummy",
			"parent": "bone62",
			"position": [-4, 0, 3]
		},
		{
			"id": "bone63",
			"parent": "bone63_cpm_dummy",
			"rotation": [0, 0, -10],
			"boxes": [
				{
					"textureOffset": [52, 53],
					"coordinates": [4.63382, -5.24464, -3, 0.001, 2, 1]
				}
			]
		},
		{
			"id": "bone64_cpm_dummy",
			"parent": "bone62",
			"position": [-4, 0, 3]
		},
		{
			"id": "bone64",
			"parent": "bone64_cpm_dummy",
			"rotation": [0, 0, -15],
			"boxes": [
				{
					"textureOffset": [52, 47],
					"coordinates": [5.07329, -6.82082, -3, 0.001, 2, 1]
				}
			]
		},
		{
			"id": "bone65_cpm_dummy",
			"parent": "hair",
			"position": [4, 0, -2]
		},
		{
			"id": "bone65",
			"parent": "bone65_cpm_dummy",
			"rotation": [0, 0, 10],
			"boxes": [
				{
					"textureOffset": [40, 47],
					"coordinates": [0, -4, 0, 0.001, 4, 1]
				}
			]
		},
		{
			"id": "bone66_cpm_dummy",
			"parent": "bone65",
			"position": [-4, 0, 3]
		},
		{
			"id": "bone66",
			"parent": "bone66_cpm_dummy",
			"rotation": [0, 0, -10],
			"boxes": [
				{
					"textureOffset": [52, 36],
					"coordinates": [4.63382, -5.24464, -3, 0.001, 2, 1]
				}
			]
		},
		{
			"id": "bone67_cpm_dummy",
			"parent": "bone65",
			"position": [-4, 0, 3]
		},
		{
			"id": "bone67",
			"parent": "bone67_cpm_dummy",
			"rotation": [0, 0, -15],
			"boxes": [
				{
					"textureOffset": [50, 28],
					"coordinates": [5.07329, -6.82082, -3, 0.001, 2, 1]
				}
			]
		},
		{
			"id": "bone68_cpm_dummy",
			"parent": "hair",
			"position": [4, 0, 3]
		},
		{
			"id": "bone68",
			"parent": "bone68_cpm_dummy",
			"rotation": [0, 0, 10],
			"boxes": [
				{
					"textureOffset": [2, 37],
					"coordinates": [0, -4, 0, 0.001, 4, 1]
				}
			]
		},
		{
			"id": "bone69_cpm_dummy",
			"parent": "bone68",
			"position": [-4, 0, 3]
		},
		{
			"id": "bone69",
			"parent": "bone69_cpm_dummy",
			"rotation": [0, 0, -10],
			"boxes": [
				{
					"textureOffset": [12, 46],
					"coordinates": [4.63382, -5.24464, -3, 0.001, 2, 1]
				}
			]
		},
		{
			"id": "bone70_cpm_dummy",
			"parent": "bone68",
			"position": [-4, 0, 3]
		},
		{
			"id": "bone70",
			"parent": "bone70_cpm_dummy",
			"rotation": [0, 0, -15],
			"boxes": [
				{
					"textureOffset": [0, 43],
					"coordinates": [5.07329, -6.82082, -3, 0.001, 2, 1]
				}
			]
		},
		{
			"id": "bone71_cpm_dummy",
			"parent": "hair",
			"position": [4, 0, 4]
		},
		{
			"id": "bone71",
			"parent": "bone71_cpm_dummy",
			"rotation": [0, 0, 15],
			"boxes": [
				{
					"textureOffset": [0, 37],
					"coordinates": [0, -4, 0, 0.001, 4, 1]
				}
			]
		},
		{
			"id": "bone72_cpm_dummy",
			"parent": "bone71",
			"position": [-4, 0, 3]
		},
		{
			"id": "bone72",
			"parent": "bone72_cpm_dummy",
			"rotation": [0, 0, -10],
			"boxes": [
				{
					"textureOffset": [6, 10],
					"coordinates": [4.63382, -5.24464, -3, 0.001, 2, 1]
				}
			]
		},
		{
			"id": "bone73_cpm_dummy",
			"parent": "bone71",
			"position": [-4, 0, 3]
		},
		{
			"id": "bone73",
			"parent": "bone73_cpm_dummy",
			"rotation": [0, 0, -15],
			"boxes": [
				{
					"textureOffset": [0, 10],
					"coordinates": [5.07329, -6.82082, -3, 0.001, 2, 1]
				}
			]
		},
		{
			"id": "bone74_cpm_dummy",
			"parent": "hair",
			"position": [-4, 0, 4]
		},
		{
			"id": "bone74",
			"parent": "bone74_cpm_dummy",
			"rotation": [0, 25, 0],
			"boxes": [
				{
					"textureOffset": [12, 60],
					"coordinates": [0, -4, 0, 1, 4, 0.001]
				}
			]
		},
		{
			"id": "bone75_cpm_dummy",
			"parent": "bone74",
			"position": [4, 0, -4]
		},
		{
			"id": "bone75",
			"parent": "bone75_cpm_dummy",
			"rotation": [0, -10, 0],
			"boxes": [
				{
					"textureOffset": [48, 60],
					"coordinates": [-4, -5.24464, 4.63382, 1, 2, 0.001]
				}
			]
		},
		{
			"id": "bone76_cpm_dummy",
			"parent": "bone74",
			"position": [4, 0, -4]
		},
		{
			"id": "bone76",
			"parent": "bone76_cpm_dummy",
			"rotation": [0, -20, 0],
			"boxes": [
				{
					"textureOffset": [46, 60],
					"coordinates": [-4, -6.36013, 5.47413, 1, 2, 0.001]
				}
			]
		},
		{
			"id": "bone77_cpm_dummy",
			"parent": "hair",
			"position": [-3, 0, 4]
		},
		{
			"id": "bone77",
			"parent": "bone77_cpm_dummy",
			"rotation": [0, 20, 0],
			"boxes": [
				{
					"textureOffset": [10, 60],
					"coordinates": [0, -4, 0, 1, 4, 0.001]
				}
			]
		},
		{
			"id": "bone78_cpm_dummy",
			"parent": "bone77",
			"position": [4, 0, -4]
		},
		{
			"id": "bone78",
			"parent": "bone78_cpm_dummy",
			"rotation": [0, -10, 0],
			"boxes": [
				{
					"textureOffset": [44, 60],
					"coordinates": [-4, -5.24464, 4.63382, 1, 2, 0.001]
				}
			]
		},
		{
			"id": "bone79_cpm_dummy",
			"parent": "bone77",
			"position": [4, 0, -4]
		},
		{
			"id": "bone79",
			"parent": "bone79_cpm_dummy",
			"rotation": [0, -20, 0],
			"boxes": [
				{
					"textureOffset": [42, 60],
					"coordinates": [-4, -6.36013, 5.47413, 1, 2, 0.001]
				}
			]
		},
		{
			"id": "bone80_cpm_dummy",
			"parent": "hair",
			"position": [-2, 0, 4]
		},
		{
			"id": "bone80",
			"parent": "bone80_cpm_dummy",
			"rotation": [0, 15, 0],
			"boxes": [
				{
					"textureOffset": [8, 60],
					"coordinates": [0, -4, 0, 1, 4, 0.001]
				}
			]
		},
		{
			"id": "bone81_cpm_dummy",
			"parent": "bone80",
			"position": [4, 0, -4]
		},
		{
			"id": "bone81",
			"parent": "bone81_cpm_dummy",
			"rotation": [0, -10, 0],
			"boxes": [
				{
					"textureOffset": [40, 60],
					"coordinates": [-4, -5.24464, 4.63382, 1, 2, 0.001]
				}
			]
		},
		{
			"id": "bone82_cpm_dummy",
			"parent": "bone80",
			"position": [4, 0, -4]
		},
		{
			"id": "bone82",
			"parent": "bone82_cpm_dummy",
			"rotation": [0, -20, 0],
			"boxes": [
				{
					"textureOffset": [38, 60],
					"coordinates": [-4, -6.36013, 5.47413, 1, 2, 0.001]
				}
			]
		},
		{
			"id": "bone83_cpm_dummy",
			"parent": "hair",
			"position": [-1, 0, 4]
		},
		{
			"id": "bone83",
			"parent": "bone83_cpm_dummy",
			"rotation": [0, 11, 0],
			"boxes": [
				{
					"textureOffset": [32, 59],
					"coordinates": [0, -4, 0, 1, 4, 0.001]
				}
			]
		},
		{
			"id": "bone84_cpm_dummy",
			"parent": "bone83",
			"position": [4, 0, -4]
		},
		{
			"id": "bone84",
			"parent": "bone84_cpm_dummy",
			"rotation": [0, -10, 0],
			"boxes": [
				{
					"textureOffset": [36, 60],
					"coordinates": [-4, -5.24464, 4.63382, 1, 2, 0.001]
				}
			]
		},
		{
			"id": "bone85_cpm_dummy",
			"parent": "bone83",
			"position": [4, 0, -4]
		},
		{
			"id": "bone85",
			"parent": "bone85_cpm_dummy",
			"rotation": [0, -20, 0],
			"boxes": [
				{
					"textureOffset": [34, 60],
					"coordinates": [-4, -6.36013, 5.47413, 1, 2, 0.001]
				}
			]
		},
		{
			"id": "bone86_cpm_dummy",
			"parent": "hair",
			"position": [0, 0, 4]
		},
		{
			"id": "bone86",
			"parent": "bone86_cpm_dummy",
			"rotation": [0, 14, 0],
			"boxes": [
				{
					"textureOffset": [30, 59],
					"coordinates": [0, -4, 0, 1, 4, 0.001]
				}
			]
		},
		{
			"id": "bone87_cpm_dummy",
			"parent": "bone86",
			"position": [4, 0, -4]
		},
		{
			"id": "bone87",
			"parent": "bone87_cpm_dummy",
			"rotation": [0, -10, 0],
			"boxes": [
				{
					"textureOffset": [18, 60],
					"coordinates": [-4, -5.24464, 4.63382, 1, 2, 0.001]
				}
			]
		},
		{
			"id": "bone88_cpm_dummy",
			"parent": "bone86",
			"position": [4, 0, -4]
		},
		{
			"id": "bone88",
			"parent": "bone88_cpm_dummy",
			"rotation": [0, -20, 0],
			"boxes": [
				{
					"textureOffset": [16, 60],
					"coordinates": [-4, -6.36013, 5.47413, 1, 2, 0.001]
				}
			]
		},
		{
			"id": "bone89_cpm_dummy",
			"parent": "hair",
			"position": [1, 0, 4]
		},
		{
			"id": "bone89",
			"parent": "bone89_cpm_dummy",
			"rotation": [0, 18, 0],
			"boxes": [
				{
					"textureOffset": [28, 59],
					"coordinates": [0, -4, 0, 1, 4, 0.001]
				}
			]
		},
		{
			"id": "bone90_cpm_dummy",
			"parent": "bone89",
			"position": [4, 0, -4]
		},
		{
			"id": "bone90",
			"parent": "bone90_cpm_dummy",
			"rotation": [0, -10, 0],
			"boxes": [
				{
					"textureOffset": [14, 60],
					"coordinates": [-4, -5.24464, 4.63382, 1, 2, 0.001]
				}
			]
		},
		{
			"id": "bone91_cpm_dummy",
			"parent": "bone89",
			"position": [4, 0, -4]
		},
		{
			"id": "bone91",
			"parent": "bone91_cpm_dummy",
			"rotation": [0, -20, 0],
			"boxes": [
				{
					"textureOffset": [59, 57],
					"coordinates": [-4, -6.36013, 5.47413, 1, 2, 0.001]
				}
			]
		},
		{
			"id": "bone92_cpm_dummy",
			"parent": "hair",
			"position": [2, 0, 4]
		},
		{
			"id": "bone92",
			"parent": "bone92_cpm_dummy",
			"rotation": [0, 22, 0],
			"boxes": [
				{
					"textureOffset": [26, 59],
					"coordinates": [0, -4, 0, 1, 4, 0.001]
				}
			]
		},
		{
			"id": "bone93_cpm_dummy",
			"parent": "bone92",
			"position": [4, 0, -4]
		},
		{
			"id": "bone93",
			"parent": "bone93_cpm_dummy",
			"rotation": [0, -10, 0],
			"boxes": [
				{
					"textureOffset": [58, 26],
					"coordinates": [-4, -5.24464, 4.63382, 1, 2, 0.001]
				}
			]
		},
		{
			"id": "bone94_cpm_dummy",
			"parent": "bone92",
			"position": [4, 0, -4]
		},
		{
			"id": "bone94",
			"parent": "bone94_cpm_dummy",
			"rotation": [0, -20, 0],
			"boxes": [
				{
					"textureOffset": [57, 44],
					"coordinates": [-4, -6.36013, 5.47413, 1, 2, 0.001]
				}
			]
		},
		{
			"id": "bone95_cpm_dummy",
			"parent": "hair",
			"position": [3, 0, 4]
		},
		{
			"id": "bone95",
			"parent": "bone95_cpm_dummy",
			"rotation": [0, 25, 0],
			"boxes": [
				{
					"textureOffset": [58, 22],
					"coordinates": [0, -4, 0, 1, 4, 0.001]
				}
			]
		},
		{
			"id": "bone96_cpm_dummy",
			"parent": "bone95",
			"position": [4, 0, -4]
		},
		{
			"id": "bone96",
			"parent": "bone96_cpm_dummy",
			"rotation": [0, -10, 0],
			"boxes": [
				{
					"textureOffset": [6, 0],
					"coordinates": [-4, -5.24464, 4.63382, 1, 2, 0.001]
				}
			]
		},
		{
			"id": "bone97_cpm_dummy",
			"parent": "bone95",
			"position": [4, 0, -4]
		},
		{
			"id": "bone97",
			"parent": "bone97_cpm_dummy",
			"rotation": [0, -20, 0],
			"boxes": [
				{
					"textureOffset": [0, 0],
					"coordinates": [-4, -6.36013, 5.47413, 1, 2, 0.001]
				}
			]
		},
		{
			"id": "hat_cpm_dummy",
			"parent": "head_c",
			"position": [0, -0.75, 0]
		},
		{
			"id": "hat",
			"parent": "hat_cpm_dummy",
			"boxes": []
		},
		{
			"id": "hatBottom",
			"parent": "hat",
			"boxes": [
				{
					"textureOffset": [40, 48],
					"coordinates": [-2, 8, 2, 4, 2, 4]
				},
				{
					"textureOffset": [52, 52],
					"coordinates": [-2, 10.75, 2, 4, 1, 4]
				},
				{
					"textureOffset": [52, 37],
					"coordinates": [-1.5, 11, 1.5, 3, 1, 3]
				},
				{
					"textureOffset": [0, 11],
					"coordinates": [-1, 11.25, 1, 2, 1, 2]
				},
				{
					"textureOffset": [17, 40],
					"coordinates": [-2.5, 10, 2.5, 5, 1, 5]
				}
			]
		},
		{
			"id": "hatMiddle_cpm_dummy",
			"parent": "hat",
			"position": [0, -0.75, 0]
		},
		{
			"id": "hatMiddle",
			"parent": "hatMiddle_cpm_dummy",
			"boxes": [
				{
					"textureOffset": [18, 40],
					"coordinates": [-0.5, 13, 0.5, 1, 1, 1]
				}
			]
		},
		{
			"id": "hatLeft_cpm_dummy",
			"parent": "hatMiddle",
			"position": [0, 13.5, 0]
		},
		{
			"id": "hatLeft",
			"parent": "hatLeft_cpm_dummy",
			"rotation": [0, 0, 10],
			"boxes": []
		},
		{
			"id": "bone21",
			"parent": "hatLeft",
			"rotation": [0, 0, 35],
			"boxes": [
				{
					"textureOffset": [9, 44],
					"coordinates": [0, -0.5, 0, 5, 1, 0.001]
				}
			]
		},
		{
			"id": "bone22",
			"parent": "hatLeft",
			"rotation": [0, 0, 15],
			"boxes": [
				{
					"textureOffset": [32, 41],
					"coordinates": [0, -0.5, 0, 5, 1, 0.001]
				}
			]
		},
		{
			"id": "bone23",
			"parent": "hatLeft",
			"rotation": [0, 0, -5],
			"boxes": [
				{
					"textureOffset": [0, 15],
					"coordinates": [0, -0.5, 0, 4, 1, 0.001]
				}
			]
		},
		{
			"id": "hatRight_cpm_dummy",
			"parent": "hatMiddle",
			"position": [0, 13.5, 0]
		},
		{
			"id": "hatRight",
			"parent": "hatRight_cpm_dummy",
			"rotation": [-175, 0, 5],
			"boxes": []
		},
		{
			"id": "bone24",
			"parent": "hatRight",
			"rotation": [0, 0, 35],
			"boxes": [
				{
					"textureOffset": [32, 40],
					"coordinates": [0, -0.5, 0, 5, 1, 0.001]
				}
			]
		},
		{
			"id": "bone25",
			"parent": "hatRight",
			"rotation": [0, 0, 15],
			"boxes": [
				{
					"textureOffset": [30, 9],
					"coordinates": [0, -0.5, 0, 5, 1, 0.001]
				}
			]
		},
		{
			"id": "bone26",
			"parent": "hatRight",
			"rotation": [0, 0, -5],
			"boxes": [
				{
					"textureOffset": [0, 14],
					"coordinates": [0, -0.5, 0, 4, 1, 0.001]
				}
			]
		},
		{
			"id": "right_arm_c",
			"parent": "right_arm",
			"texture": "tex.keine_kamishirasawa",
			"scale": [1.33333, 1.33333, 1.33333],
			"rotation": [0, 0, "var.right_arm_roll"],
			"boxes": [
				{
					"textureOffset": [0, 56],
					"coordinates": [0, -9, 1, 2, 8, 2]
				},
				{
					"textureOffset": [54, 0],
					"coordinates": [-0.5, -3, 1.5, 3, 3, 3]
				}
			]
		},
		{
			"id": "right_arm_c_chestplate_right",
			"parent": "right_arm_c",
			"attached": ["chestplate_right_arm"],
			"position": [0, -2, 0],
			"scale": [0.75, 0.75, 0.75]
		},
		{
			"id": "right_arm_c_item_right",
			"parent": "right_arm_c",
			"attached": ["held_item_right"],
			"position": [1, -12, -1],
			"scale": [0.75, 0.75, 0.75]
		},
		{
			"id": "left_arm_c",
			"parent": "left_arm",
			"texture": "tex.keine_kamishirasawa",
			"scale": [1.33333, 1.33333, 1.33333],
			"rotation": [0, 0, "var.left_arm_roll"],
			"boxes": [
				{
					"textureOffset": [0, 0],
					"coordinates": [-2, -9, 1, 2, 8, 2]
				},
				{
					"textureOffset": [37, 54],
					"coordinates": [-2.5, -3, 1.5, 3, 3, 3]
				}
			]
		},
		{
			"id": "left_arm_c_chestplate_left",
			"parent": "left_arm_c",
			"attached": ["chestplate_left_arm"],
			"position": [0, -2, 0],
			"scale": [0.75, 0.75, 0.75]
		},
		{
			"id": "left_arm_c_item_left",
			"parent": "left_arm_c",
			"attached": ["held_item_left"],
			"position": [-1, -12, -1],
			"scale": [0.75, 0.75, 0.75]
		},
		{
			"id": "body_c",
			"parent": "body",
			"texture": "tex.keine_kamishirasawa",
			"scale": [1.33333, 1.33333, 1.33333],
			"boxes": [
				{
					"textureOffset": [0, 27],
					"coordinates": [-3, 2.5, 3, 6, 5, 6]
				},
				{
					"textureOffset": [37, 37],
					"coordinates": [-2.5, 1.5, 2.5, 5, 6, 5]
				},
				{
					"textureOffset": [0, 38],
					"coordinates": [-3.5, -2.5, 2, 7, 2, 4]
				}
			],
			"position": [0, -7.5, 0]
		},
		{
			"id": "body_c_chestplate_body",
			"parent": "body_c",
			"attached": ["armor_body_all"],
			"scale": [0.75, 0.75, 1.05],
			"position": [0, 10, 0]
		},
		{
			"id": "body_c_cape_elytra",
			"parent": "body_c_chestplate_body",
			"attached": ["cape", "elytra"],
			"texture": "tex.skin"
		},
		{
			"id": "body_c_parrot_left",
			"parent": "body_c",
			"attached": ["shoulder_parrot_left"],
			"position": [-6.5, 10, 0],
			"scale": [0.75, 0.75, 0.75]
		},
		{
			"id": "body_c_parrot_right",
			"parent": "body_c",
			"attached": ["shoulder_parrot_right"],
			"position": [6.5, 10, 0],
			"scale": [0.75, 0.75, 0.75]
		},
		{
			"id": "skirt_cpm_dummy",
			"parent": "body_c",
			"position": [1, -10.5, -1]
		},
		{
			"id": "skirt",
			"parent": "skirt_cpm_dummy",
			"boxes": [
				{
					"textureOffset": [0, 0],
					"coordinates": [-6, 7, 6, 10, 1, 10]
				},
				{
					"textureOffset": [23, 23],
					"coordinates": [-5.5, 8, 5.5, 9, 1, 9]
				},
				{
					"textureOffset": [30, 0],
					"coordinates": [-5, 9, 5, 8, 1, 8]
				},
				{
					"textureOffset": [24, 11],
					"coordinates": [-4.5, 10, 4.5, 7, 1, 7]
				},
				{
					"textureOffset": [18, 33],
					"coordinates": [-4, 11, 4, 6, 1, 6]
				}
			]
		},
		{
			"id": "decoration_cpm_dummy",
			"parent": "body_c",
			"position": [0, -0.25, 0]
		},
		{
			"id": "decoration",
			"parent": "decoration_cpm_dummy",
			"boxes": [
				{
					"textureOffset": [33, 46],
					"coordinates": [-0.5, 6.3, -2.75, 1, 1, 1]
				}
			]
		},
		{
			"id": "bone9_cpm_dummy",
			"parent": "decoration",
			"position": [0, 7, -3]
		},
		{
			"id": "bone9",
			"parent": "bone9_cpm_dummy",
			"rotation": [0, -15, -25],
			"boxes": [
				{
					"textureOffset": [36, 33],
					"coordinates": [-0.5, -3, -0.25, 1, 3, 0.001]
				}
			]
		},
		{
			"id": "bone11_cpm_dummy",
			"parent": "decoration",
			"position": [0, 7, -3]
		},
		{
			"id": "bone11",
			"parent": "bone11_cpm_dummy",
			"rotation": [0, -15, -50],
			"boxes": [
				{
					"textureOffset": [6, 16],
					"coordinates": [-0.4, -3, -0.25, 1, 3, 0.001]
				}
			]
		},
		{
			"id": "bone10_cpm_dummy",
			"parent": "decoration",
			"position": [0, 7, -3]
		},
		{
			"id": "bone10",
			"parent": "bone10_cpm_dummy",
			"rotation": [0, -15, 25],
			"boxes": [
				{
					"textureOffset": [32, 19],
					"coordinates": [-0.5, -3, -0.25, 1, 3, 0.001]
				}
			]
		},
		{
			"id": "bone14_cpm_dummy",
			"parent": "decoration",
			"position": [0, 7, -3]
		},
		{
			"id": "bone14",
			"parent": "bone14_cpm_dummy",
			"rotation": [0, -15, 50],
			"boxes": [
				{
					"textureOffset": [8, 7],
					"coordinates": [-0.6, -3, -0.25, 1, 3, 0.001]
				}
			]
		},
		{
			"id": "lace_cpm_dummy",
			"parent": "body_c",
			"position": [0, 9, 0]
		},
		{
			"id": "lace",
			"parent": "lace_cpm_dummy",
			"boxes": []
		},
		{
			"id": "lacePart1_cpm_dummy",
			"parent": "lace",
			"position": [0, -9.5, 0]
		},
		{
			"id": "lacePart1",
			"parent": "lacePart1_cpm_dummy",
			"rotation": [0, 0, -65],
			"boxes": [
				{
					"textureOffset": [45, 24],
					"coordinates": [3.7144, 2.23315, 2.5, 4, 0.001, 5]
				},
				{
					"textureOffset": [57, 44],
					"coordinates": [3.7144, 2.23315, 4.5, 4, 1, 2]
				},
				{
					"textureOffset": [50, 33],
					"coordinates": [3.7144, 2.23315, 1.5, 4, 1, 3]
				},
				{
					"textureOffset": [57, 41],
					"coordinates": [3.7144, 2.23315, -2.5, 4, 1, 2]
				}
			]
		},
		{
			"id": "lacePart2_cpm_dummy",
			"parent": "lace",
			"position": [0, -9.5, 0]
		},
		{
			"id": "lacePart2",
			"parent": "lacePart2_cpm_dummy",
			"rotation": [180, 0, 65],
			"boxes": [
				{
					"textureOffset": [45, 19],
					"coordinates": [3.7144, 2.23315, 2.5, 4, 0.001, 5]
				},
				{
					"textureOffset": [57, 12],
					"coordinates": [3.7144, 2.23315, 4.5, 4, 1, 2]
				},
				{
					"textureOffset": [46, 14],
					"coordinates": [3.7144, 2.23315, 1.5, 4, 1, 3]
				},
				{
					"textureOffset": [57, 9],
					"coordinates": [3.7144, 2.23315, -2.5, 4, 1, 2]
				}
			]
		},
		{
			"id": "lace2_cpm_dummy",
			"parent": "body_c",
			"position": [0, 9, 0]
		},
		{
			"id": "lace2",
			"parent": "lace2_cpm_dummy",
			"rotation": [-90, 0, 0],
			"boxes": []
		},
		{
			"id": "lacePart3_cpm_dummy",
			"parent": "lace2",
			"position": [0, -9.5, 0]
		},
		{
			"id": "lacePart3",
			"parent": "lacePart3_cpm_dummy",
			"rotation": [0, 0, -65],
			"boxes": [
				{
					"textureOffset": [44, 9],
					"coordinates": [3.7144, 2.23315, 2.5, 4, 0.001, 5]
				},
				{
					"textureOffset": [49, 57],
					"coordinates": [3.7144, 2.23315, 4.5, 4, 1, 2]
				},
				{
					"textureOffset": [36, 33],
					"coordinates": [3.7144, 2.23315, 1.5, 4, 1, 3]
				},
				{
					"textureOffset": [22, 56],
					"coordinates": [3.7144, 2.23315, -2.5, 4, 1, 2]
				}
			]
		},
		{
			"id": "lacePart4_cpm_dummy",
			"parent": "lace2",
			"position": [0, -9.5, 0]
		},
		{
			"id": "lacePart4",
			"parent": "lacePart4_cpm_dummy",
			"rotation": [180, 0, 65],
			"boxes": [
				{
					"textureOffset": [13, 27],
					"coordinates": [3.7144, 2.23315, 2.5, 4, 0.001, 5]
				},
				{
					"textureOffset": [52, 48],
					"coordinates": [3.7144, 2.23315, 4.5, 4, 1, 2]
				},
				{
					"textureOffset": [32, 19],
					"coordinates": [3.7144, 2.23315, 1.5, 4, 1, 3]
				},
				{
					"textureOffset": [50, 29],
					"coordinates": [3.7144, 2.23315, -2.5, 4, 1, 2]
				}
			]
		},
		{
			"id": "bone2_cpm_dummy",
			"parent": "lace2",
			"position": [0, -10.5, 0]
		},
		{
			"id": "bone2",
			"parent": "bone2_cpm_dummy",
			"rotation": [-45, 0, 0],
			"boxes": []
		},
		{
			"id": "bone",
			"parent": "bone2",
			"rotation": [0, 0, -65],
			"boxes": [
				{
					"textureOffset": [17, 32],
					"coordinates": [5.49877, 4.13593, 0.55449, 2, 0.001, 1.1]
				}
			]
		},
		{
			"id": "bone3_cpm_dummy",
			"parent": "lace2",
			"position": [0, -10.5, 0]
		},
		{
			"id": "bone3",
			"parent": "bone3_cpm_dummy",
			"rotation": [-135, 0, 0],
			"boxes": []
		},
		{
			"id": "bone4",
			"parent": "bone3",
			"rotation": [0, 0, -65],
			"boxes": [
				{
					"textureOffset": [25, 31],
					"coordinates": [5.49877, 4.13593, 0.54551, 2, 0.001, 1.1]
				}
			]
		},
		{
			"id": "bone5_cpm_dummy",
			"parent": "lace2",
			"position": [0, -10.5, 0]
		},
		{
			"id": "bone5",
			"parent": "bone5_cpm_dummy",
			"rotation": [45, 0, 0],
			"boxes": []
		},
		{
			"id": "bone6",
			"parent": "bone5",
			"rotation": [0, 0, -65],
			"boxes": [
				{
					"textureOffset": [29, 7],
					"coordinates": [5.49877, 4.13593, 0.54551, 2, 0.001, 1.1]
				}
			]
		},
		{
			"id": "bone12_cpm_dummy",
			"parent": "lace2",
			"position": [0, -10.5, 0]
		},
		{
			"id": "bone12",
			"parent": "bone12_cpm_dummy",
			"rotation": [135, 0, 0],
			"boxes": []
		},
		{
			"id": "bone13",
			"parent": "bone12",
			"rotation": [0, 0, -65],
			"boxes": [
				{
					"textureOffset": [0, 18],
					"coordinates": [5.49877, 4.13593, 0.54551, 2, 0.001, 1.1]
				}
			]
		},
		{
			"id": "lace3_cpm_dummy",
			"parent": "body_c",
			"position": [0, 7, 0]
		},
		{
			"id": "lace3",
			"parent": "lace3_cpm_dummy",
			"boxes": []
		},
		{
			"id": "lacePart5_cpm_dummy",
			"parent": "lace3",
			"position": [0, -9.5, 0]
		},
		{
			"id": "lacePart5",
			"parent": "lacePart5_cpm_dummy",
			"rotation": [0, 0, -65],
			"boxes": [
				{
					"textureOffset": [38, 9],
					"coordinates": [4.62071, 1.81053, 3.5, 2, 0.001, 7]
				},
				{
					"textureOffset": [58, 20],
					"coordinates": [4.62071, 1.81053, 4.5, 2, 1, 1]
				},
				{
					"textureOffset": [58, 18],
					"coordinates": [4.62071, 1.81053, 2.5, 2, 1, 1]
				},
				{
					"textureOffset": [14, 58],
					"coordinates": [4.62071, 1.81053, 0.5, 2, 1, 1]
				},
				{
					"textureOffset": [8, 58],
					"coordinates": [4.62071, 1.81053, -1.5, 2, 1, 1]
				},
				{
					"textureOffset": [57, 15],
					"coordinates": [4.62071, 1.81053, -3.5, 2, 1, 1]
				}
			]
		},
		{
			"id": "lacePart6_cpm_dummy",
			"parent": "lace3",
			"position": [0, -9.5, 0]
		},
		{
			"id": "lacePart6",
			"parent": "lacePart6_cpm_dummy",
			"rotation": [180, 0, 65],
			"boxes": [
				{
					"textureOffset": [27, 0],
					"coordinates": [4.62071, 1.81053, 3.5, 2, 0.001, 7]
				},
				{
					"textureOffset": [6, 56],
					"coordinates": [4.62071, 1.81053, 4.5, 2, 1, 1]
				},
				{
					"textureOffset": [54, 6],
					"coordinates": [4.62071, 1.81053, 2.5, 2, 1, 1]
				},
				{
					"textureOffset": [46, 54],
					"coordinates": [4.62071, 1.81053, 0.5, 2, 1, 1]
				},
				{
					"textureOffset": [47, 33],
					"coordinates": [4.62071, 1.81053, -1.5, 2, 1, 1]
				},
				{
					"textureOffset": [27, 46],
					"coordinates": [4.62071, 1.81053, -3.5, 2, 1, 1]
				}
			]
		},
		{
			"id": "lace4_cpm_dummy",
			"parent": "body_c",
			"position": [0, 7, 0]
		},
		{
			"id": "lace4",
			"parent": "lace4_cpm_dummy",
			"rotation": [-90, 0, 0],
			"boxes": []
		},
		{
			"id": "lacePart7_cpm_dummy",
			"parent": "lace4",
			"position": [0, -9.5, 0]
		},
		{
			"id": "lacePart7",
			"parent": "lacePart7_cpm_dummy",
			"rotation": [0, 0, -65],
			"boxes": [
				{
					"textureOffset": [23, 0],
					"coordinates": [4.62071, 1.81053, 3.5, 2, 0.001, 7]
				},
				{
					"textureOffset": [21, 46],
					"coordinates": [4.62071, 1.81053, 4.5, 2, 1, 1]
				},
				{
					"textureOffset": [9, 45],
					"coordinates": [4.62071, 1.81053, 2.5, 2, 1, 1]
				},
				{
					"textureOffset": [43, 19],
					"coordinates": [4.62071, 1.81053, 0.5, 2, 1, 1]
				},
				{
					"textureOffset": [36, 37],
					"coordinates": [4.62071, 1.81053, -1.5, 2, 1, 1]
				},
				{
					"textureOffset": [0, 31],
					"coordinates": [4.62071, 1.81053, -3.5, 2, 1, 1]
				}
			]
		},
		{
			"id": "lacePart8_cpm_dummy",
			"parent": "lace4",
			"position": [0, -9.5, 0]
		},
		{
			"id": "lacePart8",
			"parent": "lacePart8_cpm_dummy",
			"rotation": [180, 0, 65],
			"boxes": [
				{
					"textureOffset": [17, 11],
					"coordinates": [4.62071, 1.81053, 3.5, 2, 0.001, 7]
				},
				{
					"textureOffset": [26, 29],
					"coordinates": [4.62071, 1.81053, 4.5, 2, 1, 1]
				},
				{
					"textureOffset": [0, 29],
					"coordinates": [4.62071, 1.81053, 2.5, 2, 1, 1]
				},
				{
					"textureOffset": [26, 27],
					"coordinates": [4.62071, 1.81053, 0.5, 2, 1, 1]
				},
				{
					"textureOffset": [0, 27],
					"coordinates": [4.62071, 1.81053, -1.5, 2, 1, 1]
				},
				{
					"textureOffset": [0, 16],
					"coordinates": [4.62071, 1.81053, -3.5, 2, 1, 1]
				}
			]
		},
		{
			"id": "left_leg_c",
			"parent": "left_leg",
			"texture": "tex.keine_kamishirasawa",
			"scale": [1.33333, 1.33333, 1.33333],
			"boxes": [
				{
					"textureOffset": [12, 46],
					"coordinates": [-1.5, -9, 1.5, 3, 9, 3]
				}
			]
		},
		{
			"id": "left_leg_c_legging_left",
			"parent": "left_leg_c",
			"attached": ["armor_left_leg_all"],
			"scale": [0.75, 0.75, 0.75]
		},
		{
			"id": "legDeco2",
			"parent": "left_leg_c",
			"boxes": [
				{
					"textureOffset": [40, 9],
					"coordinates": [-0.5, -8, -1, 1, 1, 1]
				}
			]
		},
		{
			"id": "bone17_cpm_dummy",
			"parent": "legDeco2",
			"position": [-0.75, -8, -1.75]
		},
		{
			"id": "bone17",
			"parent": "bone17_cpm_dummy",
			"rotation": [5, 0, 30],
			"boxes": [
				{
					"textureOffset": [32, 44],
					"coordinates": [-0.5, -0.5, 0, 2, 1, 0.001]
				}
			]
		},
		{
			"id": "bone18_cpm_dummy",
			"parent": "legDeco2",
			"position": [1.25, -7, -1.75]
		},
		{
			"id": "bone18",
			"parent": "bone18_cpm_dummy",
			"rotation": [-5, 0, 20],
			"boxes": [
				{
					"textureOffset": [43, 21],
					"coordinates": [-1.25, -0.5, 0, 2, 1, 0.001]
				}
			]
		},
		{
			"id": "bone19_cpm_dummy",
			"parent": "legDeco2",
			"position": [-1, -7, -1.75]
		},
		{
			"id": "bone19",
			"parent": "bone19_cpm_dummy",
			"rotation": [5, 0, -20],
			"boxes": [
				{
					"textureOffset": [18, 38],
					"coordinates": [-0.75, -0.5, 0, 2, 1, 0.001]
				}
			]
		},
		{
			"id": "bone20_cpm_dummy",
			"parent": "legDeco2",
			"position": [0.75, -8, -1.75]
		},
		{
			"id": "bone20",
			"parent": "bone20_cpm_dummy",
			"rotation": [-5, 0, -30],
			"boxes": [
				{
					"textureOffset": [34, 7],
					"coordinates": [-1.5, -0.5, 0, 2, 1, 0.001]
				}
			]
		},
		{
			"id": "right_leg_c",
			"parent": "right_leg",
			"texture": "tex.keine_kamishirasawa",
			"scale": [1.33333, 1.33333, 1.33333],
			"boxes": [
				{
					"textureOffset": [0, 44],
					"coordinates": [-1.5, -9, 1.5, 3, 9, 3]
				}
			]
		},
		{
			"id": "right_leg_c_legging_right",
			"parent": "right_leg_c",
			"attached": ["armor_right_leg_all"],
			"scale": [0.75, 0.75, 0.75]
		},
		{
			"id": "legDeco",
			"parent": "right_leg_c",
			"boxes": [
				{
					"textureOffset": [32, 42],
					"coordinates": [-0.5, -8, -1, 1, 1, 1]
				}
			]
		},
		{
			"id": "bone8_cpm_dummy",
			"parent": "legDeco",
			"position": [-0.75, -8, -1.75]
		},
		{
			"id": "bone8",
			"parent": "bone8_cpm_dummy",
			"rotation": [5, 0, 30],
			"boxes": [
				{
					"textureOffset": [52, 18],
					"coordinates": [-0.5, -0.5, 0, 2, 1, 0.001]
				}
			]
		},
		{
			"id": "bone15_cpm_dummy",
			"parent": "legDeco",
			"position": [1.25, -7, -1.75]
		},
		{
			"id": "bone15",
			"parent": "bone15_cpm_dummy",
			"rotation": [-5, 0, 20],
			"boxes": [
				{
					"textureOffset": [46, 22],
					"coordinates": [-1.25, -0.5, 0, 2, 1, 0.001]
				}
			]
		},
		{
			"id": "bone16_cpm_dummy",
			"parent": "legDeco",
			"position": [-1, -7, -1.75]
		},
		{
			"id": "bone16",
			"parent": "bone16_cpm_dummy",
			"rotation": [5, 0, -20],
			"boxes": [
				{
					"textureOffset": [45, 16],
					"coordinates": [-0.75, -0.5, 0, 2, 1, 0.001]
				}
			]
		},
		{
			"id": "bone7_cpm_dummy",
			"parent": "legDeco",
			"position": [0.75, -8, -1.75]
		},
		{
			"id": "bone7",
			"parent": "bone7_cpm_dummy",
			"rotation": [-5, 0, -30],
			"boxes": [
				{
					"textureOffset": [47, 35],
					"coordinates": [-1.5, -0.5, 0, 2, 1, 0.001]
				}
			]
		}
	]
}