{
    "id": 160,
    "name": "Succubus (Grimoire of Gaia 3)",
    "version": "1.0.0",
    "author": "Model by Silentine, ported by V972",
    "desc": "### Succubus mob model\\r\\nfrom the mod [Grimoire of Gaia 3](https://www.curseforge.com/minecraft/mc-mods/grimoire-of-gaia).\\r\\n\\r\\n#### Model features:\\r\\n-- Supports all player features.  \\r\\n-- Custom fitting armor (supports all vanilla and in theory modded armor).  \\r\\n-- Parrots sit on horns.  \\r\\n-- Wings become large enough to glide when equipping elytra and take appropriate position when gliding.\\r\\n\\r\\n#### Credit\\r\\n-- Original model by Silentine\\r\\n\\r\\nPorted and uploaded [with developer\\'s permission](https://discordapp.com/channels/488774215961542666/488774215961542668/708450777311608854) (link to Discord message).  \\r\\nIf you find any bugs or have suggestions, find me on Discord: **`V972#8352`**.\\r\\n\\r\\n#### Changelog:\\r\\n-- V 1.0.0\\r\\nInitial upload.",
    "tags": "succubus; demon; monstergirl; monster; girl; grimoireofgaia; grimoireofgaia3; grimoire; gaia;",
    "likes": 57,
    "legacy": true
}