{
	"modelId": "yagokoro_eirin",
	"modelName": "Yagokoro Eirin",
	"version": "1.0.0",
	"author": "Succinum, ZeniCrow, Paulzzh, Tian_mi",
	"hide": ["model_all", "feature_all"],
	"skeleton": {
		"right_arm_all": [4, -0.66667, 0],
		"left_arm_all": [-4, -0.66667, 0]
	},
	"variables": {
		"left_arm_roll": "if(is_first_person,0,-25)",
		"right_arm_roll": "if(is_first_person,0,25)"
	},
	"bones": [
		{
			"id": "head_c",
			"parent": "head",
			"texture": "tex.yagokoro_eirin",
			"scale": [1.33333, 1.33333, 1.33333],
			"boxes": [
				{
					"textureOffset": [0, 13],
					"coordinates": [-4, 0, 4, 8, 8, 8]
				}
			]
		},
		{
			"id": "head_c_helmet_hat",
			"parent": "head_c",
			"attached": ["helmet_all", "head_wearing"]
		},
		{
			"id": "blink",
			"parent": "head_c",
			"visible": "fmod(age,60)<5",
			"boxes": [
				{
					"textureOffset": [12, 56],
					"coordinates": [-4, 0, -4.001, 8, 8, 0.001]
				}
			]
		},
		{
			"id": "ahoge",
			"parent": "head_c",
			"boxes": []
		},
		{
			"id": "hairBraid_cpm_dummy",
			"parent": "head_c",
			"position": [0, -18, 0]
		},
		{
			"id": "hairBraid",
			"parent": "hairBraid_cpm_dummy",
			"position": [-4, 24, -3],
			"rotation": [180, 0, 0],
			"boxes": []
		},
		{
			"id": "braid",
			"parent": "hairBraid",
			"rotation": [0, 0, 40],
			"boxes": [
				{
					"textureOffset": [50, 20],
					"coordinates": [-3.15336, -7.53896, 0.5359, 3, 2, 2]
				},
				{
					"textureOffset": [50, 43],
					"coordinates": [-4.15336, -8.53896, -0.9641, 3, 2, 1]
				},
				{
					"textureOffset": [50, 27],
					"coordinates": [-5.15336, -9.53896, -1.4641, 3, 2, 1]
				},
				{
					"textureOffset": [50, 24],
					"coordinates": [-6.15336, -10.53896, -1.9641, 3, 2, 1]
				},
				{
					"textureOffset": [33, 46],
					"coordinates": [-6.65336, -11.03896, -2.2141, 3, 2, 1]
				},
				{
					"textureOffset": [40, 20],
					"coordinates": [-7.15336, -11.53896, -2.4641, 3, 2, 1]
				},
				{
					"textureOffset": [39, 34],
					"coordinates": [-7.65336, -12.03896, -2.7141, 3, 2, 1]
				},
				{
					"textureOffset": [32, 20],
					"coordinates": [-3.15336, -5.53896, 0.5359, 2, 1, 2]
				},
				{
					"textureOffset": [54, 10],
					"coordinates": [-4.15336, -6.53896, -0.9641, 2, 1, 1]
				},
				{
					"textureOffset": [54, 6],
					"coordinates": [-5.15336, -7.53896, -1.4641, 2, 1, 1]
				},
				{
					"textureOffset": [54, 4],
					"coordinates": [-6.15336, -8.53896, -1.9641, 2, 1, 1]
				},
				{
					"textureOffset": [54, 2],
					"coordinates": [-6.65336, -9.03896, -2.2141, 2, 1, 1]
				},
				{
					"textureOffset": [54, 0],
					"coordinates": [-7.15336, -9.53896, -2.4641, 2, 1, 1]
				},
				{
					"textureOffset": [30, 54],
					"coordinates": [-7.65336, -10.03896, -2.7141, 2, 1, 1]
				},
				{
					"textureOffset": [18, 29],
					"coordinates": [-3.65336, -8.03896, -0.7141, 3, 2, 1]
				},
				{
					"textureOffset": [0, 16],
					"coordinates": [-4.65336, -9.03896, -1.2141, 3, 2, 1]
				},
				{
					"textureOffset": [0, 13],
					"coordinates": [-5.65336, -10.03896, -1.7141, 3, 2, 1]
				},
				{
					"textureOffset": [24, 54],
					"coordinates": [-3.65336, -6.03896, -0.7141, 2, 1, 1]
				},
				{
					"textureOffset": [18, 54],
					"coordinates": [-4.65336, -7.03896, -1.2141, 2, 1, 1]
				},
				{
					"textureOffset": [12, 54],
					"coordinates": [-5.65336, -8.03896, -1.7141, 2, 1, 1]
				}
			]
		},
		{
			"id": "hat",
			"parent": "head_c",
			"boxes": [
				{
					"textureOffset": [6, 0],
					"coordinates": [-0.5, 13, 0.5, 1, 1, 1]
				}
			]
		},
		{
			"id": "hatSection_cpm_dummy",
			"parent": "hat",
			"position": [0, 8, 0]
		},
		{
			"id": "hatSection",
			"parent": "hatSection_cpm_dummy",
			"position": [0, 0, -3.795],
			"boxes": []
		},
		{
			"id": "hatPiece",
			"parent": "hatSection",
			"rotation": [0, 21, 0],
			"boxes": []
		},
		{
			"id": "bone_cpm_dummy",
			"parent": "hatPiece",
			"position": [3.9, 1.75, -0.205]
		},
		{
			"id": "bone",
			"parent": "bone_cpm_dummy",
			"rotation": [0, 0, -20],
			"boxes": [
				{
					"textureOffset": [48, 39],
					"coordinates": [-4.5, -3, 0.205, 5, 4, 0.001],
					"mirror": true
				}
			]
		},
		{
			"id": "bone2_cpm_dummy",
			"parent": "hatPiece",
			"position": [-3.9, 1.75, -0.205]
		},
		{
			"id": "bone2",
			"parent": "bone2_cpm_dummy",
			"rotation": [0, 0, 20],
			"boxes": [
				{
					"textureOffset": [48, 39],
					"coordinates": [-0.5, -3, 0.205, 5, 4, 0.001]
				}
			]
		},
		{
			"id": "cross_cpm_dummy",
			"parent": "hatPiece",
			"position": [-0.1, 0.75, -0.205]
		},
		{
			"id": "cross",
			"parent": "cross_cpm_dummy",
			"boxes": [
				{
					"textureOffset": [8, 2],
					"coordinates": [-0.35, -0.25, 0.204, 1, 3, 0.001]
				},
				{
					"textureOffset": [0, 1],
					"coordinates": [0.65, 0.75, 0.204, 1, 1, 0.001]
				},
				{
					"textureOffset": [0, 0],
					"coordinates": [-1.35, 0.75, 0.204, 1, 1, 0.001]
				}
			]
		},
		{
			"id": "hatSection2_cpm_dummy",
			"parent": "hat",
			"position": [0, 8, 0]
		},
		{
			"id": "hatSection2",
			"parent": "hatSection2_cpm_dummy",
			"position": [0, 0, -3.795],
			"rotation": [-90, 0, 0],
			"boxes": []
		},
		{
			"id": "hatPiece2",
			"parent": "hatSection2",
			"rotation": [0, 21, 0],
			"boxes": []
		},
		{
			"id": "bone3_cpm_dummy",
			"parent": "hatPiece2",
			"position": [3.9, 1.75, -0.205]
		},
		{
			"id": "bone3",
			"parent": "bone3_cpm_dummy",
			"rotation": [0, 0, -20],
			"boxes": [
				{
					"textureOffset": [48, 39],
					"coordinates": [-4.5, -3, 0.205, 5, 4, 0.001],
					"mirror": true
				}
			]
		},
		{
			"id": "bone4_cpm_dummy",
			"parent": "hatPiece2",
			"position": [-3.9, 1.75, -0.205]
		},
		{
			"id": "bone4",
			"parent": "bone4_cpm_dummy",
			"rotation": [0, 0, 20],
			"boxes": [
				{
					"textureOffset": [48, 39],
					"coordinates": [-0.5, -3, 0.205, 5, 4, 0.001]
				}
			]
		},
		{
			"id": "hatSection3_cpm_dummy",
			"parent": "hat",
			"position": [0, 8, 0]
		},
		{
			"id": "hatSection3",
			"parent": "hatSection3_cpm_dummy",
			"position": [0, 0, -3.795],
			"rotation": [90, 0, 0],
			"boxes": []
		},
		{
			"id": "hatPiece3",
			"parent": "hatSection3",
			"rotation": [0, 21, 0],
			"boxes": []
		},
		{
			"id": "bone5_cpm_dummy",
			"parent": "hatPiece3",
			"position": [3.9, 1.75, -0.205]
		},
		{
			"id": "bone5",
			"parent": "bone5_cpm_dummy",
			"rotation": [0, 0, -20],
			"boxes": [
				{
					"textureOffset": [48, 39],
					"coordinates": [-4.5, -3, 0.205, 5, 4, 0.001],
					"mirror": true
				}
			]
		},
		{
			"id": "bone6_cpm_dummy",
			"parent": "hatPiece3",
			"position": [-3.9, 1.75, -0.205]
		},
		{
			"id": "bone6",
			"parent": "bone6_cpm_dummy",
			"rotation": [0, 0, 20],
			"boxes": [
				{
					"textureOffset": [48, 39],
					"coordinates": [-0.5, -3, 0.205, 5, 4, 0.001]
				}
			]
		},
		{
			"id": "hatSection4_cpm_dummy",
			"parent": "hat",
			"position": [0, 8, 0]
		},
		{
			"id": "hatSection4",
			"parent": "hatSection4_cpm_dummy",
			"position": [0, 0, -3.795],
			"rotation": [180, 0, 0],
			"boxes": []
		},
		{
			"id": "hatPiece4",
			"parent": "hatSection4",
			"rotation": [0, 21, 0],
			"boxes": []
		},
		{
			"id": "bone7_cpm_dummy",
			"parent": "hatPiece4",
			"position": [3.9, 1.75, -0.205]
		},
		{
			"id": "bone7",
			"parent": "bone7_cpm_dummy",
			"rotation": [0, 0, -20],
			"boxes": [
				{
					"textureOffset": [48, 39],
					"coordinates": [-4.5, -3, 0.205, 5, 4, 0.001],
					"mirror": true
				}
			]
		},
		{
			"id": "bone8_cpm_dummy",
			"parent": "hatPiece4",
			"position": [-3.9, 1.75, -0.205]
		},
		{
			"id": "bone8",
			"parent": "bone8_cpm_dummy",
			"rotation": [0, 0, 20],
			"boxes": [
				{
					"textureOffset": [48, 39],
					"coordinates": [-0.5, -3, 0.205, 5, 4, 0.001]
				}
			]
		},
		{
			"id": "hatSection5_cpm_dummy",
			"parent": "hat",
			"position": [0, 8, 0]
		},
		{
			"id": "hatSection5",
			"parent": "hatSection5_cpm_dummy",
			"boxes": []
		},
		{
			"id": "bone10_cpm_dummy",
			"parent": "hatSection5",
			"position": [-4.7119, 2.3514, -4.6976]
		},
		{
			"id": "bone10",
			"parent": "bone10_cpm_dummy",
			"rotation": [-49, -63, 0],
			"boxes": []
		},
		{
			"id": "bone9",
			"parent": "bone10",
			"rotation": [0, 0, 45],
			"boxes": [
				{
					"textureOffset": [48, 34],
					"coordinates": [0.00003, 0.00098, -0.00003, 5, 5, 0.001]
				}
			]
		},
		{
			"id": "bone11_cpm_dummy",
			"parent": "hatSection5",
			"position": [-4.7119, 2.3514, -4.6976]
		},
		{
			"id": "bone11",
			"parent": "bone11_cpm_dummy",
			"rotation": [-41, -63, 0],
			"boxes": []
		},
		{
			"id": "bone12",
			"parent": "bone11",
			"rotation": [0, 0, 45],
			"boxes": [
				{
					"textureOffset": [48, 34],
					"coordinates": [0.01312, -0.01532, -0.00079, 5, 5, 0.001]
				}
			]
		},
		{
			"id": "hatSection6_cpm_dummy",
			"parent": "hat",
			"position": [0, 8, 0]
		},
		{
			"id": "hatSection6",
			"parent": "hatSection6_cpm_dummy",
			"rotation": [-90, 0, 0],
			"boxes": []
		},
		{
			"id": "bone13_cpm_dummy",
			"parent": "hatSection6",
			"position": [-4.7119, 2.3514, -4.6976]
		},
		{
			"id": "bone13",
			"parent": "bone13_cpm_dummy",
			"rotation": [-49, -63, 0],
			"boxes": []
		},
		{
			"id": "bone14",
			"parent": "bone13",
			"rotation": [0, 0, 45],
			"boxes": [
				{
					"textureOffset": [48, 34],
					"coordinates": [0.00003, 0.00098, -0.00003, 5, 5, 0.001]
				}
			]
		},
		{
			"id": "bone15_cpm_dummy",
			"parent": "hatSection6",
			"position": [-4.7119, 2.3514, -4.6976]
		},
		{
			"id": "bone15",
			"parent": "bone15_cpm_dummy",
			"rotation": [-41, -63, 0],
			"boxes": []
		},
		{
			"id": "bone16",
			"parent": "bone15",
			"rotation": [0, 0, 45],
			"boxes": [
				{
					"textureOffset": [48, 34],
					"coordinates": [0.01312, -0.01532, -0.00079, 5, 5, 0.001]
				}
			]
		},
		{
			"id": "hatSection7_cpm_dummy",
			"parent": "hat",
			"position": [0, 8, 0]
		},
		{
			"id": "hatSection7",
			"parent": "hatSection7_cpm_dummy",
			"rotation": [180, 0, 0],
			"boxes": []
		},
		{
			"id": "bone17_cpm_dummy",
			"parent": "hatSection7",
			"position": [-4.7119, 2.3514, -4.6976]
		},
		{
			"id": "bone17",
			"parent": "bone17_cpm_dummy",
			"rotation": [-49, -63, 0],
			"boxes": []
		},
		{
			"id": "bone18",
			"parent": "bone17",
			"rotation": [0, 0, 45],
			"boxes": [
				{
					"textureOffset": [48, 34],
					"coordinates": [0.00003, 0.00098, -0.00003, 5, 5, 0.001]
				}
			]
		},
		{
			"id": "bone19_cpm_dummy",
			"parent": "hatSection7",
			"position": [-4.7119, 2.3514, -4.6976]
		},
		{
			"id": "bone19",
			"parent": "bone19_cpm_dummy",
			"rotation": [-41, -63, 0],
			"boxes": []
		},
		{
			"id": "bone20",
			"parent": "bone19",
			"rotation": [0, 0, 45],
			"boxes": [
				{
					"textureOffset": [48, 34],
					"coordinates": [0.01312, -0.01532, -0.00079, 5, 5, 0.001]
				}
			]
		},
		{
			"id": "hatSection8_cpm_dummy",
			"parent": "hat",
			"position": [0, 8, 0]
		},
		{
			"id": "hatSection8",
			"parent": "hatSection8_cpm_dummy",
			"rotation": [90, 0, 0],
			"boxes": []
		},
		{
			"id": "bone21_cpm_dummy",
			"parent": "hatSection8",
			"position": [-4.7119, 2.3514, -4.6976]
		},
		{
			"id": "bone21",
			"parent": "bone21_cpm_dummy",
			"rotation": [-49, -63, 0],
			"boxes": []
		},
		{
			"id": "bone22",
			"parent": "bone21",
			"rotation": [0, 0, 45],
			"boxes": [
				{
					"textureOffset": [48, 34],
					"coordinates": [0.00003, 0.00098, -0.00003, 5, 5, 0.001]
				}
			]
		},
		{
			"id": "bone23_cpm_dummy",
			"parent": "hatSection8",
			"position": [-4.7119, 2.3514, -4.6976]
		},
		{
			"id": "bone23",
			"parent": "bone23_cpm_dummy",
			"rotation": [-41, -63, 0],
			"boxes": []
		},
		{
			"id": "bone24",
			"parent": "bone23",
			"rotation": [0, 0, 45],
			"boxes": [
				{
					"textureOffset": [48, 34],
					"coordinates": [0.01312, -0.01532, -0.00079, 5, 5, 0.001]
				}
			]
		},
		{
			"id": "right_arm_c",
			"parent": "right_arm",
			"texture": "tex.yagokoro_eirin",
			"scale": [1.33333, 1.33333, 1.33333],
			"rotation": [0, 0, "var.right_arm_roll"],
			"boxes": [
				{
					"textureOffset": [48, 10],
					"coordinates": [0, -9, 1, 2, 8, 2]
				},
				{
					"textureOffset": [24, 46],
					"coordinates": [-0.5, -5, 1.5, 3, 5, 3]
				}
			]
		},
		{
			"id": "right_arm_c_chestplate_right",
			"parent": "right_arm_c",
			"attached": ["chestplate_right_arm"],
			"position": [0, -2, 0],
			"scale": [0.75, 0.75, 0.75]
		},
		{
			"id": "right_arm_c_item_right",
			"parent": "right_arm_c",
			"attached": ["held_item_right"],
			"position": [1, -12, -1],
			"scale": [0.75, 0.75, 0.75]
		},
		{
			"id": "left_arm_c",
			"parent": "left_arm",
			"texture": "tex.yagokoro_eirin",
			"scale": [1.33333, 1.33333, 1.33333],
			"rotation": [0, 0, "var.left_arm_roll"],
			"boxes": [
				{
					"textureOffset": [0, 0],
					"coordinates": [-2, -9, 1, 2, 8, 2]
				},
				{
					"textureOffset": [12, 46],
					"coordinates": [-2.5, -5, 1.5, 3, 5, 3]
				}
			]
		},
		{
			"id": "left_arm_c_chestplate_left",
			"parent": "left_arm_c",
			"attached": ["chestplate_left_arm"],
			"position": [0, -2, 0],
			"scale": [0.75, 0.75, 0.75]
		},
		{
			"id": "left_arm_c_item_left",
			"parent": "left_arm_c",
			"attached": ["held_item_left"],
			"position": [-1, -12, -1],
			"scale": [0.75, 0.75, 0.75]
		},
		{
			"id": "body_c",
			"parent": "body",
			"texture": "tex.yagokoro_eirin",
			"scale": [1.33333, 1.33333, 1.33333],
			"boxes": [
				{
					"textureOffset": [0, 29],
					"coordinates": [-3, 2.5, 3, 6, 5, 6]
				},
				{
					"textureOffset": [24, 34],
					"coordinates": [-2.5, -0.75, 2.5, 5, 7, 5]
				},
				{
					"textureOffset": [0, 40],
					"coordinates": [-3.5, -2.5, 2, 7, 2, 4]
				}
			],
			"position": [0, -7.5, 0]
		},
		{
			"id": "body_c_chestplate_body",
			"parent": "body_c",
			"attached": ["armor_body_all"],
			"scale": [0.75, 0.75, 1.05],
			"position": [0, 10, 0]
		},
		{
			"id": "body_c_cape_elytra",
			"parent": "body_c_chestplate_body",
			"attached": ["cape", "elytra"],
			"texture": "tex.skin"
		},
		{
			"id": "body_c_parrot_left",
			"parent": "body_c",
			"attached": ["shoulder_parrot_left"],
			"position": [-6.5, 10, 0],
			"scale": [0.75, 0.75, 0.75]
		},
		{
			"id": "body_c_parrot_right",
			"parent": "body_c",
			"attached": ["shoulder_parrot_right"],
			"position": [6.5, 10, 0],
			"scale": [0.75, 0.75, 0.75]
		},
		{
			"id": "skirt_cpm_dummy",
			"parent": "body_c",
			"position": [1, -10.5, -1]
		},
		{
			"id": "skirt",
			"parent": "skirt_cpm_dummy",
			"boxes": [
				{
					"textureOffset": [0, 0],
					"coordinates": [-6, 4.25, 6, 10, 3, 10]
				},
				{
					"textureOffset": [23, 23],
					"coordinates": [-5.5, 7.25, 5.5, 9, 2, 9]
				},
				{
					"textureOffset": [30, 0],
					"coordinates": [-5, 9.25, 5, 8, 2, 8]
				},
				{
					"textureOffset": [24, 13],
					"coordinates": [-4, 11.25, 4, 6, 1, 6]
				}
			]
		},
		{
			"id": "lace_cpm_dummy",
			"parent": "body_c",
			"position": [0, 6, 0]
		},
		{
			"id": "lace",
			"parent": "lace_cpm_dummy",
			"boxes": []
		},
		{
			"id": "lacePart1_cpm_dummy",
			"parent": "lace",
			"position": [0, -9.5, 0]
		},
		{
			"id": "lacePart1",
			"parent": "lacePart1_cpm_dummy",
			"rotation": [0, 0, -65],
			"boxes": [
				{
					"textureOffset": [37, 37],
					"coordinates": [4.09369, 2.42262, 3.5, 2, 0.001, 7]
				},
				{
					"textureOffset": [53, 50],
					"coordinates": [4.09369, 2.42262, 4.5, 2, 1, 1]
				},
				{
					"textureOffset": [53, 48],
					"coordinates": [4.09369, 2.42262, 2.5, 2, 1, 1]
				},
				{
					"textureOffset": [53, 46],
					"coordinates": [4.09369, 2.42262, 0.5, 2, 1, 1]
				},
				{
					"textureOffset": [53, 53],
					"coordinates": [4.09369, 2.42262, -1.5, 2, 1, 1]
				},
				{
					"textureOffset": [35, 53],
					"coordinates": [4.09369, 2.42262, -3.5, 2, 1, 1]
				}
			]
		},
		{
			"id": "lacePart2_cpm_dummy",
			"parent": "lace",
			"position": [0, -9.5, 0]
		},
		{
			"id": "lacePart2",
			"parent": "lacePart2_cpm_dummy",
			"rotation": [180, 0, 65],
			"boxes": [
				{
					"textureOffset": [35, 10],
					"coordinates": [4.09369, 2.42262, 3.5, 2, 0.001, 7]
				},
				{
					"textureOffset": [50, 30],
					"coordinates": [4.09369, 2.42262, 4.5, 2, 1, 1]
				},
				{
					"textureOffset": [21, 46],
					"coordinates": [4.09369, 2.42262, 2.5, 2, 1, 1]
				},
				{
					"textureOffset": [9, 46],
					"coordinates": [4.09369, 2.42262, 0.5, 2, 1, 1]
				},
				{
					"textureOffset": [42, 17],
					"coordinates": [4.09369, 2.42262, -1.5, 2, 1, 1]
				},
				{
					"textureOffset": [18, 42],
					"coordinates": [4.09369, 2.42262, -3.5, 2, 1, 1]
				}
			]
		},
		{
			"id": "lace2_cpm_dummy",
			"parent": "body_c",
			"position": [0, 6, 0]
		},
		{
			"id": "lace2",
			"parent": "lace2_cpm_dummy",
			"rotation": [-90, 0, 0],
			"boxes": []
		},
		{
			"id": "lacePart3_cpm_dummy",
			"parent": "lace2",
			"position": [0, -9.5, 0]
		},
		{
			"id": "lacePart3",
			"parent": "lacePart3_cpm_dummy",
			"rotation": [0, 0, -65],
			"boxes": [
				{
					"textureOffset": [27, 0],
					"coordinates": [4.09369, 2.42262, 3.5, 2, 0.001, 7]
				},
				{
					"textureOffset": [18, 40],
					"coordinates": [4.09369, 2.42262, 4.5, 2, 1, 1]
				},
				{
					"textureOffset": [18, 33],
					"coordinates": [4.09369, 2.42262, 2.5, 2, 1, 1]
				},
				{
					"textureOffset": [0, 33],
					"coordinates": [4.09369, 2.42262, 0.5, 2, 1, 1]
				},
				{
					"textureOffset": [0, 31],
					"coordinates": [4.09369, 2.42262, -1.5, 2, 1, 1]
				},
				{
					"textureOffset": [26, 29],
					"coordinates": [4.09369, 2.42262, -3.5, 2, 1, 1]
				}
			]
		},
		{
			"id": "lacePart4_cpm_dummy",
			"parent": "lace2",
			"position": [0, -9.5, 0]
		},
		{
			"id": "lacePart4",
			"parent": "lacePart4_cpm_dummy",
			"rotation": [180, 0, 65],
			"boxes": [
				{
					"textureOffset": [23, 0],
					"coordinates": [4.09369, 2.42262, 3.5, 2, 0.001, 7]
				},
				{
					"textureOffset": [0, 29],
					"coordinates": [4.09369, 2.42262, 4.5, 2, 1, 1]
				},
				{
					"textureOffset": [24, 17],
					"coordinates": [4.09369, 2.42262, 2.5, 2, 1, 1]
				},
				{
					"textureOffset": [24, 15],
					"coordinates": [4.09369, 2.42262, 0.5, 2, 1, 1]
				},
				{
					"textureOffset": [24, 13],
					"coordinates": [4.09369, 2.42262, -1.5, 2, 1, 1]
				},
				{
					"textureOffset": [0, 19],
					"coordinates": [4.09369, 2.42262, -3.5, 2, 1, 1]
				}
			]
		},
		{
			"id": "left_leg_c",
			"parent": "left_leg",
			"texture": "tex.yagokoro_eirin",
			"scale": [1.33333, 1.33333, 1.33333],
			"boxes": [
				{
					"textureOffset": [0, 46],
					"coordinates": [-1.5, -9, 1.5, 3, 9, 3]
				}
			]
		},
		{
			"id": "left_leg_c_legging_left",
			"parent": "left_leg_c",
			"attached": ["armor_left_leg_all"],
			"scale": [0.75, 0.75, 0.75]
		},
		{
			"id": "right_leg_c",
			"parent": "right_leg",
			"texture": "tex.yagokoro_eirin",
			"scale": [1.33333, 1.33333, 1.33333],
			"boxes": [
				{
					"textureOffset": [41, 44],
					"coordinates": [-1.5, -9, 1.5, 3, 9, 3]
				}
			]
		},
		{
			"id": "right_leg_c_legging_right",
			"parent": "right_leg_c",
			"attached": ["armor_right_leg_all"],
			"scale": [0.75, 0.75, 0.75]
		}
	]
}