{
	"modelId": "black_rock_shooter",
	"modelName": "Black Rock Shooter",
	"version": "1.0",
	"author": "Gamepiaynmo",
	"hide": ["model_all", "armor_all"],
	"fpLeft": ["left_arm_c"],
	"fpRight": ["right_arm_c"],
	"bones": [
		{
			"id": "head_c",
			"parent": "head",
			"texture": "tex.brs",
			"textureSize": [64, 64],
			"attached": ["helmet_all", "head_wearing"],
			"boxes": [
				{
					"textureOffset": [0, 0],
					"coordinates": [-4, 0, 4, 8, 8, 8]
				},
				{
					"textureOffset": [32, 0],
					"coordinates": [-4, 0, 4, 8, 8, 8],
					"sizeAdd": 0.5
				}
			]
		},
		{
			"id": "body_c",
			"parent": "body",
			"texture": "tex.brs",
			"textureSize": [64, 64],
			"attached": ["armor_body_all"],
			"boxes": [
				{
					"textureOffset": [16, 16],
					"coordinates": [-4, -12, 2, 8, 12, 4]
				},
				{
					"textureOffset": [16, 32],
					"coordinates": [-4, -12, 2, 8, 12, 4],
					"sizeAdd": 0.25
				}
			]
		},
		{
			"id": "cape_c",
			"parent": "body",
			"textureSize": [64, 32],
			"attached": ["cape", "elytra"]
		},
		{
			"id": "left_arm_c",
			"parent": "left_arm",
			"texture": "tex.brs",
			"textureSize": [64, 64],
			"attached": ["chestplate_left_arm"],
			"boxes": [
				{
					"textureOffset": [32, 48],
					"coordinates": [-2, -10, 2, 3, 12, 4]
				},
				{
					"textureOffset": [48, 48],
					"coordinates": [-2, -10, 2, 3, 12, 4],
					"sizeAdd": 0.25
				}
			]
		},
		{
			"id": "right_arm_c",
			"parent": "right_arm",
			"texture": "tex.brs",
			"textureSize": [64, 64],
			"attached": ["chestplate_right_arm"],
			"boxes": [
				{
					"textureOffset": [40, 16],
					"coordinates": [-1, -10, 2, 3, 12, 4]
				},
				{
					"textureOffset": [40, 32],
					"coordinates": [-1, -10, 2, 3, 12, 4],
					"sizeAdd": 0.25
				}
			]
		},
		{
			"id": "left_leg_c",
			"parent": "left_leg",
			"texture": "tex.brs",
			"textureSize": [64, 64],
			"attached": ["armor_left_leg_all"],
			"boxes": [
				{
					"textureOffset": [16, 48],
					"coordinates": [-2, -12, 2, 4, 12, 4]
				},
				{
					"textureOffset": [0, 48],
					"coordinates": [-2, -12, 2, 4, 12, 4],
					"sizeAdd": 0.25
				}
			]
		},
		{
			"id": "right_leg_c",
			"parent": "right_leg",
			"texture": "tex.brs",
			"textureSize": [64, 64],
			"attached": ["armor_right_leg_all"],
			"boxes": [
				{
					"textureOffset": [0, 16],
					"coordinates": [-2, -12, 2, 4, 12, 4]
				},
				{
					"textureOffset": [0, 32],
					"coordinates": [-2, -12, 2, 4, 12, 4],
					"sizeAdd": 0.25
				}
			]
		},
		{
			"id": "left_eye",
			"parent": "head_c",
			"position": [-5, -3, 2],
			"rotation": [90, 70, 0],
			"texture": "if(health<=10,tex.eye_part1,tex.eye_part2)",
			"textureSize": [50, 50],
			"particles": [
				{
					"posRange": [0, 0, 0],
					"dirRange": 10,
					"angle": [-90, 90],
					"speed": [0.06, 0.08],
					"rotSpeed": [0, 0],
					"lifeSpan": [9, 11],
					"density": 1,
					"animation": [4, 4],
					"colorR": [1, 1],
					"colorG": [1, 1],
					"colorB": [1, 1],
					"colorA": [1, 1],
					"size": [0.17, 0.22],
					"gravity": -0.4,
					"collide": false
				}
			]
		},
		{
			"id": "left_hair",
			"parent": "head_c",
			"position": [-4, 8, 4],
			"texture": "tex.hair",
			"textureSize": [64, 64],
			"boxes": [
				{
					"textureOffset": [32, 20],
					"coordinates": [-1, -2, 1, 3, 3, 3]
				}
			]
		},
		{
			"id": "left_hair_2",
			"parent": "left_hair",
			"position": [0, 0, 3],
			"rotation": [30, 20, 0],
			"texture": "tex.hair",
			"textureSize": [64, 64],
			"physics": [0.3, 0.15, 0.8, 0, 0],
			"boxes": [
				{
					"textureOffset": [32, 20],
					"coordinates": [-1.5, -1, 0, 4, 2, 3]
				}
			]
		},
		{
			"id": "left_hair_3",
			"parent": "left_hair_2",
			"position": [0, 0, -10],
			"rotation": [0, 90, 0],
			"texture": "tex.hair",
			"textureSize": [64, 64],
			"physics": [0.3, 0.15, 0.9, 2, 0.3],
			"boxes": [
				{
					"textureOffset": [32, 20],
					"coordinates": [-1.5, -1, 10, 4, 2, 10]
				}
			]
		},
		{
			"id": "left_hair_4",
			"parent": "left_hair_3",
			"position": [0, 0, -10],
			"rotation": [0, -20, 0],
			"texture": "tex.hair",
			"textureSize": [64, 64],
			"physics": [0.3, 0.2, 0.9, 2, 0.6],
			"boxes": [
				{
					"textureOffset": [32, 20],
					"coordinates": [-2, -1, 10, 5, 2, 12]
				}
			]
		},
		{
			"id": "right_hair",
			"parent": "head_c",
			"position": [4, 8, 4],
			"texture": "tex.hair",
			"textureSize": [64, 64],
			"boxes": [
				{
					"textureOffset": [32, 20],
					"coordinates": [-2, -2, 1, 3, 3, 3]
				}
			]
		},
		{
			"id": "right_hair_2",
			"parent": "right_hair",
			"position": [0, 0, 3],
			"rotation": [-30, 20, 0],
			"texture": "tex.hair",
			"textureSize": [64, 64],
			"physics": [0.3, 0.15, 0.8, 0, 0],
			"boxes": [
				{
					"textureOffset": [32, 20],
					"coordinates": [-2.5, -1, 0, 4, 2, 3]
				}
			]
		},
		{
			"id": "right_hair_3",
			"parent": "right_hair_2",
			"position": [0, 0, -10],
			"rotation": [0, 90, 0],
			"texture": "tex.hair",
			"textureSize": [64, 64],
			"physics": [0.3, 0.15, 0.9, 2, 0.3],
			"boxes": [
				{
					"textureOffset": [32, 20],
					"coordinates": [-2.5, -1, 10, 4, 2, 10]
				}
			]
		}
	]
}