{
	"modelId": "yorigami_shion",
	"modelName": "Yorigami Shion",
	"version": "1.0.0",
	"author": "Succinum, ZeniCrow, Paulzzh, Tian_mi",
	"hide": ["model_all", "feature_all"],
	"skeleton": {
		"right_arm_all": [4, -0.66667, 0],
		"left_arm_all": [-4, -0.66667, 0]
	},
	"variables": {
		"left_arm_roll": "if(is_first_person,0,-25)",
		"right_arm_roll": "if(is_first_person,0,25)"
	},
	"bones": [
		{
			"id": "head_c",
			"parent": "head",
			"texture": "tex.yorigami_shion",
			"scale": [1.33333, 1.33333, 1.33333],
			"boxes": [
				{
					"textureOffset": [0, 0],
					"coordinates": [-4, 0, 4, 8, 8, 8]
				}
			]
		},
		{
			"id": "head_c_helmet_hat",
			"parent": "head_c",
			"attached": ["helmet_all", "head_wearing"]
		},
		{
			"id": "blink_cpm_dummy",
			"parent": "head_c",
			"position": [0, -18, 0]
		},
		{
			"id": "blink",
			"parent": "blink_cpm_dummy",
			"visible": "fmod(age,60)<5",
			"boxes": [
				{
					"textureOffset": [18, 40],
					"coordinates": [-4, 18, -4.001, 8, 8, 0.001]
				}
			]
		},
		{
			"id": "hair_cpm_dummy",
			"parent": "head_c",
			"position": [0, 0, 4]
		},
		{
			"id": "hair",
			"parent": "hair_cpm_dummy",
			"boxes": []
		},
		{
			"id": "bone7_cpm_dummy",
			"parent": "hair",
			"position": [-3.5, 0, -0.5]
		},
		{
			"id": "bone7",
			"parent": "bone7_cpm_dummy",
			"boxes": []
		},
		{
			"id": "bone8_cpm_dummy",
			"parent": "bone7",
			"position": [3.5, -18, -3.5]
		},
		{
			"id": "bone8",
			"parent": "bone8_cpm_dummy",
			"boxes": [
				{
					"textureOffset": [4, 22],
					"coordinates": [-4, 16, 4, 1, 2, 1],
					"mirror": true
				},
				{
					"textureOffset": [0, 22],
					"coordinates": [-7.23205, 10.40192, 4, 1, 2, 1],
					"mirror": true
				}
			]
		},
		{
			"id": "bone9_cpm_dummy",
			"parent": "bone7",
			"position": [3.5, -18, -3.5]
		},
		{
			"id": "bone9",
			"parent": "bone9_cpm_dummy",
			"rotation": [0, 0, -30],
			"boxes": [
				{
					"textureOffset": [4, 19],
					"coordinates": [-11.59808, 10.35641, 4, 1, 2, 1],
					"mirror": true
				},
				{
					"textureOffset": [0, 19],
					"coordinates": [-12.4641, 7.12436, 4, 1, 2, 1],
					"mirror": true
				}
			]
		},
		{
			"id": "bone12_cpm_dummy",
			"parent": "bone7",
			"position": [3.5, -18, -3.5]
		},
		{
			"id": "bone12",
			"parent": "bone12_cpm_dummy",
			"rotation": [0, 0, -60],
			"boxes": [
				{
					"textureOffset": [4, 16],
					"coordinates": [-15.35641, 1.66987, 4, 1, 2, 1],
					"mirror": true
				}
			]
		},
		{
			"id": "bone27_cpm_dummy",
			"parent": "hair",
			"position": [3.5, 0, -0.5]
		},
		{
			"id": "bone27",
			"parent": "bone27_cpm_dummy",
			"boxes": []
		},
		{
			"id": "bone28_cpm_dummy",
			"parent": "bone27",
			"position": [-3.5, -18, -3.5]
		},
		{
			"id": "bone28",
			"parent": "bone28_cpm_dummy",
			"boxes": [
				{
					"textureOffset": [4, 22],
					"coordinates": [3, 16, 4, 1, 2, 1]
				},
				{
					"textureOffset": [0, 22],
					"coordinates": [6.23205, 10.40192, 4, 1, 2, 1]
				}
			]
		},
		{
			"id": "bone29_cpm_dummy",
			"parent": "bone27",
			"position": [-3.5, -18, -3.5]
		},
		{
			"id": "bone29",
			"parent": "bone29_cpm_dummy",
			"rotation": [0, 0, 30],
			"boxes": [
				{
					"textureOffset": [4, 19],
					"coordinates": [10.59808, 10.35641, 4, 1, 2, 1]
				},
				{
					"textureOffset": [0, 19],
					"coordinates": [11.4641, 7.12436, 4, 1, 2, 1]
				}
			]
		},
		{
			"id": "bone30_cpm_dummy",
			"parent": "bone27",
			"position": [-3.5, -18, -3.5]
		},
		{
			"id": "bone30",
			"parent": "bone30_cpm_dummy",
			"rotation": [0, 0, 60],
			"boxes": [
				{
					"textureOffset": [4, 16],
					"coordinates": [14.35641, 1.66987, 4, 1, 2, 1]
				}
			]
		},
		{
			"id": "bone15_cpm_dummy",
			"parent": "hair",
			"position": [-2.5, 0, -0.5]
		},
		{
			"id": "bone15",
			"parent": "bone15_cpm_dummy",
			"rotation": [-26, 0, 0],
			"boxes": []
		},
		{
			"id": "bone16_cpm_dummy",
			"parent": "bone15",
			"position": [3.5, -18, -3.5]
		},
		{
			"id": "bone16",
			"parent": "bone16_cpm_dummy",
			"boxes": [
				{
					"textureOffset": [4, 22],
					"coordinates": [-4, 16, 4, 1, 2, 1],
					"mirror": true
				},
				{
					"textureOffset": [0, 22],
					"coordinates": [-7.23205, 10.40192, 4, 1, 2, 1],
					"mirror": true
				}
			]
		},
		{
			"id": "bone17_cpm_dummy",
			"parent": "bone15",
			"position": [3.5, -18, -3.5]
		},
		{
			"id": "bone17",
			"parent": "bone17_cpm_dummy",
			"rotation": [0, 0, -30],
			"boxes": [
				{
					"textureOffset": [4, 19],
					"coordinates": [-11.59808, 10.35641, 4, 1, 2, 1],
					"mirror": true
				},
				{
					"textureOffset": [0, 19],
					"coordinates": [-12.4641, 7.12436, 4, 1, 2, 1],
					"mirror": true
				}
			]
		},
		{
			"id": "bone18_cpm_dummy",
			"parent": "bone15",
			"position": [3.5, -18, -3.5]
		},
		{
			"id": "bone18",
			"parent": "bone18_cpm_dummy",
			"rotation": [0, 0, -60],
			"boxes": [
				{
					"textureOffset": [4, 16],
					"coordinates": [-15.35641, 1.66987, 4, 1, 2, 1],
					"mirror": true
				}
			]
		},
		{
			"id": "bone31_cpm_dummy",
			"parent": "hair",
			"position": [2.5, 0, -0.5]
		},
		{
			"id": "bone31",
			"parent": "bone31_cpm_dummy",
			"rotation": [26, 0, 0],
			"boxes": []
		},
		{
			"id": "bone32_cpm_dummy",
			"parent": "bone31",
			"position": [-3.5, -18, -3.5]
		},
		{
			"id": "bone32",
			"parent": "bone32_cpm_dummy",
			"boxes": [
				{
					"textureOffset": [4, 22],
					"coordinates": [3, 16, 4, 1, 2, 1]
				},
				{
					"textureOffset": [0, 22],
					"coordinates": [6.23205, 10.40192, 4, 1, 2, 1]
				}
			]
		},
		{
			"id": "bone33_cpm_dummy",
			"parent": "bone31",
			"position": [-3.5, -18, -3.5]
		},
		{
			"id": "bone33",
			"parent": "bone33_cpm_dummy",
			"rotation": [0, 0, 30],
			"boxes": [
				{
					"textureOffset": [4, 19],
					"coordinates": [10.59808, 10.35641, 4, 1, 2, 1]
				},
				{
					"textureOffset": [0, 19],
					"coordinates": [11.4641, 7.12436, 4, 1, 2, 1]
				}
			]
		},
		{
			"id": "bone34_cpm_dummy",
			"parent": "bone31",
			"position": [-3.5, -18, -3.5]
		},
		{
			"id": "bone34",
			"parent": "bone34_cpm_dummy",
			"rotation": [0, 0, 60],
			"boxes": [
				{
					"textureOffset": [4, 16],
					"coordinates": [14.35641, 1.66987, 4, 1, 2, 1]
				}
			]
		},
		{
			"id": "bone19_cpm_dummy",
			"parent": "hair",
			"position": [-1.5, 0, -0.5]
		},
		{
			"id": "bone19",
			"parent": "bone19_cpm_dummy",
			"rotation": [-52, 0, 0],
			"boxes": []
		},
		{
			"id": "bone20_cpm_dummy",
			"parent": "bone19",
			"position": [3.5, -18, -3.5]
		},
		{
			"id": "bone20",
			"parent": "bone20_cpm_dummy",
			"boxes": [
				{
					"textureOffset": [4, 22],
					"coordinates": [-4, 16, 4, 1, 2, 1],
					"mirror": true
				},
				{
					"textureOffset": [0, 22],
					"coordinates": [-7.23205, 10.40192, 4, 1, 2, 1],
					"mirror": true
				}
			]
		},
		{
			"id": "bone21_cpm_dummy",
			"parent": "bone19",
			"position": [3.5, -18, -3.5]
		},
		{
			"id": "bone21",
			"parent": "bone21_cpm_dummy",
			"rotation": [0, 0, -30],
			"boxes": [
				{
					"textureOffset": [4, 19],
					"coordinates": [-11.59808, 10.35641, 4, 1, 2, 1],
					"mirror": true
				},
				{
					"textureOffset": [0, 19],
					"coordinates": [-12.4641, 7.12436, 4, 1, 2, 1],
					"mirror": true
				}
			]
		},
		{
			"id": "bone22_cpm_dummy",
			"parent": "bone19",
			"position": [3.5, -18, -3.5]
		},
		{
			"id": "bone22",
			"parent": "bone22_cpm_dummy",
			"rotation": [0, 0, -60],
			"boxes": [
				{
					"textureOffset": [4, 16],
					"coordinates": [-15.35641, 1.66987, 4, 1, 2, 1],
					"mirror": true
				}
			]
		},
		{
			"id": "bone35_cpm_dummy",
			"parent": "hair",
			"position": [1.5, 0, -0.5]
		},
		{
			"id": "bone35",
			"parent": "bone35_cpm_dummy",
			"rotation": [52, 0, 0],
			"boxes": []
		},
		{
			"id": "bone36_cpm_dummy",
			"parent": "bone35",
			"position": [-3.5, -18, -3.5]
		},
		{
			"id": "bone36",
			"parent": "bone36_cpm_dummy",
			"boxes": [
				{
					"textureOffset": [4, 22],
					"coordinates": [3, 16, 4, 1, 2, 1]
				},
				{
					"textureOffset": [0, 22],
					"coordinates": [6.23205, 10.40192, 4, 1, 2, 1]
				}
			]
		},
		{
			"id": "bone37_cpm_dummy",
			"parent": "bone35",
			"position": [-3.5, -18, -3.5]
		},
		{
			"id": "bone37",
			"parent": "bone37_cpm_dummy",
			"rotation": [0, 0, 30],
			"boxes": [
				{
					"textureOffset": [4, 19],
					"coordinates": [10.59808, 10.35641, 4, 1, 2, 1]
				},
				{
					"textureOffset": [0, 19],
					"coordinates": [11.4641, 7.12436, 4, 1, 2, 1]
				}
			]
		},
		{
			"id": "bone38_cpm_dummy",
			"parent": "bone35",
			"position": [-3.5, -18, -3.5]
		},
		{
			"id": "bone38",
			"parent": "bone38_cpm_dummy",
			"rotation": [0, 0, 60],
			"boxes": [
				{
					"textureOffset": [4, 16],
					"coordinates": [14.35641, 1.66987, 4, 1, 2, 1]
				}
			]
		},
		{
			"id": "bone23_cpm_dummy",
			"parent": "hair",
			"position": [-0.5, 0, -0.5]
		},
		{
			"id": "bone23",
			"parent": "bone23_cpm_dummy",
			"rotation": [-78, 0, 0],
			"boxes": []
		},
		{
			"id": "bone24_cpm_dummy",
			"parent": "bone23",
			"position": [3.5, -18, -3.5]
		},
		{
			"id": "bone24",
			"parent": "bone24_cpm_dummy",
			"boxes": [
				{
					"textureOffset": [4, 22],
					"coordinates": [-4, 16, 4, 1, 2, 1],
					"mirror": true
				},
				{
					"textureOffset": [0, 22],
					"coordinates": [-7.23205, 10.40192, 4, 1, 2, 1],
					"mirror": true
				}
			]
		},
		{
			"id": "bone25_cpm_dummy",
			"parent": "bone23",
			"position": [3.5, -18, -3.5]
		},
		{
			"id": "bone25",
			"parent": "bone25_cpm_dummy",
			"rotation": [0, 0, -30],
			"boxes": [
				{
					"textureOffset": [4, 19],
					"coordinates": [-11.59808, 10.35641, 4, 1, 2, 1],
					"mirror": true
				},
				{
					"textureOffset": [0, 19],
					"coordinates": [-12.4641, 7.12436, 4, 1, 2, 1],
					"mirror": true
				}
			]
		},
		{
			"id": "bone26_cpm_dummy",
			"parent": "bone23",
			"position": [3.5, -18, -3.5]
		},
		{
			"id": "bone26",
			"parent": "bone26_cpm_dummy",
			"rotation": [0, 0, -60],
			"boxes": [
				{
					"textureOffset": [4, 16],
					"coordinates": [-15.35641, 1.66987, 4, 1, 2, 1],
					"mirror": true
				}
			]
		},
		{
			"id": "bone39_cpm_dummy",
			"parent": "hair",
			"position": [0.5, 0, -0.5]
		},
		{
			"id": "bone39",
			"parent": "bone39_cpm_dummy",
			"rotation": [78, 0, 0],
			"boxes": []
		},
		{
			"id": "bone40_cpm_dummy",
			"parent": "bone39",
			"position": [-3.5, -18, -3.5]
		},
		{
			"id": "bone40",
			"parent": "bone40_cpm_dummy",
			"boxes": [
				{
					"textureOffset": [4, 22],
					"coordinates": [3, 16, 4, 1, 2, 1]
				},
				{
					"textureOffset": [0, 22],
					"coordinates": [6.23205, 10.40192, 4, 1, 2, 1]
				}
			]
		},
		{
			"id": "bone41_cpm_dummy",
			"parent": "bone39",
			"position": [-3.5, -18, -3.5]
		},
		{
			"id": "bone41",
			"parent": "bone41_cpm_dummy",
			"rotation": [0, 0, 30],
			"boxes": [
				{
					"textureOffset": [4, 19],
					"coordinates": [10.59808, 10.35641, 4, 1, 2, 1]
				},
				{
					"textureOffset": [0, 19],
					"coordinates": [11.4641, 7.12436, 4, 1, 2, 1]
				}
			]
		},
		{
			"id": "bone42_cpm_dummy",
			"parent": "bone39",
			"position": [-3.5, -18, -3.5]
		},
		{
			"id": "bone42",
			"parent": "bone42_cpm_dummy",
			"rotation": [0, 0, 60],
			"boxes": [
				{
					"textureOffset": [4, 16],
					"coordinates": [14.35641, 1.66987, 4, 1, 2, 1]
				}
			]
		},
		{
			"id": "headdressLeftTop_cpm_dummy",
			"parent": "head_c",
			"position": [1, 6.5, 4.5]
		},
		{
			"id": "headdressLeftTop",
			"parent": "headdressLeftTop_cpm_dummy",
			"rotation": [10, 0, 15],
			"boxes": [
				{
					"textureOffset": [0, 37],
					"coordinates": [0, -2.5, 0.5, 8, 5, 1]
				}
			]
		},
		{
			"id": "headdressLeftTop2_cpm_dummy",
			"parent": "head_c",
			"position": [1, 6.5, 4.5]
		},
		{
			"id": "headdressLeftTop2",
			"parent": "headdressLeftTop2_cpm_dummy",
			"rotation": [5, 0, -20],
			"boxes": [
				{
					"textureOffset": [0, 37],
					"coordinates": [0, -2.5, 0.5, 8, 5, 1]
				}
			]
		},
		{
			"id": "headdressRightTop_cpm_dummy",
			"parent": "head_c",
			"position": [-1, 6.5, 4.5]
		},
		{
			"id": "headdressRightTop",
			"parent": "headdressRightTop_cpm_dummy",
			"rotation": [-10, 0, -15],
			"boxes": [
				{
					"textureOffset": [0, 37],
					"coordinates": [-8, -2.5, 0.5, 8, 5, 1]
				}
			]
		},
		{
			"id": "headdressRightTop2_cpm_dummy",
			"parent": "head_c",
			"position": [-1, 6.5, 4.5]
		},
		{
			"id": "headdressRightTop2",
			"parent": "headdressRightTop2_cpm_dummy",
			"rotation": [-5, 0, 20],
			"boxes": [
				{
					"textureOffset": [0, 37],
					"coordinates": [-8, -2.5, 0.5, 8, 5, 1]
				}
			]
		},
		{
			"id": "headdressMiddle_cpm_dummy",
			"parent": "head_c",
			"position": [0, 7, 4.5]
		},
		{
			"id": "headdressMiddle",
			"parent": "headdressMiddle_cpm_dummy",
			"boxes": [
				{
					"textureOffset": [0, 43],
					"coordinates": [-2, -3, 1.5, 4, 5, 3]
				}
			]
		},
		{
			"id": "hairBack_cpm_dummy",
			"parent": "head_c",
			"position": [0, 6, 6]
		},
		{
			"id": "hairBack",
			"parent": "hairBack_cpm_dummy",
			"rotation": [0, 20, 0],
			"boxes": []
		},
		{
			"id": "right_arm_c",
			"parent": "right_arm",
			"texture": "tex.yorigami_shion",
			"scale": [1.33333, 1.33333, 1.33333],
			"rotation": [0, 0, "var.right_arm_roll"],
			"boxes": [
				{
					"textureOffset": [46, 46],
					"coordinates": [0, -8.001, 1, 2, 8, 2]
				}
			]
		},
		{
			"id": "right_arm_c_chestplate_right",
			"parent": "right_arm_c",
			"attached": ["chestplate_right_arm"],
			"position": [0, -2, 0],
			"scale": [0.75, 0.75, 0.75]
		},
		{
			"id": "right_arm_c_item_right",
			"parent": "right_arm_c",
			"attached": ["held_item_right"],
			"position": [1, -12, -1],
			"scale": [0.75, 0.75, 0.75]
		},
		{
			"id": "bone3_cpm_dummy",
			"parent": "right_arm_c",
			"position": [-3, -17.5, -0.5]
		},
		{
			"id": "bone3",
			"parent": "bone3_cpm_dummy",
			"boxes": [
				{
					"textureOffset": [44, 33],
					"coordinates": [2.5, 14.5, 2, 3, 3, 3]
				}
			]
		},
		{
			"id": "bone_cpm_dummy",
			"parent": "bone3",
			"position": [0, 0, 0.5]
		},
		{
			"id": "bone",
			"parent": "bone_cpm_dummy",
			"rotation": [0, -21, 0],
			"boxes": []
		},
		{
			"id": "bone2_cpm_dummy",
			"parent": "bone3",
			"position": [0, 0, 0.5]
		},
		{
			"id": "bone2",
			"parent": "bone2_cpm_dummy",
			"rotation": [0, 21, 0],
			"boxes": []
		},
		{
			"id": "left_arm_c",
			"parent": "left_arm",
			"texture": "tex.yorigami_shion",
			"scale": [1.33333, 1.33333, 1.33333],
			"rotation": [0, 0, "var.left_arm_roll"],
			"boxes": [
				{
					"textureOffset": [46, 46],
					"coordinates": [-2, -8.001, 1, 2, 8, 2]
				}
			]
		},
		{
			"id": "left_arm_c_chestplate_left",
			"parent": "left_arm_c",
			"attached": ["chestplate_left_arm"],
			"position": [0, -2, 0],
			"scale": [0.75, 0.75, 0.75]
		},
		{
			"id": "left_arm_c_item_left",
			"parent": "left_arm_c",
			"attached": ["held_item_left"],
			"position": [-1, -12, -1],
			"scale": [0.75, 0.75, 0.75]
		},
		{
			"id": "bone4_cpm_dummy",
			"parent": "left_arm_c",
			"position": [-5, -17.5, -0.5]
		},
		{
			"id": "bone4",
			"parent": "bone4_cpm_dummy",
			"boxes": [
				{
					"textureOffset": [44, 33],
					"coordinates": [2.5, 14.5, 2, 3, 3, 3]
				}
			]
		},
		{
			"id": "bone5_cpm_dummy",
			"parent": "bone4",
			"position": [0, 0, 0.5]
		},
		{
			"id": "bone5",
			"parent": "bone5_cpm_dummy",
			"rotation": [0, -21, 0],
			"boxes": []
		},
		{
			"id": "bone6_cpm_dummy",
			"parent": "bone4",
			"position": [0, 0, 0.5]
		},
		{
			"id": "bone6",
			"parent": "bone6_cpm_dummy",
			"rotation": [0, 21, 0],
			"boxes": []
		},
		{
			"id": "chestPlate_cpm_dummy",
			"parent": "left_arm_c",
			"position": [3, -17.5, 0]
		},
		{
			"id": "chestPlate",
			"parent": "chestPlate_cpm_dummy",
			"boxes": [
				{
					"textureOffset": [45, 0],
					"coordinates": [-5, 6, -3, 2, 1, 4]
				},
				{
					"textureOffset": [0, 2],
					"coordinates": [-6, 6, -4, 1, 1, 2]
				},
				{
					"textureOffset": [0, 2],
					"coordinates": [-3, 6, -4, 1, 1, 2]
				},
				{
					"textureOffset": [0, 2],
					"coordinates": [-2, 7, -4, 1, 1, 2]
				},
				{
					"textureOffset": [45, 8],
					"coordinates": [-1, 8, -3, 1, 2, 4]
				},
				{
					"textureOffset": [45, 8],
					"coordinates": [-8, 8, -3, 1, 2, 4]
				},
				{
					"textureOffset": [43, 40],
					"coordinates": [-6, 8, -8, 4, 2, 1]
				},
				{
					"textureOffset": [43, 40],
					"coordinates": [-6, 8, -1, 4, 2, 1]
				},
				{
					"textureOffset": [0, 16],
					"coordinates": [-2, 8, -2, 1, 2, 1]
				},
				{
					"textureOffset": [0, 16],
					"coordinates": [-7, 8, -2, 1, 2, 1]
				},
				{
					"textureOffset": [0, 16],
					"coordinates": [-7, 8, -7, 1, 2, 1]
				},
				{
					"textureOffset": [0, 16],
					"coordinates": [-2, 8, -7, 1, 2, 1]
				},
				{
					"textureOffset": [0, 2],
					"coordinates": [-7, 7, -4, 1, 1, 2]
				},
				{
					"textureOffset": [0, 5],
					"coordinates": [-7, 7, -3, 2, 1, 1]
				},
				{
					"textureOffset": [0, 5],
					"coordinates": [-3, 7, -3, 2, 1, 1]
				},
				{
					"textureOffset": [0, 5],
					"coordinates": [-3, 7, -6, 2, 1, 1]
				},
				{
					"textureOffset": [0, 5],
					"coordinates": [-7, 7, -6, 2, 1, 1]
				},
				{
					"textureOffset": [32, 8],
					"coordinates": [-6, 7, -7, 4, 1, 1]
				},
				{
					"textureOffset": [32, 8],
					"coordinates": [-6, 7, -2, 4, 1, 1]
				}
			]
		},
		{
			"id": "body_c",
			"parent": "body",
			"texture": "tex.yorigami_shion",
			"scale": [1.33333, 1.33333, 1.33333],
			"boxes": [
				{
					"textureOffset": [27, 10],
					"coordinates": [-3, 2.501, 3, 6, 5, 6]
				},
				{
					"textureOffset": [31, 22],
					"coordinates": [-2.5, 1.5, 2.5, 5, 6, 5]
				},
				{
					"textureOffset": [26, 33],
					"coordinates": [-3, 0.5, 3, 6, 1, 6]
				},
				{
					"textureOffset": [24, 0],
					"coordinates": [-3.5, -0.5, 3.5, 7, 1, 7]
				},
				{
					"textureOffset": [0, 27],
					"coordinates": [-4, -2.5, 4, 8, 2, 8]
				},
				{
					"textureOffset": [0, 16],
					"coordinates": [-4.5, -4.5, 4.5, 9, 2, 9]
				}
			],
			"position": [0, -7.5, 0]
		},
		{
			"id": "body_c_chestplate_body",
			"parent": "body_c",
			"attached": ["armor_body_all"],
			"scale": [0.75, 0.75, 1.05],
			"position": [0, 10, 0]
		},
		{
			"id": "body_c_cape_elytra",
			"parent": "body_c_chestplate_body",
			"attached": ["cape", "elytra"],
			"texture": "tex.skin"
		},
		{
			"id": "body_c_parrot_left",
			"parent": "body_c",
			"attached": ["shoulder_parrot_left"],
			"position": [-6.5, 10, 0],
			"scale": [0.75, 0.75, 0.75]
		},
		{
			"id": "body_c_parrot_right",
			"parent": "body_c",
			"attached": ["shoulder_parrot_right"],
			"position": [6.5, 10, 0],
			"scale": [0.75, 0.75, 0.75]
		},
		{
			"id": "decoration",
			"parent": "body_c",
			"boxes": []
		},
		{
			"id": "bone10_cpm_dummy",
			"parent": "decoration",
			"position": [0, 6.5, -4]
		},
		{
			"id": "bone10",
			"parent": "bone10_cpm_dummy",
			"rotation": [0, 0, 40],
			"boxes": [
				{
					"textureOffset": [0, 0],
					"coordinates": [0, -1, 1.5, 3, 1, 1],
					"mirror": true
				}
			]
		},
		{
			"id": "bone11_cpm_dummy",
			"parent": "decoration",
			"position": [0, 6.5, -4]
		},
		{
			"id": "bone11",
			"parent": "bone11_cpm_dummy",
			"rotation": [0, 0, -40],
			"boxes": [
				{
					"textureOffset": [0, 0],
					"coordinates": [-3, -1, 1.5, 3, 1, 1]
				}
			]
		},
		{
			"id": "bone13_cpm_dummy",
			"parent": "decoration",
			"position": [-0.5, 5.5, -3]
		},
		{
			"id": "bone13",
			"parent": "bone13_cpm_dummy",
			"rotation": [0, 0, -27],
			"boxes": []
		},
		{
			"id": "bone14_cpm_dummy",
			"parent": "decoration",
			"position": [0.5, 5.5, -3]
		},
		{
			"id": "bone14",
			"parent": "bone14_cpm_dummy",
			"rotation": [0, 0, 27],
			"boxes": []
		},
		{
			"id": "left_leg_c",
			"parent": "left_leg",
			"texture": "tex.yorigami_shion",
			"scale": [1.33333, 1.33333, 1.33333],
			"boxes": [
				{
					"textureOffset": [34, 40],
					"coordinates": [-1.5, -9, 1.5, 3, 9, 3]
				}
			]
		},
		{
			"id": "left_leg_c_legging_left",
			"parent": "left_leg_c",
			"attached": ["armor_left_leg_all"],
			"scale": [0.75, 0.75, 0.75]
		},
		{
			"id": "right_leg_c",
			"parent": "right_leg",
			"texture": "tex.yorigami_shion",
			"scale": [1.33333, 1.33333, 1.33333],
			"boxes": [
				{
					"textureOffset": [34, 40],
					"coordinates": [-1.5, -9, 1.5, 3, 9, 3]
				}
			]
		},
		{
			"id": "right_leg_c_legging_right",
			"parent": "right_leg_c",
			"attached": ["armor_right_leg_all"],
			"scale": [0.75, 0.75, 0.75]
		}
	]
}