{
	"modelId": "ganyu",
	"modelName": "ganyu",
	"author": "k0nat4",
	"version": "1.0",   
	"hide": ["model_all", "feature_all"],
	"variables": { 
		"rotReduceAmount":-0.5
	 }, 
	"skeleton": {
		"head_all": [0, "if(is_sneaking,-2.0000,-1.0000)", 0],
		"body_all": [0, -1, 0.55],
		"left_arm_all": [-2.5, -3, 0.25],
		"right_arm_all": [2.5, -3, 0.25],
		"left_leg_all": [-1.5, -10, "if(is_sneaking,3.5000,-0.5000)"],
		"right_leg_all": [1.5, -10, "if(is_sneaking,3.5000,-0.5000)"]
	},
	"bones": [
		{
			"id": "head_c",
			"parent": "head",
			"texture": "tex.ganyu",
			"scale": [0.5, 0.5, 0.5],
			"rotation": [180, 0, 0],
			"textureSize": [256,256],
			"boxes": [
				{
					"textureOffset": [0, 0],
					"coordinates": [-5, 1, 6, 10, 10, 12]
				},
				{
					"textureOffset": [215, 139],
					"coordinates": [-4, 2, -6, 8, 9, 1]
				},
				{
					"textureOffset": [220, 201],
					"coordinates": [-2, -5, -6, 4, 7, 1]
				},
				{
					"textureOffset": [224, 188],
					"coordinates": [-1, -11, -7, 3, 7, 1]
				},
				{
					"textureOffset": [227, 143],
					"coordinates": [2, -10, -7, 1, 3, 1]
				},
				{
					"textureOffset": [229, 230],
					"coordinates": [-1, -15, -8, 2, 7, 1]
				},
				{
					"textureOffset": [231, 239],
					"coordinates": [-2, -17, -9, 2, 4, 1]
				},
				{
					"textureOffset": [233, 247],
					"coordinates": [-3, -18, -9, 1, 3, 1]
				},
				{
					"textureOffset": [223, 175],
					"coordinates": [-2, -4, -7, 4, 7, 1]
				},
				{
					"textureOffset": [214, 152],
					"coordinates": [-3, 3, -7, 6, 8, 1]
				},
				{
					"textureOffset": [225, 165],
					"coordinates": [-1, -2, -8, 3, 7, 1]
				},
				{
					"textureOffset": [214, 164],
					"coordinates": [-3, -8, -8, 4, 6, 1]
				},
				{
					"textureOffset": [224, 175],
					"coordinates": [-3, 13, 5, 6, 1, 10]
				},
				{
					"textureOffset": [210, 198],
					"coordinates": [-5, 11, 6, 10, 1, 13]
				},
				{
					"textureOffset": [244, 206],
					"coordinates": [3, 11, 6, 3, 1, 3]
				},
				{
					"textureOffset": [244, 201],
					"coordinates": [-6, 11, 6, 3, 1, 3]
				},
				{
					"textureOffset": [222, 186],
					"coordinates": [-3, 12, 5, 6, 1, 11]
				},
				{
					"textureOffset": [235, 155],
					"coordinates": [5, 3, 5, 1, 8, 10]
				},
				{
					"textureOffset": [224, 214],
					"coordinates": [5, 1, 2, 1, 2, 5]
				},
				{
					"textureOffset": [230, 223],
					"coordinates": [5, -1, 0, 1, 2, 2]
				},
				{
					"textureOffset": [238, 227],
					"coordinates": [6, 4, 4, 1, 6, 8]
				},
				{
					"textureOffset": [213, 215],
					"coordinates": [-8, 7, 3, 1, 1, 2]
				},
				{
					"textureOffset": [210, 225],
					"coordinates": [-9, 6, 2, 2, 1, 3]
				},
				{
					"textureOffset": [215, 239],
					"coordinates": [7, 6, 2, 2, 1, 3]
				},
				{
					"textureOffset": [216, 231],
					"coordinates": [7, 7, 3, 1, 1, 2]
				},
				{
					"textureOffset": [238, 227],
					"coordinates": [-7, 4, 4, 1, 6, 8]
				},
				{
					"textureOffset": [232, 225],
					"coordinates": [-6, 1, 2, 1, 2, 5]
				},
				{
					"textureOffset": [235, 137],
					"coordinates": [-6, 3, 5, 1, 8, 10]
				},
				{
					"textureOffset": [239, 152],
					"coordinates": [5, 1, -5, 1, 10, 1]
				},
				{
					"textureOffset": [240, 136],
					"coordinates": [-6, 1, -5, 1, 10, 1]
				},
				{
					"textureOffset": [232, 151],
					"coordinates": [-5, 0, -6, 1, 11, 1]
				},
				{
					"textureOffset": [235, 138],
					"coordinates": [4, 0, -6, 1, 11, 1]
				},
				{
					"textureOffset": [224, 222],
					"coordinates": [-6, -1, 0, 1, 2, 2]
				},
				{
					"textureOffset": [238, 244],
					"coordinates": [-4, 7, 7, 8, 4, 1]
				},
				{
					"textureOffset": [250, 134],
					"coordinates": [-6, 0, 6, 1, 11, 1]
				},
				{
					"textureOffset": [250, 212],
					"coordinates": [4, 1, 7, 2, 10, 1]
				},
				{
					"textureOffset": [251, 172],
					"coordinates": [5, 0, 6, 1, 11, 1]
				},
				{
					"textureOffset": [250, 223],
					"coordinates": [-6, 1, 7, 2, 10, 1]
				},
				{
					"textureOffset": [246, 249],
					"coordinates": [-2, 8, 8, 4, 3, 1]
				},
				{
					"textureOffset": [246, 241],
					"coordinates": [-1, 11, 8, 3, 1, 2]
				},
				{
					"textureOffset": [250, 252],
					"coordinates": [-1, 7, 8, 2, 1, 1]
				},
				{
					"textureOffset": [246, 254],
					"coordinates": [-1, 6, 8, 2, 1, 1]
				},
				{
					"textureOffset": [252, 254],
					"coordinates": [-1, 5, 8, 1, 1, 1]
				},
				{
					"textureOffset": [252, 254],
					"coordinates": [1, 7, 8, 1, 1, 1]
				},
				{
					"textureOffset": [240, 175],
					"coordinates": [-5, 4, 8, 1, 4, 1]
				},
				{
					"textureOffset": [246, 175],
					"coordinates": [4, 4, 8, 1, 4, 1]
				},
				{
					"textureOffset": [238, 214],
					"coordinates": [5, -3, 4, 1, 6, 1]
				},
				{
					"textureOffset": [251, 164],
					"coordinates": [5, -1, 5, 1, 4, 1]
				},
				{
					"textureOffset": [243, 214],
					"coordinates": [-6, -3, 4, 1, 6, 1]
				},
				{
					"textureOffset": [251, 188],
					"coordinates": [-6, -1, 5, 1, 4, 1]
				}
			]
		},
		{
			"id": "head_c_helmet_hat",
			"parent": "head_c",
			"attached": ["head_wearing"],
			"scale": [2, 2, 2]
		},
		{
			"id": "jiaol2_cpm_dummy",
			"parent": "head_c",
			"position": [5, 14, 2]
		},
		{
			"id": "jiaol2",
			"texture": "tex.ganyu",
			"parent": "jiaol2_cpm_dummy",
			"textureSize": [256,256],
			"rotation": [12.5, -22.5, 0],
			"boxes": [
				{
					"textureOffset": [242, 125],
					"coordinates": [-2, -3, 1, 2, 3, 5],
					"mirror": true
				},
				{
					"textureOffset": [248, 109],
					"coordinates": [-2, -3, -4, 2, 2, 2],
					"mirror": true
				},
				{
					"textureOffset": [248, 121],
					"coordinates": [-2, 0, 1, 2, 1, 2],
					"mirror": true
				},
				{
					"textureOffset": [237, 125],
					"coordinates": [0, -3, -4, 1, 1, 3],
					"mirror": true
				},
				{
					"textureOffset": [244, 114],
					"coordinates": [0, -3, 1, 1, 2, 5],
					"mirror": true
				},
				{
					"textureOffset": [225, 124],
					"coordinates": [1, -4, 0, 1, 2, 7],
					"mirror": true
				},
				{
					"textureOffset": [240, 119],
					"coordinates": [1, -4, -7, 1, 1, 2],
					"mirror": true
				},
				{
					"textureOffset": [233, 112],
					"coordinates": [1, -5, -4, 1, 1, 6],
					"mirror": true
				},
				{
					"textureOffset": [245, 103],
					"coordinates": [1, -8, -8, 1, 3, 2],
					"mirror": true
				},
				{
					"textureOffset": [238, 107],
					"coordinates": [1, -8, -10, 1, 1, 2],
					"mirror": true
				},
				{
					"textureOffset": [252, 105],
					"coordinates": [1, -7, -7, 1, 2, 1],
					"mirror": true
				}
			]
		},
		{
			"id": "jiaol_cpm_dummy",
			"parent": "head_c",
			"position": [-5, 14, 2]
		},
		{
			"id": "jiaol",
			"texture": "tex.ganyu",
			"parent": "jiaol_cpm_dummy",
			"textureSize": [256,256],
			"rotation": [-12.5, -22.5, 0],
			"boxes": [
				{
					"textureOffset": [242, 125],
					"coordinates": [0, -3, 1, 2, 3, 5]
				},
				{
					"textureOffset": [248, 109],
					"coordinates": [0, -3, -4, 2, 2, 2]
				},
				{
					"textureOffset": [248, 121],
					"coordinates": [0, 0, 1, 2, 1, 2]
				},
				{
					"textureOffset": [237, 125],
					"coordinates": [-1, -3, -4, 1, 1, 3]
				},
				{
					"textureOffset": [244, 114],
					"coordinates": [-1, -3, 1, 1, 2, 5]
				},
				{
					"textureOffset": [225, 124],
					"coordinates": [-2, -4, 0, 1, 2, 7]
				},
				{
					"textureOffset": [240, 119],
					"coordinates": [-2, -4, -7, 1, 1, 2]
				},
				{
					"textureOffset": [233, 112],
					"coordinates": [-2, -5, -4, 1, 1, 6]
				},
				{
					"textureOffset": [245, 103],
					"coordinates": [-2, -8, -8, 1, 3, 2]
				},
				{
					"textureOffset": [238, 107],
					"coordinates": [-2, -8, -10, 1, 1, 2]
				},
				{
					"textureOffset": [252, 105],
					"coordinates": [-2, -7, -7, 1, 2, 1]
				}
			]
		},
		{
			"id": "ahoge_cpm_dummy",
			"parent": "head_c",
			"position": [-1, 14, 0]
		},
		{
			"id": "ahoge",
			"texture": "tex.ganyu",
			"parent": "ahoge_cpm_dummy",
			"textureSize": [256,256],
			"rotation": [-32.5, 0, 0],
			"boxes": [
				{
					"textureOffset": [240, 254],
					"coordinates": [0, 0, 1, 1, 1, 1]
				},
				{
					"textureOffset": [241, 203],
					"coordinates": [-1, 1, 1, 1, 3, 1]
				},
				{
					"textureOffset": [230, 234],
					"coordinates": [0, 3, 1, 2, 1, 1]
				},
				{
					"textureOffset": [234, 254],
					"coordinates": [2, 2, 1, 1, 1, 1]
				}
			]
		},
		{
			"id": "body_c",
			"parent": "body",
			"texture": "tex.ganyu",
			"scale": [0.5, 0.5, 0.5],
			"textureSize": [256,256],
			"rotation": [180, 0, 0],
			"boxes": [
				{
					"textureOffset": [241, 96],
					"coordinates": [-2, 30.45, 3.9, 4, 2, 4]
				},
				{
					"textureOffset": [176, 238],
					"coordinates": [-5, 21.45, 4.9, 10, 9, 7]
				},
				{
					"textureOffset": [147, 241],
					"coordinates": [-4, 14.45, 4.9, 8, 7, 6]
				},
				{
					"textureOffset": [111, 240],
					"coordinates": [-5, 9.45, 4.9, 10, 5, 7]
				}
			],
			"position": [0, -31.45, 0]
		},
		{
			"id": "body_c_chestplate_body",
			"parent": "body_c",
			"attached": [],
			"scale": [2, 2, 2],
			"position": [0, 15.725, 0]
		},
		{
			"id": "body_c_cape_elytra",
			"parent": "body_c_chestplate_body",
			"attached": ["elytra"],
			"texture": "tex.skin"
		},
		{
			"id": "body_c_parrot_left",
			"parent": "body_c",
			"attached": ["shoulder_parrot_left"],
			"position": [-6.5, 10, 0],
			"scale": [2, 2, 2]
		},
		{
			"id": "body_c_parrot_right",
			"parent": "body_c",
			"attached": ["shoulder_parrot_right"],
			"position": [6.5, 10, 0],
			"scale": [2, 2, 2]
		},
		{
			"id": "or_cpm_dummy",
			"parent": "body_c",
			"position": [3, 26.45, 5.9]
		},
		{
			"id": "or",
			"parent": "or_cpm_dummy",
			"position": [1, 0, 0],
			"textureSize": [256,256],
			"rotation": [-12.5, -5, 0],
			"boxes": []
		},
		{
			"id": "l2",
			"parent": "or",
			"textureSize": [256,256],
			"texture": "tex.ganyu",
			"rotation": [0, 45, 0],
			"boxes": [
				{
					"textureOffset": [197, 219],
					"coordinates": [-3.25986, -1.23332, 0.08631, 3, 4, 3]
				}
			]
		},
		{
			"id": "ol_cpm_dummy",
			"parent": "body_c",
			"position": [-3, 26.45, 5.9]
		},
		{
			"id": "ol",
			"parent": "ol_cpm_dummy",
			"texture": "tex.ganyu",
			"position": [-2, 0, 0],
			"textureSize": [256,256],
			"rotation": [15, -5, 0],
			"boxes": []
		},
		{
			"id": "l",
			"parent": "ol",
			"textureSize": [256,256],
			"texture": "tex.ganyu",
			"rotation": [0, 45, 0],
			"boxes": [
				{
					"textureOffset": [197, 226],
					"coordinates": [1.20711, -1.21275, 0.06179, 3, 4, 3]
				}
			]
		},
		{
			"id": "bell_cpm_dummy",
			"parent": "body_c",
			"position": [0, 30.45, 4.9]
		},
		{
			"id": "bell",
			"parent": "bell_cpm_dummy",
			"textureSize": [256,256],
			"texture": "tex.ganyu",
			"rotation": [0, 12.5, 0],
			"boxes": [
				{
					"textureOffset": [250, 96],
					"coordinates": [-1, 0, 0.5, 2, 1, 1.5]
				},
				{
					"textureOffset": [250, 92],
					"coordinates": [-1, -2, 1, 2, 2, 1]
				},
				{
					"textureOffset": [250, 89],
					"coordinates": [-1.25, -3, 1, 2.5, 1, 1]
				}
			]
		},
		{
			"id": "ribbon_cpm_dummy",
			"parent": "body_c",
			"position": [0, 30.45, -2.1]
		},
		{
			"id": "ribbon",
			"parent": "ribbon_cpm_dummy",
			"texture": "tex.ganyu",
			"textureSize": [256,256],
			"rotation": [0, -20, 0],
			"boxes": [
				{
					"textureOffset": [205, 199],
					"coordinates": [1, -2, 0, 4, 4, 1]
				},
				{
					"textureOffset": [210, 175],
					"coordinates": [-1, -1, 0, 2, 2, 1]
				},
				{
					"textureOffset": [208, 187],
					"coordinates": [-5, -2, 0, 4, 4, 1]
				}
			]
		},
		{
			"id": "ribbon2_cpm_dummy",
			"parent": "body_c",
			"position": [0, -12.55, -1.1]
		},
		{
			"id": "ribbon2",
			"textureSize": [256,256],
			"texture": "tex.ganyu",
			"parent": "ribbon2_cpm_dummy",
			"boxes": []
		},
		{
			"id": "cloth_cpm_dummy",
			"parent": "body_c",
			"position": [0, -12.55, -1.1]
		},
		{
			"id": "cloth",
			"textureSize": [256,256],
			"texture": "tex.ganyu",
			"parent": "cloth_cpm_dummy",
			"boxes": []
		},
		{
			"id": "back_cpm_dummy",
			"parent": "cloth",
			"position": [0, 31, 0]
		},
		{
			"id": "back",
			"parent": "back_cpm_dummy",
			"texture": "tex.ganyu",
			"textureSize": [256,256],
			"rotation": [0, -15, 0],
			"boxes": [
				{
					"textureOffset": [91, 245],
					"coordinates": [-4, -9, 0, 8, 9, 0.001]
				},
				{
					"textureOffset": [63, 246],
					"coordinates": [-5, -14, 0, 4, 7, 0.001]
				},
				{
					"textureOffset": [78, 245],
					"coordinates": [1, -14, 0, 4, 7, 0.001]
				}
			]
		},
		{
			"id": "sideR_cpm_dummy",
			"parent": "cloth",
			"position": [4, 31, 0]
		},
		{
			"id": "sideR",
			"texture": "tex.ganyu",
			"parent": "sideR_cpm_dummy",
			"position": [-1, -4, 4],
			"textureSize": [256,256],
			"rotation": [0, 0, 15],
			"boxes": [
				{
					"textureOffset": [179, 211],
					"coordinates": [1.0005, -1, 2, 0.001, 5, 6]
				},
				{
					"textureOffset": [189, 191],
					"coordinates": [1.0005, -8, -2, 0.001, 9, 3]
				},
				{
					"textureOffset": [188, 204],
					"coordinates": [1.0005, -4, 1, 0.001, 5, 3]
				}
			]
		},
		{
			"id": "longribbon",
			"texture": "tex.ganyu",
			"parent": "sideR",
			"textureSize": [256,256],
			"rotation": [0, -15, 0],
			"boxes": [
				{
					"textureOffset": [181, 196],
					"coordinates": [1.01, -1, 1, 0.001, 3, 1]
				},
				{
					"textureOffset": [181, 205],
					"coordinates": [1.015, 0, 1, 0.001, 1, 1]
				},
				{
					"textureOffset": [168, 197],
					"coordinates": [1.005, 0, 2, 0.001, 1, 3]
				}
			]
		},
		{
			"id": "downer2_cpm_dummy",
			"parent": "longribbon",
			"position": [1, 0, 1]
		},
		{
			"id": "downer2",
			"parent": "downer2_cpm_dummy",
			"texture": "tex.ganyu",
			"textureSize": [256,256],
			"rotation": [0, -10, 0],
			"boxes": [
				{
					"textureOffset": [198, 185],
					"coordinates": [0.005, -9, -0.5, 0.001, 9, 0.5]
				},
				{
					"textureOffset": [192, 177],
					"coordinates": [0.005, -11, 0, 0.001, 2, 1.5]
				}
			]
		},
		{
			"id": "downer1_cpm_dummy",
			"parent": "longribbon",
			"position": [1, 0, 1]
		},
		{
			"id": "downer1",
			"texture": "tex.ganyu",
			"parent": "downer1_cpm_dummy",
			"textureSize": [256,256],
			"rotation": [0, 2.5, 0],
			"boxes": [
				{
					"textureOffset": [196, 187],
					"coordinates": [0.005, -7, -0.5, 0.001, 7, 0.5]
				},
				{
					"textureOffset": [191, 188],
					"coordinates": [0.005, -9, 0, 0.001, 2, 1.5]
				}
			]
		},
		{
			"id": "sideL_cpm_dummy",
			"parent": "cloth",
			"position": [-4, 31, 0]
		},
		{
			"id": "sideL",
			"parent": "sideL_cpm_dummy",
			"texture": "tex.ganyu",
			"textureSize": [256,256],
			"rotation": [0, 0, -15],
			"boxes": [
				{
					"textureOffset": [179, 211],
					"coordinates": [-0.0005, -5, 6, 0.001, 5, 6],
					"mirror": true
				},
				{
					"textureOffset": [189, 191],
					"coordinates": [-0.0005, -12, 2, 0.001, 9, 3],
					"mirror": true
				},
				{
					"textureOffset": [188, 204],
					"coordinates": [-0.0005, -8, 5, 0.001, 5, 3],
					"mirror": true
				}
			]
		},
		{
			"id": "front_cpm_dummy",
			"parent": "cloth",
			"position": [0, 34, 6]
		},
		{
			"id": "front",
			"parent": "front_cpm_dummy",
			"texture": "tex.ganyu",
			"textureSize": [256,256],
			"rotation": [0, 7.5, 0],
			"boxes": [
				{
					"textureOffset": [155, 236],
					"coordinates": [-4, -5, 0, 8, 5, 0.001]
				},
				{
					"textureOffset": [158, 226],
					"coordinates": [-3, -9, 0, 6, 4, 0.001]
				},
				{
					"textureOffset": [178, 226],
					"coordinates": [-3, -15, 0, 1, 6, 0.001]
				},
				{
					"textureOffset": [160, 217],
					"coordinates": [-2, -14, 0, 4, 5, 0.001]
				},
				{
					"textureOffset": [188, 226],
					"coordinates": [2, -15, 0, 1, 6, 0.001]
				}
			]
		},
		{
			"id": "left_arm_c",
			"parent": "left_arm",
			"texture": "tex.ganyu",
			"scale": [0.5, 0.5, 0.5],
			"textureSize": [256,256],
			"rotation": [0, "-1*var.rotReduceAmount*left_arm.ry*180/3.14", -10],
			"boxes": [
				{
					"textureOffset": [0, 142],
					"coordinates": [-3, -17, 1.5, 3, 19, 3],
					"mirror": true
				}
			]
		},
		{
			"id": "left_arm_c_item_left",
			"parent": "left_arm_c",
			"attached": ["held_item_left"],
			"position": [-1, -12, -1],
			"scale": [2, 2, 2]
		},
		{
			"id": "f3_cpm_dummy",
			"parent": "left_arm_c",
			"position": [11.5, -5, -4.505]
		},
		{
			"id": "f3",
			"parent": "f3_cpm_dummy",
			"textureSize": [256,256],
			"texture": "tex.ganyu",
			"rotation": [0, 7.5, 0],
			"boxes": [
				{
					"textureOffset": [0, 167],
					"coordinates": [-12.5, -0.39158, 2.97433, 1, 2, 0.001],
					"mirror": true
				},
				{
					"textureOffset": [6, 167],
					"coordinates": [-13.5, -0.39158, 2.97433, 1, 3, 0.001],
					"mirror": true
				},
				{
					"textureOffset": [11, 166],
					"coordinates": [-14.5, -0.39158, 2.97433, 1, 4, 0.001],
					"mirror": true
				}
			]
		},
		{
			"id": "b3_cpm_dummy",
			"parent": "left_arm_c",
			"position": [11.5, -5, -1.495]
		},
		{
			"id": "b3",
			"parent": "b3_cpm_dummy",
			"texture": "tex.ganyu",
			"textureSize": [256,256],
			"rotation": [0, -12.5, 0],
			"boxes": [
				{
					"textureOffset": [0, 181],
					"coordinates": [-14.5, 0.64932, 2.92889, 1, 4, 0.001],
					"mirror": true
				},
				{
					"textureOffset": [5, 181],
					"coordinates": [-13.5, 0.64932, 2.92889, 1, 3, 0.001],
					"mirror": true
				},
				{
					"textureOffset": [10, 181],
					"coordinates": [-12.5, 0.64932, 2.92889, 1, 2, 0.001],
					"mirror": true
				}
			]
		},
		{
			"id": "r3_cpm_dummy",
			"parent": "left_arm_c",
			"position": [-3.005, -5, 0]
		},
		{
			"id": "r3",
			"parent": "r3_cpm_dummy",
			"textureSize": [256,256],
			"texture": "tex.ganyu",
			"rotation": [0, 0, 12.5],
			"boxes": [
				{
					"textureOffset": [11, 172],
					"coordinates": [0, 0, 1.5, 0.001, 3, 1],
					"mirror": true
				},
				{
					"textureOffset": [5, 173],
					"coordinates": [0, 0, 0.5, 0.001, 4, 1],
					"mirror": true
				},
				{
					"textureOffset": [0, 172],
					"coordinates": [0, 0, -0.5, 0.001, 3, 1],
					"mirror": true
				}
			]
		},
		{
			"id": "f4_cpm_dummy",
			"parent": "left_arm_c",
			"position": [-1.5, -12, -1.53067]
		},
		{
			"id": "f4",
			"parent": "f4_cpm_dummy",
			"textureSize": [256,256],
			"rotation": [0, -7.5, 0],
			"texture": "tex.ganyu",
			"boxes": [
				{
					"textureOffset": [16, 143],
					"coordinates": [0.5, -4, 0.02567, 1, 4, 0.001],
					"mirror": true
				},
				{
					"textureOffset": [19, 143],
					"coordinates": [-0.5, -3, 0.02567, 1, 3, 0.001],
					"mirror": true
				},
				{
					"textureOffset": [22, 143],
					"coordinates": [-1.5, -4, 0.02567, 1, 4, 0.001],
					"mirror": true
				}
			]
		},
		{
			"id": "b4_cpm_dummy",
			"parent": "left_arm_c",
			"position": [11.5, -12, -1.495]
		},
		{
			"id": "b4",
			"parent": "b4_cpm_dummy",
			"texture": "tex.ganyu",
			"textureSize": [256,256],
			"rotation": [0, 7.5, 0],
			"boxes": [
				{
					"textureOffset": [16, 154],
					"coordinates": [-14.5, -4.39158, 2.97433, 1, 4, 0.001],
					"mirror": true
				},
				{
					"textureOffset": [22, 154],
					"coordinates": [-12.5, -4.39158, 2.97433, 1, 4, 0.001],
					"mirror": true
				},
				{
					"textureOffset": [19, 154],
					"coordinates": [-13.5, -3.39158, 2.97433, 1, 3, 0.001],
					"mirror": true
				}
			]
		},
		{
			"id": "r4_cpm_dummy",
			"parent": "left_arm_c",
			"position": [-3.005, -12, 0]
		},
		{
			"id": "r4",
			"parent": "r4_cpm_dummy",
			"texture": "tex.ganyu",
			"textureSize": [256,256],
			"rotation": [0, 0, -7.5],
			"boxes": [
				{
					"textureOffset": [22, 148],
					"coordinates": [0, -4, 1.5, 0.001, 4, 1],
					"mirror": true
				},
				{
					"textureOffset": [19, 149],
					"coordinates": [0, -3, 0.5, 0.001, 3, 1],
					"mirror": true
				},
				{
					"textureOffset": [16, 148],
					"coordinates": [0, -4, -0.5, 0.001, 4, 1],
					"mirror": true
				}
			]
		},
		{
			"id": "l4_cpm_dummy",
			"parent": "left_arm_c",
			"position": [0.005, -12, 0]
		},
		{
			"id": "l4",
			"parent": "l4_cpm_dummy",
			"textureSize": [256,256],
			"texture": "tex.ganyu",
			"rotation": [0, 0, 7.5],
			"boxes": [
				{
					"textureOffset": [19, 159],
					"coordinates": [0, -3, 0.5, 0.001, 3, 1],
					"mirror": true
				},
				{
					"textureOffset": [22, 159],
					"coordinates": [0, -4, -0.5, 0.001, 4, 1],
					"mirror": true
				},
				{
					"textureOffset": [16, 159],
					"coordinates": [0, -4, 1.5, 0.001, 4, 1],
					"mirror": true
				}
			]
		},
		{
			"id": "l5_cpm_dummy",
			"parent": "left_arm_c",
			"position": [0.005, -5, 0]
		},
		{
			"id": "l5",
			"parent": "l5_cpm_dummy",
			"textureSize": [256,256],
			"texture": "tex.ganyu",
			"rotation": [0, 0, -7.5],
			"boxes": [
				{
					"textureOffset": [0, 187],
					"coordinates": [0, 0, 1.5, 0.001, 2, 3],
					"mirror": true
				}
			]
		},
		{
			"id": "right_arm_c",
			"parent": "right_arm",
			"texture": "tex.ganyu",
			"scale": [0.5, 0.5, 0.5],
			"textureSize": [256,256],
			"rotation": [0, "-1*var.rotReduceAmount*right_arm.ry*180/3.14", 10],
			"boxes": [
				{
					"textureOffset": [0, 142],
					"coordinates": [0, -17, 1.5, 3, 19, 3]
				}
			]
		},
		{
			"id": "right_arm_c_item_right",
			"parent": "right_arm_c",
			"attached": ["held_item_right"],
			"position": [1, -12, -1],
			"scale": [2, 2, 2]
		},
		{
			"id": "f1_cpm_dummy",
			"parent": "right_arm_c",
			"position": [1.5, -5, 1.505]
		},
		{
			"id": "f1",
			"parent": "f1_cpm_dummy",
			"texture": "tex.ganyu",
			"textureSize": [256,256],
			"rotation": [0, -7.5, 0],
			"boxes": [
				{
					"textureOffset": [0, 167],
					"coordinates": [-1.5, 0, 0, 1, 2, 0.001]
				},
				{
					"textureOffset": [6, 167],
					"coordinates": [-0.5, 0, 0, 1, 3, 0.001]
				},
				{
					"textureOffset": [11, 166],
					"coordinates": [0.5, 0, 0, 1, 4, 0.001]
				}
			]
		},
		{
			"id": "b1_cpm_dummy",
			"parent": "right_arm_c",
			"position": [1.5, -5, -1.505]
		},
		{
			"id": "b1",
			"parent": "b1_cpm_dummy",
			"texture": "tex.ganyu",
			"textureSize": [256,256],
			"rotation": [0, 12.5, 0],
			"boxes": [
				{
					"textureOffset": [0, 181],
					"coordinates": [0.5, 0, 0, 1, 4, 0.001]
				},
				{
					"textureOffset": [5, 181],
					"coordinates": [-0.5, 0, 0, 1, 3, 0.001]
				},
				{
					"textureOffset": [10, 181],
					"coordinates": [-1.5, 0, 0, 1, 2, 0.001]
				}
			]
		},
		{
			"id": "r1_cpm_dummy",
			"parent": "right_arm_c",
			"position": [3.005, -5, 0]
		},
		{
			"id": "r1",
			"parent": "r1_cpm_dummy",
			"textureSize": [256,256],
			"texture": "tex.ganyu",
			"rotation": [0, 0, -7.5],
			"boxes": [
				{
					"textureOffset": [11, 172],
					"coordinates": [0, 0, -0.5, 0.001, 3, 1]
				},
				{
					"textureOffset": [5, 173],
					"coordinates": [0, 0, 0.5, 0.001, 4, 1]
				},
				{
					"textureOffset": [0, 172],
					"coordinates": [0, 0, 1.5, 0.001, 3, 1]
				}
			]
		},
		{
			"id": "f2_cpm_dummy",
			"parent": "right_arm_c",
			"position": [1.5, -12, 1.505]
		},
		{
			"id": "f2",
			"parent": "f2_cpm_dummy",
			"textureSize": [256,256],
			"texture": "tex.ganyu",
			"rotation": [0, 7.5, 0],
			"boxes": [
				{
					"textureOffset": [16, 143],
					"coordinates": [-1.5, -4, 0, 1, 4, 0.001]
				},
				{
					"textureOffset": [19, 143],
					"coordinates": [-0.5, -3, 0, 1, 3, 0.001]
				},
				{
					"textureOffset": [22, 143],
					"coordinates": [0.5, -4, 0, 1, 4, 0.001]
				}
			]
		},
		{
			"id": "b2_cpm_dummy",
			"parent": "right_arm_c",
			"position": [1.5, -12, -1.505]
		},
		{
			"id": "b2",
			"parent": "b2_cpm_dummy",
			"textureSize": [256,256],
			"rotation": [0, -7.5, 0],
			"texture": "tex.ganyu",
			"boxes": [
				{
					"textureOffset": [16, 154],
					"coordinates": [0.5, -4, 0, 1, 4, 0.001]
				},
				{
					"textureOffset": [22, 154],
					"coordinates": [-1.5, -4, 0, 1, 4, 0.001]
				},
				{
					"textureOffset": [19, 154],
					"coordinates": [-0.5, -3, 0, 1, 3, 0.001]
				}
			]
		},
		{
			"id": "r2_cpm_dummy",
			"parent": "right_arm_c",
			"position": [3.005, -12, 0]
		},
		{
			"id": "r2",
			"parent": "r2_cpm_dummy",
			"textureSize": [256,256],
			"rotation": [0, 0, 7.5],
			"texture": "tex.ganyu",
			"boxes": [
				{
					"textureOffset": [22, 148],
					"coordinates": [0, -4, -0.5, 0.001, 4, 1]
				},
				{
					"textureOffset": [19, 149],
					"coordinates": [0, -3, 0.5, 0.001, 3, 1]
				},
				{
					"textureOffset": [16, 148],
					"coordinates": [0, -4, 1.5, 0.001, 4, 1]
				}
			]
		},
		{
			"id": "l3_cpm_dummy",
			"parent": "right_arm_c",
			"position": [-0.005, -12, 0]
		},
		{
			"id": "l3",
			"parent": "l3_cpm_dummy",
			"textureSize": [256,256],
			"rotation": [0, 0, -5],
			"texture": "tex.ganyu",
			"boxes": [
				{
					"textureOffset": [19, 159],
					"coordinates": [0, -3, 0.5, 0.001, 3, 1]
				},
				{
					"textureOffset": [22, 159],
					"coordinates": [0, -4, 1.5, 0.001, 4, 1]
				},
				{
					"textureOffset": [16, 159],
					"coordinates": [0, -4, -0.5, 0.001, 4, 1]
				}
			]
		},
		{
			"id": "l1_cpm_dummy",
			"parent": "right_arm_c",
			"position": [-0.005, -5, 0]
		},
		{
			"id": "l1",
			"parent": "l1_cpm_dummy",
			"textureSize": [256,256],
			"rotation": [0, 0, 7.5],
			"texture": "tex.ganyu",
			"boxes": [
				{
					"textureOffset": [0, 187],
					"coordinates": [0, 0, 1.5, 0.001, 2, 3]
				}
			]
		},
		{
			"id": "left_leg_c",
			"parent": "left_leg",
			"texture": "tex.ganyu",
			"scale": [0.5, 0.5, 0.5],
			"textureSize": [256,256],
			"rotation": [-177.5, "-1*var.rotReduceAmount*left_leg.ry*180/3.14", 1],
			"boxes": [
				{
					"textureOffset": [0, 27],
					"coordinates": [-2, -14, 3, 4, 14, 6]
				},
				{
					"textureOffset": [0, 77],
					"coordinates": [-2, -24, 2, 4, 10, 5]
				},
				{
					"textureOffset": [0, 117],
					"coordinates": [-2, -28, 1, 4, 4, 4]
				}
			]
		},
		{
			"id": "right_leg_c",
			"parent": "right_leg",
			"texture": "tex.ganyu",
			"scale": [0.5, 0.5, 0.5],
			"textureSize": [256,256],
			"rotation": [177.5, "-1*var.rotReduceAmount*right_leg.ry*180/3.14", -1],
			"boxes": [
				{
					"textureOffset": [0, 51],
					"coordinates": [-2, -14, 3, 4, 14, 6]
				},
				{
					"textureOffset": [0, 96],
					"coordinates": [-2, -24, 2, 4, 10, 5]
				},
				{
					"textureOffset": [0, 129],
					"coordinates": [-2, -28, 1, 4, 4, 4]
				}
			]
		}
	]
}