{
	"format_version": "1.10.0",
	"geometry.model": {
		"texturewidth": 128,
		"textureheight": 128,
		"visible_bounds_width": 5,
		"visible_bounds_height": 3,
		"visible_bounds_offset": [0, 1.5, 0],
		"bones": [
			{
				"name": "dachi",
				"pivot": [-8, 6, 4],
				"rotation": [0, 0, 60],
				"cubes": [
					{"origin": [-10.13397, 3.76795, 3], "size": [1, 3, 1], "uv": [28, 108]}
				]
			},
			{
				"name": "bone11",
				"parent": "dachi",
				"pivot": [-8, 6, 4],
				"rotation": [0, 0, 7],
				"cubes": [
					{"origin": [-9.85775, 3.80221, 3], "size": [1, 6, 1], "uv": [2, 99]}
				]
			},
			{
				"name": "bone3",
				"parent": "dachi",
				"pivot": [-8, 6, 4],
				"rotation": [0, 0, -5],
				"cubes": [
					{"origin": [-10.07034, 6.68955, 3], "size": [1, 3, 1], "uv": [24, 108]}
				]
			},
			{
				"name": "bone4",
				"parent": "dachi",
				"pivot": [-8, 6, 4],
				"rotation": [0, 0, -10],
				"cubes": [
					{"origin": [-9.75231, 9.59448, 3], "size": [2, 3, 1], "uv": [34, 99]}
				]
			},
			{
				"name": "bone5",
				"parent": "dachi",
				"pivot": [-8, 6, 4],
				"rotation": [0, 0, -15],
				"cubes": [
					{"origin": [-9.18231, 12.46065, 3], "size": [2, 3, 1], "uv": [28, 103]}
				]
			},
			{
				"name": "bone6",
				"parent": "dachi",
				"pivot": [-8, 6, 4],
				"rotation": [0, 0, -20],
				"cubes": [
					{"origin": [-8.36468, 15.26622, 3], "size": [2, 3, 1], "uv": [28, 99]}
				]
			},
			{
				"name": "bone7",
				"parent": "dachi",
				"pivot": [-8, 6, 4],
				"rotation": [0, 0, -25],
				"cubes": [
					{"origin": [-7.30564, 17.98986, 3], "size": [2, 3, 1], "uv": [22, 103]}
				]
			},
			{
				"name": "bone8",
				"parent": "dachi",
				"pivot": [-8, 6, 4],
				"rotation": [0, 0, -30],
				"cubes": [
					{"origin": [-6.01324, 20.61084, 3], "size": [2, 3, 1], "uv": [22, 99]}
				]
			},
			{
				"name": "bone9",
				"parent": "dachi",
				"pivot": [-8, 6, 4],
				"rotation": [0, 0, -35],
				"cubes": [
					{"origin": [-4.49733, 23.1092, 3], "size": [2, 3, 1], "uv": [16, 103]}
				]
			},
			{
				"name": "bone10",
				"parent": "dachi",
				"pivot": [-8, 6, 4],
				"rotation": [0, 0, -40],
				"cubes": [
					{"origin": [-2.76944, 25.46593, 3], "size": [2, 3, 1], "uv": [16, 99]},
					{"origin": [-3.26947, 28.46593, 2.5], "size": [3, 1, 2], "uv": [24, 91]},
					{"origin": [-2.26947, 29.46593, 3], "size": [1, 5, 1], "uv": [12, 99]}
				]
			},
			{
				"name": "bone13",
				"parent": "dachi",
				"pivot": [-8, 6, 4],
				"rotation": [0, 0, -60],
				"cubes": [
					{"origin": [7.31621, 20.22584, 3], "size": [0, 8, 1], "uv": [0, 99]}
				]
			},
			{
				"name": "bone14",
				"parent": "dachi",
				"pivot": [-8, 6, 4],
				"rotation": [0, 0, -65],
				"cubes": [
					{"origin": [8.75545, 18.73833, 3], "size": [0, 3, 1], "uv": [4, 112]}
				]
			},
			{
				"name": "bone18",
				"parent": "dachi",
				"pivot": [-8, 6, 4],
				"rotation": [0, 0, -55],
				"cubes": [
					{"origin": [5.75279, 21.58226, 3], "size": [0, 3, 1], "uv": [50, 108]}
				]
			},
			{
				"name": "bone19",
				"parent": "dachi",
				"pivot": [-8, 6, 4],
				"rotation": [0, 0, -50],
				"cubes": [
					{"origin": [4.07711, 22.79725, 3], "size": [0, 3, 1], "uv": [48, 108]}
				]
			},
			{
				"name": "bone20",
				"parent": "dachi",
				"pivot": [-8, 6, 4],
				"rotation": [0, 0, -45],
				"cubes": [
					{"origin": [2.30191, 23.86157, 3], "size": [0, 3, 1], "uv": [46, 108]}
				]
			},
			{
				"name": "bone21",
				"parent": "dachi",
				"pivot": [-8, 6, 4],
				"rotation": [0, 0, -40],
				"cubes": [
					{"origin": [0.4407, 24.76713, 3], "size": [0, 3, 1], "uv": [44, 108]}
				]
			},
			{
				"name": "bone15",
				"parent": "dachi",
				"pivot": [-8, 6, 4],
				"rotation": [0, 0, -70],
				"cubes": [
					{"origin": [10.05958, 17.13104, 3], "size": [0, 3, 1], "uv": [2, 112]}
				]
			},
			{
				"name": "bone16",
				"parent": "dachi",
				"pivot": [-8, 6, 4],
				"rotation": [0, 0, -75],
				"cubes": [
					{"origin": [11.21866, 15.4162, 3], "size": [0, 3, 1], "uv": [0, 112]}
				]
			},
			{
				"name": "bone17",
				"parent": "dachi",
				"pivot": [-8, 6, 4],
				"rotation": [0, 0, -80],
				"cubes": [
					{"origin": [12.22387, 13.60687, 3], "size": [0, 3, 1], "uv": [52, 108]}
				]
			}
		]
	}
}