{
	"modelId": "gaia_incubus",
	"modelName": "Incubus (Grimoire of Gaia 3)",
	"version": "1.0.0",
	"author": "Model by Silentine, ported by V972",
	
	"hide": ["model_all", "feature_all"],
	"fpLeft": ["left_arm_c"],
	"fpRight": ["right_arm_c"],
	
	"skeleton": {
		"head_all": [0, "if(is_riding, -2.61, 0.61)", "if(is_riding, 2, 0)"],
		"body_all": [0, "if(is_riding, -2.61, 0.61)", "if(is_riding, 2, 0)"],
		"left_arm_all": [-2.675, "if(is_riding, -4.2, -1.5)", "if(is_riding, 1.2, if(is_sneaking, 1, 0))"],
		"right_arm_all": [2.675, "if(is_riding, -4.2, -1.5)", "if(is_riding, 1.2, if(is_sneaking, 1, 0))"],
		"left_leg_all": [-2.14, "if(is_riding, -13.09, if(is_sneaking, -9.09, -10.09))", "if(is_riding, 2.0350, if(is_sneaking, 4.4650, -0.5350))"],
		"right_leg_all": [2.14, "if(is_riding, -13.09, if(is_sneaking, -9.09, -10.09))", "if(is_riding, 2.0350, if(is_sneaking, 4.4650, -0.5350))"]
	},
	
	"variables": {
		"idle": "(speed_x == 0) && (speed_z == 0)",
		"crouch": "!is_in_water && is_sneaking && is_on_ground",
				
		"wearsElytra": "inv.chestplate==item.elytra",
		"is_flying": "current_pose==pose.fall_flying",
		"is_swimming": "current_pose==pose.swimming"
	},
	
	"bones": [
		{
			"id": "head_c",
			"parent": "head",
			"texture": "tex.incubus",
			"scale": [1.07, 1.07, 1.07],
			"boxes": [
				{
					"textureOffset": [0, 0],
					"coordinates": [-3, 0, 3, 6, 6, 6]
				},
				{
					"textureOffset": [36, 0],
					"coordinates": [-3.5, -0.5, 3.5, 7, 7, 7]
				}
			]
		},
		{
			"id": "headeyes",
			"parent": "head_c",
			"visible": "fmod(age,60)<1",
			"boxes": [
				{
					"textureOffset": [24, 0],
					"coordinates": [-3, 0, -3.1, 6, 6, 0.001]
				}
			]
		},
		
		
		{
			"id": "left_horn_cpm_dummy",
			"parent": "head_c",
			"position": [0, 3, 0]
		},
		{
			"id": "left_horn",
			"parent": "left_horn_cpm_dummy",
			"position": [0, -3, 0],
			"boxes": []
		},
		{
			"id": "horn_left_0",
			"parent": "left_horn",
			"boxes": [
				{
					"textureOffset": [36, 37],
					"coordinates": [-4, 5, 0, 2, 2, 2],
					"mirror": true
				}
			]
		},
		{
			"id": "horn_left_m_1",
			"parent": "horn_left_0",
			"boxes": [
				{
					"textureOffset": [36, 57],
					"coordinates": [-5, 6, 1, 2, 2, 2],
					"mirror": true
				}
			]
		},
		{
			"id": "horn_left_m2",
			"parent": "horn_left_m_1",
			"boxes": [
				{
					"textureOffset": [36, 62],
					"coordinates": [-3.5, 7.5, -0.5, 1, 1, 1],
					"mirror": true
				}
			]
		},
		
		
		{
			"id": "right_horn_cpm_dummy",
			"parent": "head_c",
			"position": [0, 3, 0]
		},
		{
			"id": "right_horn",
			"parent": "right_horn_cpm_dummy",
			"position": [0, -3, 0],
			"boxes": []
		},
		{
			"id": "horn_right_0",
			"parent": "right_horn",
			"boxes": [
				{
					"textureOffset": [36, 37],
					"coordinates": [2, 5, 0, 2, 2, 2]
				}
			]
		},
		{
			"id": "horn_right_m_1",
			"parent": "horn_right_0",
			"boxes": [
				{
					"textureOffset": [36, 57],
					"coordinates": [3, 6, 1, 2, 2, 2]
				}
			]
		},
		{
			"id": "horn_m_2",
			"parent": "horn_right_m_1",
			"boxes": [
				{
					"textureOffset": [36, 62],
					"coordinates": [2.5, 7.5, -0.5, 1, 1, 1]
				}
			]
		},
		
		
		{
			"id": "body_c",
			"parent": "body",
			"texture": "tex.incubus",
			"scale": [1.07, 1.07, 1.07],
			"position": [0, -23, 0]
		},
		
		{
			"id": "rightwing_cpm_dummy",
			"parent": "body_c",
			"scale": [
				"if(var.wearsElytra,2,1)",
				"if(var.wearsElytra,2,1)",
				"if(var.wearsElytra,2,1)"
			],
			"position": [
				"if(var.wearsElytra,1,1.5)", 
				"if(var.wearsElytra,if(var.is_flying,9.5,10.75),22)", 
				"if(var.wearsElytra,1,2)"
			]
		},
		{
			"id": "rightwing",
			"parent": "rightwing_cpm_dummy",
			"rotation": [
				"if(var.is_flying, -85, -57.29578 - if(is_sneaking, 0, sin(age/2)*10*limb_speed) )", 
				"if(var.is_flying, 50, if(var.wearsElytra, 15, 30))",
				0
			],
			"boxes": [
				{
					"textureOffset": [104, 42],
					"coordinates": [0, -13, 8, 0.001, 14, 8]
				}
			]
		},
		{
			"id": "leftwing_cpm_dummy",
			"parent": "body_c",
			"scale": [
				"if(var.wearsElytra,2,1)",
				"if(var.wearsElytra,2,1)",
				"if(var.wearsElytra,2,1)"
			],
			"position": [
				"if(var.wearsElytra,-1,-1.5)", 
				"if(var.wearsElytra,if(var.is_flying,9.5,10.75),22)", 
				"if(var.wearsElytra,1,2)"
			]
		},
		{
			"id": "leftwing",
			"parent": "leftwing_cpm_dummy",
			"rotation": [
				"if(var.is_flying, 85, 57.29578 + if(is_sneaking, 0, sin(age/2)*10*limb_speed) )",
				"if(var.is_flying, 50, if(var.wearsElytra, 15, 30))",
				0
			],
			"boxes": [
				{
					"textureOffset": [112, 42],
					"coordinates": [0, -13, 8, 0.001, 14, 8]
				}
			]
		},

		{
			"id": "bodytopMale_cpm_dummy",
			"parent": "body_c",
			"position": [0, 23, 0]
		},
		{
			"id": "bodytopMale",
			"parent": "bodytopMale_cpm_dummy",
			"rotation": [0, -5, 0],
			"boxes": [
				{
					"textureOffset": [0, 50],
					"coordinates": [-3, -6, 1.5, 6, 6, 3]
				}
			]
		},
		{
			"id": "neck",
			"parent": "bodytopMale",
			"rotation": [0, 5, 0],
			"boxes": [
				{
					"textureOffset": [0, 12],
					"coordinates": [-1, -1, 1, 2, 2, 2]
				}
			]
		},
		{
			"id": "bodymiddleMale_cpm_dummy",
			"parent": "body_c",
			"position": [0, 23, 0]
		},
		{
			"id": "bodymiddleMale",
			"parent": "bodymiddleMale_cpm_dummy",
			"boxes": [
				{
					"textureOffset": [0, 59],
					"coordinates": [-2.5, -8.5, 0.5, 5, 3, 2]
				}
			]
		},
		{
			"id": "bodymiddlebutton",
			"parent": "bodymiddleMale",
			"boxes": [
				{
					"textureOffset": [0, 25],
					"coordinates": [-0.5, -8, -1.6, 1, 2, 0.001]
				}
			]
		},
		{
			"id": "bodybottom_cpm_dummy",
			"parent": "body_c",
			"position": [0, 22, 0]
		},
		{
			"id": "bodybottom",
			"parent": "bodybottom_cpm_dummy",
			"position": [0, -7.4458, 0.85871],
			"rotation": [0, 5, 0],
			"boxes": [
				{
					"textureOffset": [0, 30],
					"coordinates": [-3, -2.5542, -0.35871, 6, 3, 3]
				},
				{
					"textureOffset": [64, 24],
					"coordinates": [-3.5, -3.0542, 0.14129, 7, 4, 4]
				}
			]
		},
		{
			"id": "tail",
			"parent": "bodybottom",
			"rotation": [
				0, 
				"if(!var.idle, 35, 15)", 
				"cos(age/3)*10 * limb_speed"
			],
			"boxes": [
				{
					"textureOffset": [64, 15],
					"coordinates": [-1, -9, 0, 2, 9, 0.001]
				}
			]
		},
		
		
		{
			"id": "left_arm_c",
			"parent": "left_arm",
			"texture": "tex.incubus",
			"scale": [1.07, 1.07, 1.07],
			"rotation": [0, 0, -10.86479],
			"boxes": [
				{
					"textureOffset": [16, 12],
					"coordinates": [-2, -11, 1, 2, 12, 2],
					"mirror": true
				}
			]
		},
		{
			"id": "leftarm_shoulder",
			"parent": "left_arm_c",
			"boxes": [
				{
					"textureOffset": [64, 0],
					"coordinates": [-2.5, -1, 1.5, 3, 3, 3],
					"mirror": true
				}
			]
		},
		{
			"id": "leftarm_gauntlet_cpm_dummy",
			"parent": "left_arm_c",
			"position": [-0.5, 0, 0]
		},
		{
			"id": "leftarm_gauntlet",
			"parent": "leftarm_gauntlet_cpm_dummy",
			"rotation": [0, 0, 10],
			"boxes": [
				{
					"textureOffset": [64, 6],
					"coordinates": [-4, -11, 1.5, 2, 6, 3],
					"mirror": true
				}
			]
		},
		
		{
			"id": "right_arm_c",
			"parent": "right_arm",
			"texture": "tex.incubus",
			"scale": [1.07, 1.07, 1.07],
			"rotation": [0, 0, 10.86479],
			"boxes": [
				{
					"textureOffset": [16, 12],
					"coordinates": [0, -11, 1, 2, 12, 2]
				}
			]
		},
		{
			"id": "rightarm_shoulder",
			"parent": "right_arm_c",
			"boxes": [
				{
					"textureOffset": [64, 0],
					"coordinates": [-0.5, -1, 1.5, 3, 3, 3]
				}
			]
		},
		{
			"id": "rightarm_gauntlet",
			"parent": "right_arm_c",
			"rotation": [0, 0, -10],
			"boxes": [
				{
					"textureOffset": [64, 6],
					"coordinates": [2, -11, 1.5, 2, 6, 3]
				}
			]
		},
		
		
		{
			"id": "left_leg_c",
			"parent": "left_leg",
			"texture": "tex.incubus",
			"scale": [1.07, 1.07, 1.07],
			"rotation": [0, -10, 0],
			"boxes": [
				{
					"textureOffset": [24, 12],
					"coordinates": [-1.5, -6, 2, 3, 7, 3],
					"mirror": true
				}
			]
		},
		{
			"id": "leftleg_bottom",
			"parent": "left_leg_c",
			"boxes": [
				{
					"textureOffset": [86, 0],
					"coordinates": [-2, -12, 4, 4, 8, 4],
					"mirror": true
				}
			]
		},
		{
			"id": "leftleg_hoof",
			"parent": "left_leg_c",
			"rotation": [0, 10, 0],
			"boxes": [
				{
					"textureOffset": [86, 12],
					"coordinates": [-2, -13, 1, 4, 2, 4],
					"mirror": true
				}
			]
		},
		{
			"id": "leftleg_heel",
			"parent": "left_leg_c",
			"rotation": [0, 10, 0],
			"boxes": [
				{
					"textureOffset": [86, 18],
					"coordinates": [-1, -13, 3, 2, 2, 2],
					"mirror": true
				}
			]
		},
		
		{
			"id": "right_leg_c",
			"parent": "right_leg",
			"texture": "tex.incubus",
			"scale": [1.07, 1.07, 1.07],
			"rotation": [0, -10, 0],
			"boxes": [
				{
					"textureOffset": [24, 12],
					"coordinates": [-1.5, -6, 2, 3, 7, 3]
				}
			]
		},
		{
			"id": "rightleg_bottom",
			"parent": "right_leg_c",
			"boxes": [
				{
					"textureOffset": [86, 0],
					"coordinates": [-2, -12, 4, 4, 8, 4]
				}
			]
		},
		{
			"id": "rightleg_hoof",
			"parent": "right_leg_c",
			"rotation": [0, 10, 0],
			"boxes": [
				{
					"textureOffset": [86, 12],
					"coordinates": [-2, -13, 1, 4, 2, 4]
				}
			]
		},
		{
			"id": "rightleg_heel",
			"parent": "right_leg_c",
			"rotation": [0, 10, 0],
			"boxes": [
				{
					"textureOffset": [86, 18],
					"coordinates": [-1, -13, 3, 2, 2, 2]
				}
			]
		},
		
		
		{
			"id": "held_item_right_attach",
			"parent": "right_arm_c",
			"position": [1,-12.5,-1.5],
			"scale": [0.9,0.9,0.9],
			"attached": ["held_item_right"]
		},
		{
			"id": "held_item_left_attach",
			"parent": "left_arm_c",
			"attached": ["held_item_left"],
			"position": [-1,-12.5,-1.5],
			"scale": [0.9,0.9,0.9]
		},
		
		{
			"id": "helmet_attach",
			"parent": "head_c",
			"attached": ["helmet_all"],
			"scale": [0.75,0.75,0.75]
		},
		{
			"id": "head_wearing_attach",
			"parent": "head_c",
			"attached": ["head_wearing"],
			"position": [0,-0.3,0],
			"scale": [0.75,0.75,0.75]
		},
		
		{
			"id": "shoulder_parrot_right_attach",
			"parent": "horn_right_0",
			"attached": ["shoulder_parrot_right"],
			"position": [3.5,8.02,1]
		},
		{
			"id": "shoulder_parrot_left_attach",
			"parent": "horn_left_0",
			"attached": ["shoulder_parrot_left"],
			"position": [-3.5,8.02,1]
		},
		
		{
			"id": "chestplate_body_attach",
			"parent": "bodytopMale_cpm_dummy",
			"attached": ["chestplate_body"],
			"position": [0,-1,0],
			"rotation": [0,-5,0],
			"scale": [0.57,0.57,0.57]
		},
		{
			"id": "chestplate_right_arm_attach",
			"parent": "right_arm_c",
			"attached": ["chestplate_right_arm"],
			"position": [0.8,0.8,0],
			"scale": [0.55,0.55,0.55]
		},
		{
			"id": "chestplate_left_arm_attach",
			"parent": "left_arm_c",
			"attached": ["chestplate_left_arm"],
			"position": [-0.8,0.8,0],
			"scale": [0.55,0.55,0.55]
		},
		
		{
			"id": "leggings_body_attach",
			"parent": "bodybottom_cpm_dummy",
			"attached": ["leggings_body"],
			"position": [0,-4.75,-1.5],
			"rotation": [0,5,0],
			"scale": [0.7,0.55,0.7]
		},
		
		{
			"id": "boots_right_leg_attach",
			"parent": "right_leg_c",
			"attached": ["boots_right_leg"],
			"scale": [0.55, 0.55, 0.55],
			"position": [0,5.5,1]
		},
		{
			"id": "boots_left_leg_attach",
			"parent": "left_leg_c",
			"attached": ["boots_left_leg"],
			"scale": [0.55, 0.55, 0.55],
			"position": [0,5.5,1]
		}
	]
}