{
	"modelId": "wriggle_nightbug",
	"modelName": "Wriggle Nightbug",
	"version": "1.0.0",
	"author": "Succinum, ZeniCrow, Paulzzh, Tian_mi",
	"hide": ["model_all", "feature_all"],
	"skeleton": {
		"right_arm_all": [4, -0.66667, 0],
		"left_arm_all": [-4, -0.66667, 0]
	},
	"variables": {
		"left_arm_roll": "if(is_first_person,0,-25)",
		"right_arm_roll": "if(is_first_person,0,25)"
	},
	"bones": [
		{
			"id": "head_c",
			"parent": "head",
			"texture": "tex.wriggle_nightbug",
			"scale": [1.33333, 1.33333, 1.33333],
			"boxes": [
				{
					"textureOffset": [0, 0],
					"coordinates": [-4, 0, 4, 8, 8, 8]
				}
			]
		},
		{
			"id": "head_c_helmet_hat",
			"parent": "head_c",
			"attached": ["helmet_all", "head_wearing"]
		},
		{
			"id": "antenna_cpm_dummy",
			"parent": "head_c",
			"position": [0, -18, 1.75]
		},
		{
			"id": "antenna",
			"parent": "antenna_cpm_dummy",
			"boxes": []
		},
		{
			"id": "rightAntenna",
			"parent": "antenna",
			"boxes": []
		},
		{
			"id": "bone3_cpm_dummy",
			"parent": "rightAntenna",
			"position": [1.96171, 32.22722, -2.75]
		},
		{
			"id": "bone3",
			"parent": "bone3_cpm_dummy",
			"rotation": [0, 0, -145],
			"boxes": [
				{
					"textureOffset": [2, 54],
					"coordinates": [-0.04622, 1.83009, 0.25, 0.5, 0.8, 0.5]
				}
			]
		},
		{
			"id": "bone4_cpm_dummy",
			"parent": "rightAntenna",
			"position": [2.12459, 33.93875, -2.75]
		},
		{
			"id": "bone4",
			"parent": "bone4_cpm_dummy",
			"rotation": [0, 0, -170],
			"boxes": [
				{
					"textureOffset": [2, 54],
					"coordinates": [-0.79581, 4.02138, 0.3, 0.7, 0.8, 0.65]
				}
			]
		},
		{
			"id": "bone2_cpm_dummy",
			"parent": "rightAntenna",
			"position": [2, 28.5, -2.75]
		},
		{
			"id": "bone2",
			"parent": "bone2_cpm_dummy",
			"rotation": [0, 0, -5],
			"boxes": [
				{
					"textureOffset": [2, 54],
					"coordinates": [-0.25, -2.5, 0.25, 0.5, 3.75, 0.5]
				}
			]
		},
		{
			"id": "bone_cpm_dummy",
			"parent": "rightAntenna",
			"position": [2, 31.5, -2.75]
		},
		{
			"id": "bone",
			"parent": "bone_cpm_dummy",
			"rotation": [0, 0, -30],
			"boxes": [
				{
					"textureOffset": [2, 54],
					"coordinates": [0.74515, -1.57085, 0.25, 0.5, 1, 0.5]
				}
			]
		},
		{
			"id": "bone5_cpm_dummy",
			"parent": "rightAntenna",
			"position": [2.46688, 31.56204, -2.75]
		},
		{
			"id": "bone5",
			"parent": "bone5_cpm_dummy",
			"rotation": [0, 0, -80],
			"boxes": [
				{
					"textureOffset": [2, 54],
					"coordinates": [0.89629, -0.26667, 0.25, 0.5, 0.7, 0.5]
				}
			]
		},
		{
			"id": "leftAntenna_cpm_dummy",
			"parent": "antenna",
			"position": [-2, 25, -3]
		},
		{
			"id": "leftAntenna",
			"parent": "leftAntenna_cpm_dummy",
			"rotation": [180, 0, 0],
			"boxes": []
		},
		{
			"id": "bone6_cpm_dummy",
			"parent": "leftAntenna",
			"position": [-0.03829, 7.22722, -0.25]
		},
		{
			"id": "bone6",
			"parent": "bone6_cpm_dummy",
			"rotation": [0, 0, -145],
			"boxes": [
				{
					"textureOffset": [2, 54],
					"coordinates": [-0.04622, 1.83009, 0.25, 0.5, 0.8, 0.5]
				}
			]
		},
		{
			"id": "bone7_cpm_dummy",
			"parent": "leftAntenna",
			"position": [0.12459, 8.93875, -0.25]
		},
		{
			"id": "bone7",
			"parent": "bone7_cpm_dummy",
			"rotation": [0, 0, -170],
			"boxes": [
				{
					"textureOffset": [2, 54],
					"coordinates": [-0.79581, 4.02138, 0.35, 0.7, 0.8, 0.65]
				}
			]
		},
		{
			"id": "bone8_cpm_dummy",
			"parent": "leftAntenna",
			"position": [0, 3.5, -0.25]
		},
		{
			"id": "bone8",
			"parent": "bone8_cpm_dummy",
			"rotation": [0, 0, -5],
			"boxes": [
				{
					"textureOffset": [2, 54],
					"coordinates": [-0.25, -2.5, 0.25, 0.5, 3.75, 0.5]
				}
			]
		},
		{
			"id": "bone9_cpm_dummy",
			"parent": "leftAntenna",
			"position": [0, 6.5, -0.25]
		},
		{
			"id": "bone9",
			"parent": "bone9_cpm_dummy",
			"rotation": [0, 0, -30],
			"boxes": [
				{
					"textureOffset": [2, 54],
					"coordinates": [0.74515, -1.57085, 0.25, 0.5, 1, 0.5]
				}
			]
		},
		{
			"id": "bone10_cpm_dummy",
			"parent": "leftAntenna",
			"position": [0.46688, 6.56204, -0.25]
		},
		{
			"id": "bone10",
			"parent": "bone10_cpm_dummy",
			"rotation": [0, 0, -80],
			"boxes": [
				{
					"textureOffset": [2, 54],
					"coordinates": [0.89629, -0.26667, 0.25, 0.5, 0.7, 0.5]
				}
			]
		},
		{
			"id": "blink",
			"parent": "head_c",
			"visible": "fmod(age,60)<5",
			"boxes": [
				{
					"textureOffset": [32, 10],
					"coordinates": [-4, 0, -4.0001, 8, 8, 0.001]
				}
			]
		},
		{
			"id": "right_arm_c",
			"parent": "right_arm",
			"texture": "tex.wriggle_nightbug",
			"scale": [1.33333, 1.33333, 1.33333],
			"rotation": [0, 0, "var.right_arm_roll"],
			"boxes": [
				{
					"textureOffset": [45, 28],
					"coordinates": [0, -8, 1, 2, 8, 2]
				},
				{
					"textureOffset": [9, 54],
					"coordinates": [-0.2, -6, 1.2, 2.4, 3.4, 2.4]
				},
				{
					"textureOffset": [21, 55],
					"coordinates": [-0.5, -2.65, 1.5, 3, 2.75, 3]
				}
			]
		},
		{
			"id": "right_arm_c_chestplate_right",
			"parent": "right_arm_c",
			"attached": ["chestplate_right_arm"],
			"position": [0, -2, 0],
			"scale": [0.75, 0.75, 0.75]
		},
		{
			"id": "right_arm_c_item_right",
			"parent": "right_arm_c",
			"attached": ["held_item_right"],
			"position": [1, -12, -1],
			"scale": [0.75, 0.75, 0.75]
		},
		{
			"id": "left_arm_c",
			"parent": "left_arm",
			"texture": "tex.wriggle_nightbug",
			"scale": [1.33333, 1.33333, 1.33333],
			"rotation": [0, 0, "var.left_arm_roll"],
			"boxes": [
				{
					"textureOffset": [44, 18],
					"coordinates": [-2, -8, 1, 2, 8, 2]
				},
				{
					"textureOffset": [21, 55],
					"coordinates": [-2.5, -2.65, 1.5, 3, 2.75, 3]
				},
				{
					"textureOffset": [9, 54],
					"coordinates": [-2.2, -6, 1.2, 2.4, 3.4, 2.4]
				}
			]
		},
		{
			"id": "left_arm_c_chestplate_left",
			"parent": "left_arm_c",
			"attached": ["chestplate_left_arm"],
			"position": [0, -2, 0],
			"scale": [0.75, 0.75, 0.75]
		},
		{
			"id": "left_arm_c_item_left",
			"parent": "left_arm_c",
			"attached": ["held_item_left"],
			"position": [-1, -12, -1],
			"scale": [0.75, 0.75, 0.75]
		},
		{
			"id": "body_c",
			"parent": "body",
			"texture": "tex.wriggle_nightbug",
			"scale": [1.33333, 1.33333, 1.33333],
			"boxes": [
				{
					"textureOffset": [20, 20],
					"coordinates": [-3, 2.5, 3, 6, 5, 6]
				},
				{
					"textureOffset": [36, 51],
					"coordinates": [-3.25, 0.5, 3, 6.5, 2, 6]
				},
				{
					"textureOffset": [0, 16],
					"coordinates": [-3.5, -2.5, 3, 7, 3, 6]
				}
			],
			"position": [0, -7.5, 0]
		},
		{
			"id": "body_c_chestplate_body",
			"parent": "body_c",
			"attached": ["armor_body_all"],
			"scale": [0.75, 0.75, 1.05],
			"position": [0, 10, 0]
		},
		{
			"id": "body_c_cape_elytra",
			"parent": "body_c_chestplate_body",
			"attached": ["cape", "elytra"],
			"texture": "tex.skin"
		},
		{
			"id": "body_c_parrot_left",
			"parent": "body_c",
			"attached": ["shoulder_parrot_left"],
			"position": [-6.5, 10, 0],
			"scale": [0.75, 0.75, 0.75]
		},
		{
			"id": "body_c_parrot_right",
			"parent": "body_c",
			"attached": ["shoulder_parrot_right"],
			"position": [6.5, 10, 0],
			"scale": [0.75, 0.75, 0.75]
		},
		{
			"id": "cloak",
			"parent": "body_c",
			"boxes": []
		},
		{
			"id": "cloakRight_cpm_dummy",
			"parent": "cloak",
			"position": [-1, 2.58333, 1.33333]
		},
		{
			"id": "cloakRight",
			"parent": "cloakRight_cpm_dummy",
			"rotation": [0, 15, 15],
			"boxes": [
				{
					"textureOffset": [24, 41],
					"coordinates": [-1, -7.83333, 2.66667, 6, 11, 0.001]
				}
			]
		},
		{
			"id": "bone11_cpm_dummy",
			"parent": "cloakRight",
			"position": [0.5, -8.33333, 2.66667]
		},
		{
			"id": "bone11",
			"parent": "bone11_cpm_dummy",
			"rotation": [0, 0, 20],
			"boxes": [
				{
					"textureOffset": [12, 34],
					"coordinates": [-1.00361, -4.10263, 0, 2.75, 5, 0.001]
				}
			]
		},
		{
			"id": "bone12_cpm_dummy",
			"parent": "cloakRight",
			"position": [0.5, -8.33333, 2.66667]
		},
		{
			"id": "bone12",
			"parent": "bone12_cpm_dummy",
			"rotation": [0, 0, -20],
			"boxes": [
				{
					"textureOffset": [0, 25],
					"coordinates": [1.30761, -2.99106, 0, 2.75, 5, 0.001]
				}
			]
		},
		{
			"id": "cloakLeft_cpm_dummy",
			"parent": "cloak",
			"position": [-3, 3.58333, 1.33333]
		},
		{
			"id": "cloakLeft",
			"parent": "cloakLeft_cpm_dummy",
			"rotation": [0, 15, -15],
			"boxes": [
				{
					"textureOffset": [12, 41],
					"coordinates": [-1, -7.83333, 2.66667, 6, 11, 0.001]
				}
			]
		},
		{
			"id": "bone13_cpm_dummy",
			"parent": "cloakLeft",
			"position": [0.5, -8.33333, 2.66667]
		},
		{
			"id": "bone13",
			"parent": "bone13_cpm_dummy",
			"rotation": [0, 0, 20],
			"boxes": [
				{
					"textureOffset": [20, 16],
					"coordinates": [-1.23853, -4.01712, 0, 2.75, 5, 0.001]
				}
			]
		},
		{
			"id": "bone14_cpm_dummy",
			"parent": "cloakLeft",
			"position": [0.5, -8.33333, 2.66667]
		},
		{
			"id": "bone14",
			"parent": "bone14_cpm_dummy",
			"rotation": [0, 0, -20],
			"boxes": [
				{
					"textureOffset": [0, 16],
					"coordinates": [1.05761, -2.99106, 0, 3, 5, 0.001]
				}
			]
		},
		{
			"id": "neckline",
			"parent": "body_c",
			"boxes": []
		},
		{
			"id": "leftNeckline_cpm_dummy",
			"parent": "neckline",
			"position": [-1.625, 7, -3.25]
		},
		{
			"id": "leftNeckline",
			"parent": "leftNeckline_cpm_dummy",
			"rotation": [0, 0, -30],
			"boxes": [
				{
					"textureOffset": [0, 61],
					"coordinates": [-1.125, -0.7, 0.25, 2.75, 1.2, 0.1]
				}
			]
		},
		{
			"id": "rightNeckline_cpm_dummy",
			"parent": "neckline",
			"position": [1.625, 7, -3.25]
		},
		{
			"id": "rightNeckline",
			"parent": "rightNeckline_cpm_dummy",
			"rotation": [0, 0, 30],
			"boxes": [
				{
					"textureOffset": [0, 61],
					"coordinates": [-1.625, -0.7, 0.25, 2.75, 1.2, 0.1]
				}
			]
		},
		{
			"id": "jacketPocket",
			"parent": "body_c",
			"boxes": [
				{
					"textureOffset": [1, 61],
					"coordinates": [-2.25, 4.8, -3, 1.6, 0.4, 0.1]
				}
			]
		},
		{
			"id": "button",
			"parent": "body_c",
			"boxes": [
				{
					"textureOffset": [2, 62],
					"coordinates": [-0.2, 5.4, -3, 0.45, 0.45, 0.1]
				},
				{
					"textureOffset": [2, 62],
					"coordinates": [-0.2, 4.7, -3, 0.45, 0.45, 0.1]
				},
				{
					"textureOffset": [2, 62],
					"coordinates": [-0.2, 4, -3, 0.45, 0.45, 0.1]
				},
				{
					"textureOffset": [2, 62],
					"coordinates": [-0.2, 3.3, -3, 0.45, 0.45, 0.1]
				},
				{
					"textureOffset": [2, 62],
					"coordinates": [-0.2, 2.6, -3, 0.45, 0.45, 0.1]
				}
			]
		},
		{
			"id": "left_leg_c",
			"parent": "left_leg",
			"texture": "tex.wriggle_nightbug",
			"scale": [1.33333, 1.33333, 1.33333],
			"boxes": [
				{
					"textureOffset": [0, 34],
					"coordinates": [-1.75, -9, 1.5, 3, 9, 3]
				},
				{
					"textureOffset": [20, 31],
					"coordinates": [-2.2, -5, 2, 4, 6, 4]
				}
			]
		},
		{
			"id": "left_leg_c_legging_left",
			"parent": "left_leg_c",
			"attached": ["armor_left_leg_all"],
			"scale": [0.75, 0.75, 0.75]
		},
		{
			"id": "right_leg_c",
			"parent": "right_leg",
			"texture": "tex.wriggle_nightbug",
			"scale": [1.33333, 1.33333, 1.33333],
			"boxes": [
				{
					"textureOffset": [36, 36],
					"coordinates": [-1.25, -9, 1.5, 3, 9, 3]
				},
				{
					"textureOffset": [32, 0],
					"coordinates": [-1.9, -5, 2, 4, 6, 4]
				}
			]
		},
		{
			"id": "right_leg_c_legging_right",
			"parent": "right_leg_c",
			"attached": ["armor_right_leg_all"],
			"scale": [0.75, 0.75, 0.75]
		}
	]
}