{
    "id": 15,
    "name": "Kemono Furry Fox",
    "version": "1.4",
    "author": "DearFox",
    "desc": "✨ Model of my character. The armor for him was not yet textured.\\r\\n\\r\\nYou can see this model as an example of my capabilities. But I ask you not to use it for commercial purposes.\\r\\n\\r\\nIf you want me to make a model of your character furry, contact me through https://www.furaffinity.net/user/dearfox/\\r\\nor via https://vk.com/mrdearfox or via https://t.me/dearfox",
    "tags": "Fox; Furry; Kemono; DearFox;",
    "likes": 86,
    "legacy": true
}