{
	"modelId": "letty_whiterock",
	"modelName": "Letty Whiterock",
	"version": "1.0.0",
	"author": "Succinum, ZeniCrow, Paulzzh, Tian_mi",
	"hide": ["model_all", "feature_all"],
	"skeleton": {
		"right_arm_all": [4, -0.66667, 0],
		"left_arm_all": [-4, -0.66667, 0]
	},
	"variables": {
		"left_arm_roll": "if(is_first_person,0,-25)",
		"right_arm_roll": "if(is_first_person,0,25)"
	},
	"bones": [
		{
			"id": "head_c",
			"parent": "head",
			"texture": "tex.letty_whiterock",
			"scale": [1.33333, 1.33333, 1.33333],
			"boxes": [
				{
					"textureOffset": [40, 0],
					"coordinates": [-4, 0, 4, 8, 8, 8]
				},
				{
					"textureOffset": [56, 16],
					"coordinates": [-4.5, 5.5, 4.5, 9, 3, 9]
				}
			]
		},
		{
			"id": "head_c_helmet_hat",
			"parent": "head_c",
			"attached": ["helmet_all", "head_wearing"]
		},
		{
			"id": "blink_cpm_dummy",
			"parent": "head_c",
			"position": [0, -18, 0]
		},
		{
			"id": "blink",
			"parent": "blink_cpm_dummy",
			"visible": "fmod(age,60)<5",
			"boxes": [
				{
					"textureOffset": [72, 52],
					"coordinates": [-4, 18, -4.001, 8, 8, 0.001]
				}
			]
		},
		{
			"id": "hatFront_cpm_dummy",
			"parent": "head_c",
			"position": [0, 6, -4.5]
		},
		{
			"id": "hatFront",
			"parent": "hatFront_cpm_dummy",
			"rotation": [0, 45, 0],
			"boxes": [
				{
					"textureOffset": [26, 52],
					"coordinates": [-4.5, -0.5, 0.5, 9, 1, 1]
				},
				{
					"textureOffset": [26, 56],
					"coordinates": [0.5, -0.5, 0.5, 3, 2, 1]
				}
			]
		},
		{
			"id": "hatRight_cpm_dummy",
			"parent": "head_c",
			"position": [4.5, 6, 0]
		},
		{
			"id": "hatRight",
			"parent": "hatRight_cpm_dummy",
			"rotation": [0, 0, -45],
			"boxes": [
				{
					"textureOffset": [56, 28],
					"coordinates": [-0.5, -0.5, 4.5, 1, 1, 9]
				}
			]
		},
		{
			"id": "hatLeft_cpm_dummy",
			"parent": "head_c",
			"position": [-4.5, 6, 0]
		},
		{
			"id": "hatLeft",
			"parent": "hatLeft_cpm_dummy",
			"rotation": [0, 0, -45],
			"boxes": [
				{
					"textureOffset": [76, 28],
					"coordinates": [-0.5, -0.5, 4.5, 1, 1, 9]
				},
				{
					"textureOffset": [34, 56],
					"coordinates": [-1.5, -0.5, -0.5, 1, 1, 3]
				}
			]
		},
		{
			"id": "hatBack_cpm_dummy",
			"parent": "head_c",
			"position": [0, 6, 4.5]
		},
		{
			"id": "hatBack",
			"parent": "hatBack_cpm_dummy",
			"rotation": [0, 45, 0],
			"boxes": [
				{
					"textureOffset": [26, 54],
					"coordinates": [-4.5, -0.5, 0.5, 9, 1, 1]
				}
			]
		},
		{
			"id": "right_arm_c",
			"parent": "right_arm",
			"texture": "tex.letty_whiterock",
			"scale": [1.33333, 1.33333, 1.33333],
			"rotation": [0, 0, "var.right_arm_roll"],
			"boxes": [
				{
					"textureOffset": [0, 52],
					"coordinates": [0, -8, 1, 2, 8, 2]
				},
				{
					"textureOffset": [24, 40],
					"coordinates": [-0.5, -7.5, 1.5, 3, 6, 3]
				}
			]
		},
		{
			"id": "right_arm_c_chestplate_right",
			"parent": "right_arm_c",
			"attached": ["chestplate_right_arm"],
			"position": [0, -2, 0],
			"scale": [0.75, 0.75, 0.75]
		},
		{
			"id": "right_arm_c_item_right",
			"parent": "right_arm_c",
			"attached": ["held_item_right"],
			"position": [1, -12, -1],
			"scale": [0.75, 0.75, 0.75]
		},
		{
			"id": "left_arm_c",
			"parent": "left_arm",
			"texture": "tex.letty_whiterock",
			"scale": [1.33333, 1.33333, 1.33333],
			"rotation": [0, 0, "var.left_arm_roll"],
			"boxes": [
				{
					"textureOffset": [36, 40],
					"coordinates": [-2, -8, 1, 2, 8, 2]
				},
				{
					"textureOffset": [12, 40],
					"coordinates": [-2.5, -7.5, 1.5, 3, 6, 3]
				}
			]
		},
		{
			"id": "left_arm_c_chestplate_left",
			"parent": "left_arm_c",
			"attached": ["chestplate_left_arm"],
			"position": [0, -2, 0],
			"scale": [0.75, 0.75, 0.75]
		},
		{
			"id": "left_arm_c_item_left",
			"parent": "left_arm_c",
			"attached": ["held_item_left"],
			"position": [-1, -12, -1],
			"scale": [0.75, 0.75, 0.75]
		},
		{
			"id": "body_c",
			"parent": "body",
			"texture": "tex.letty_whiterock",
			"scale": [1.33333, 1.33333, 1.33333],
			"boxes": [
				{
					"textureOffset": [32, 16],
					"coordinates": [-3, 2.5, 3, 6, 5, 6]
				},
				{
					"textureOffset": [0, 16],
					"coordinates": [-4, -1.5, 4, 8, 4, 8]
				},
				{
					"textureOffset": [0, 0],
					"coordinates": [-4.5, -6.5, 4.5, 9, 6, 9]
				},
				{
					"textureOffset": [0, 28],
					"coordinates": [-4, -3.5, 2, 8, 2, 4]
				},
				{
					"textureOffset": [12, 55],
					"coordinates": [-3, -3, -4, 6, 3, 1]
				},
				{
					"textureOffset": [14, 59],
					"coordinates": [-2, -4, -4, 4, 1, 1]
				},
				{
					"textureOffset": [24, 28],
					"coordinates": [-1.5, 5, -2.5, 2, 2, 1]
				},
				{
					"textureOffset": [46, 52],
					"coordinates": [-2, 7, 3.5, 4, 1, 7]
				},
				{
					"textureOffset": [68, 52],
					"coordinates": [-2, 3.5, 3.5, 2, 4, 0.001]
				}
			],
			"position": [0, -7.5, 0]
		},
		{
			"id": "body_c_chestplate_body",
			"parent": "body_c",
			"attached": ["armor_body_all"],
			"scale": [0.75, 0.75, 1.05],
			"position": [0, 10, 0]
		},
		{
			"id": "body_c_cape_elytra",
			"parent": "body_c_chestplate_body",
			"attached": ["cape", "elytra"],
			"texture": "tex.skin"
		},
		{
			"id": "body_c_parrot_left",
			"parent": "body_c",
			"attached": ["shoulder_parrot_left"],
			"position": [-6.5, 10, 0],
			"scale": [0.75, 0.75, 0.75]
		},
		{
			"id": "body_c_parrot_right",
			"parent": "body_c",
			"attached": ["shoulder_parrot_right"],
			"position": [6.5, 10, 0],
			"scale": [0.75, 0.75, 0.75]
		},
		{
			"id": "apron_cpm_dummy",
			"parent": "body_c",
			"position": [0, 1.5, -4]
		},
		{
			"id": "apron",
			"parent": "apron_cpm_dummy",
			"rotation": [0, -30, 0],
			"boxes": [
				{
					"textureOffset": [12, 52],
					"coordinates": [-3, -2, 1, 6, 2, 1]
				}
			]
		},
		{
			"id": "left_leg_c",
			"parent": "left_leg",
			"texture": "tex.letty_whiterock",
			"scale": [1.33333, 1.33333, 1.33333],
			"boxes": [
				{
					"textureOffset": [42, 28],
					"coordinates": [-1.5, -9, 1.5, 3, 9, 3]
				}
			]
		},
		{
			"id": "left_leg_c_legging_left",
			"parent": "left_leg_c",
			"attached": ["armor_left_leg_all"],
			"scale": [0.75, 0.75, 0.75]
		},
		{
			"id": "right_leg_c",
			"parent": "right_leg",
			"texture": "tex.letty_whiterock",
			"scale": [1.33333, 1.33333, 1.33333],
			"boxes": [
				{
					"textureOffset": [0, 40],
					"coordinates": [-1.5, -9, 1.5, 3, 9, 3]
				}
			]
		},
		{
			"id": "right_leg_c_legging_right",
			"parent": "right_leg_c",
			"attached": ["armor_right_leg_all"],
			"scale": [0.75, 0.75, 0.75]
		}
	]
}