{
	"modelId": "alex",
	"modelName": "Alex",
	"version": "1.0",
	"author": "Gamepiaynmo",
	"hide": ["model_all"],
	"fpLeft": ["left_arm_c"],
	"fpRight": ["right_arm_c"],
	"bones": [
		{
			"id": "head_c",
			"parent": "head",
			"texture": "tex.alex",
			"textureSize": [64, 64],
			"boxes": [
				{
					"textureOffset": [0, 0],
					"coordinates": [-4, 0, 4, 8, 8, 8]
				},
				{
					"textureOffset": [32, 0],
					"coordinates": [-4, 0, 4, 8, 8, 8],
					"sizeAdd": 0.5
				}
			]
		},
		{
			"id": "body_c",
			"parent": "body",
			"texture": "tex.alex",
			"textureSize": [64, 64],
			"boxes": [
				{
					"textureOffset": [16, 16],
					"coordinates": [-4, -12, 2, 8, 12, 4]
				},
				{
					"textureOffset": [16, 32],
					"coordinates": [-4, -12, 2, 8, 12, 4],
					"sizeAdd": 0.25
				}
			]
		},
		{
			"id": "left_arm_c",
			"parent": "left_arm",
			"texture": "tex.alex",
			"textureSize": [64, 64],
			"boxes": [
				{
					"textureOffset": [32, 48],
					"coordinates": [-2, -10, 2, 3, 12, 4]
				},
				{
					"textureOffset": [48, 48],
					"coordinates": [-2, -10, 2, 3, 12, 4],
					"sizeAdd": 0.25
				}
			]
		},
		{
			"id": "right_arm_c",
			"parent": "right_arm",
			"texture": "tex.alex",
			"textureSize": [64, 64],
			"boxes": [
				{
					"textureOffset": [40, 16],
					"coordinates": [-1, -10, 2, 3, 12, 4]
				},
				{
					"textureOffset": [40, 32],
					"coordinates": [-1, -10, 2, 3, 12, 4],
					"sizeAdd": 0.25
				}
			]
		},
		{
			"id": "left_leg_c",
			"parent": "left_leg",
			"texture": "tex.alex",
			"textureSize": [64, 64],
			"boxes": [
				{
					"textureOffset": [16, 48],
					"coordinates": [-2, -12, 2, 4, 12, 4]
				},
				{
					"textureOffset": [0, 48],
					"coordinates": [-2, -12, 2, 4, 12, 4],
					"sizeAdd": 0.25
				}
			]
		},
		{
			"id": "right_leg_c",
			"parent": "right_leg",
			"texture": "tex.alex",
			"textureSize": [64, 64],
			"boxes": [
				{
					"textureOffset": [0, 16],
					"coordinates": [-2, -12, 2, 4, 12, 4]
				},
				{
					"textureOffset": [0, 32],
					"coordinates": [-2, -12, 2, 4, 12, 4],
					"sizeAdd": 0.25
				}
			]
		}
	]
}