{"modelId":"woodlady_rose","modelName":"Woodlady Rose","author": "Kieranyoshi","hide":["model_all","feature_all"],"skeleton":{"head_all":[0,"if(is_sneaking,-13.0000,-12.0000)",0],"body_all":[0,-12,0],"left_arm_all":[-1,-12.5,0],"right_arm_all":[1,-12.5,0],"left_leg_all":[-0.5,-17,"if(is_sneaking,2.0000,0.0000)"],"right_leg_all":[0.5,-17,"if(is_sneaking,2.0000,0.0000)"]},
	"eyeHeight": {
		"standing": 0.8,
		"dying": 0.4,
		"sneaking": 0.5
	},
	"boundingBox": {
		"standing": [0.5, 0.9],
		"dying": [0.5, 0.5],
		"sneaking": [0.5, 0.6]
	},"bones":[{"id":"head_c","parent":"head","texture":"tex.rosewooflady","boxes":[{"textureOffset":[0,0],"coordinates":[-6,0,6,12,5,12]},{"textureOffset":[38,5],"coordinates":[-2,5,2,4,1,4]},{"textureOffset":[55,6],"coordinates":[-1,6,1,2,2,2]}]},{"id":"bone_cpm_dummy","parent":"head_c","position":[-1,8,0]},{"id":"bone","parent":"bone_cpm_dummy","rotation":[-90,-15,43],"boxes":[{"textureOffset":[49,10],"coordinates":[0,0,1.1,0.001,5,2]},{"textureOffset":[49,17],"coordinates":[0,-1,0.6,0.001,1,1]},{"textureOffset":[52,17],"coordinates":[0,5,0.6,0.001,1,1]}]},{"id":"bone2_cpm_dummy","parent":"head_c","position":[1,8,0]},{"id":"bone2","parent":"bone2_cpm_dummy","rotation":[-88,0,-28],"boxes":[{"textureOffset":[49,10],"coordinates":[0,0,0.9,0.001,5,2]},{"textureOffset":[49,17],"coordinates":[0,-1,0.4,0.001,1,1]},{"textureOffset":[52,17],"coordinates":[0,5,0.4,0.001,1,1]}]},{"id":"bone10_cpm_dummy","parent":"head_c","position":[0,-12.5,0]},{"id":"bone10","parent":"bone10_cpm_dummy","boxes":[]},{"id":"bone3_cpm_dummy","parent":"bone10","position":[5.4,14,6]},{"id":"bone3","parent":"bone3_cpm_dummy","position":[0.9,-3.5,0],"rotation":[-45,20,0],"boxes":[{"textureOffset":[59,12],"coordinates":[-1,-3.5,0,1,8,0.001]}]},{"id":"bone18","parent":"bone3","rotation":[-30,70,-15],"boxes":[{"textureOffset":[38,30],"coordinates":[0,-0.5,0,2,1,0.001]}]},{"id":"bone4_cpm_dummy","parent":"bone10","position":[5.4,14,6]},{"id":"bone4","parent":"bone4_cpm_dummy","position":[-0.1,-5.51585,-5.73449],"rotation":[-45,75,0],"boxes":[{"textureOffset":[59,20],"coordinates":[0,-2.5,0,1,4,0.001]}]},{"id":"bone19","parent":"bone4","rotation":[45,-60,-5],"boxes":[{"textureOffset":[38,32],"coordinates":[-2,-0.5,0,2,1,0.001]}]},{"id":"bone5_cpm_dummy","parent":"bone10","position":[5.4,14,6]},{"id":"bone5","parent":"bone5_cpm_dummy","position":[0.9,-2.40029,-9.85637],"rotation":[-45,130,0],"boxes":[{"textureOffset":[59,24],"coordinates":[-1,-1.5,0,1,4,0.001]}]},{"id":"bone20","parent":"bone5","rotation":[-35,20,30],"boxes":[{"textureOffset":[38,30],"coordinates":[0,-0.5,0,2,1,0.001]}]},{"id":"bone6_cpm_dummy","parent":"bone10","position":[5.4,14,6]},{"id":"bone6","parent":"bone6_cpm_dummy","position":[-0.1,4.08573,-8.30693],"rotation":[-45,-170,0],"boxes":[{"textureOffset":[59,28],"coordinates":[0,-1.5,0,1,4,0.001]}]},{"id":"bone21","parent":"bone6","rotation":[40,-45,-5],"boxes":[{"textureOffset":[38,32],"coordinates":[-2,-0.5,0,2,1,0.001]}]},{"id":"bone7_cpm_dummy","parent":"bone10","position":[5.4,14,6]},{"id":"bone7","parent":"bone7_cpm_dummy","position":[0.9,6.12141,-1.1682],"rotation":[-45,-105,0],"boxes":[{"textureOffset":[59,32],"coordinates":[-1,-0.5,0,1,3,0.001]}]},{"id":"bone22","parent":"bone7","rotation":[-50,55,55],"boxes":[{"textureOffset":[38,30],"coordinates":[0,-0.5,0,2,1,0.001]}]},{"id":"bone8_cpm_dummy","parent":"bone10","position":[5.4,14,6]},{"id":"bone8","parent":"bone8_cpm_dummy","rotation":[-45,-45,0],"boxes":[{"textureOffset":[59,35],"coordinates":[-0.1,1.8224,4.28419,1,2,0.001]}]},{"id":"bone9_cpm_dummy","parent":"bone10","position":[5.4,14,6]},{"id":"bone9","parent":"bone9_cpm_dummy","position":[-0.1,-3.90252,3.17777],"rotation":[-45,25,0],"boxes":[{"textureOffset":[59,37],"coordinates":[0,-4.5,0,1,5,0.001]}]},{"id":"bone23","parent":"bone9","rotation":[0,120,-45],"boxes":[{"textureOffset":[38,32],"coordinates":[-2,-0.5,0,2,1,0.001]}]},{"id":"bone16_cpm_dummy","parent":"head_c","position":[0,-11.5,0]},{"id":"bone16","parent":"bone16_cpm_dummy","boxes":[]},{"id":"bone15_cpm_dummy","parent":"bone16","position":[5.4,13,6]},{"id":"bone15","parent":"bone15_cpm_dummy","rotation":[-45,25,0],"boxes":[]},{"id":"bone14_cpm_dummy","parent":"bone16","position":[5.4,13,6]},{"id":"bone14","parent":"bone14_cpm_dummy","rotation":[-45,25,0],"boxes":[]},{"id":"bone13_cpm_dummy","parent":"bone16","position":[5.4,13,6]},{"id":"bone13","parent":"bone13_cpm_dummy","rotation":[-45,25,0],"boxes":[]},{"id":"bone12_cpm_dummy","parent":"bone16","position":[5.4,13,6]},{"id":"bone12","parent":"bone12_cpm_dummy","rotation":[-45,25,0],"boxes":[]},{"id":"bone11_cpm_dummy","parent":"bone16","position":[10.40082,7.30124,10.00944]},{"id":"bone11","parent":"bone11_cpm_dummy","rotation":[-45,160,0],"boxes":[{"textureOffset":[44,21],"coordinates":[-0.80101,-1.50357,1.76818,1,1,1],"sizeAdd":0.1}]},{"id":"bone17_cpm_dummy","parent":"head_c","position":[10.40082,-4.19876,10.00944]},{"id":"bone17","parent":"bone17_cpm_dummy","rotation":[-45,160,0],"boxes":[{"textureOffset":[49,22],"coordinates":[-0.30101,-0.40357,1.76818,0.001,2,1]},{"textureOffset":[52,18],"coordinates":[-0.30201,-1.50357,3.86818,0.001,1,2],"mirror":true},{"textureOffset":[52,21],"coordinates":[-0.30201,-1.50357,0.66818,0.001,1,2],"mirror":true},{"textureOffset":[49,19],"coordinates":[-0.30101,-3.60357,1.76818,0.001,2,1],"mirror":true}]},{"id":"bone24_cpm_dummy","parent":"head_c","position":[0,-12.5,0]},{"id":"bone24","parent":"bone24_cpm_dummy","boxes":[]},{"id":"bone25_cpm_dummy","parent":"bone24","position":[-5.4,14,6]},{"id":"bone25","parent":"bone25_cpm_dummy","position":[-0.9,-3.5,0],"rotation":[45,20,0],"boxes":[{"textureOffset":[59,12],"coordinates":[0,-3.5,0,1,8,0.001],"mirror":true}]},{"id":"bone26","parent":"bone25","rotation":[30,70,15],"boxes":[{"textureOffset":[38,30],"coordinates":[-2,-0.5,0,2,1,0.001],"mirror":true}]},{"id":"bone27_cpm_dummy","parent":"bone24","position":[-5.4,14,6]},{"id":"bone27","parent":"bone27_cpm_dummy","position":[0.1,-5.51585,-5.73449],"rotation":[45,75,0],"boxes":[{"textureOffset":[59,20],"coordinates":[-1,-2.5,0,1,4,0.001],"mirror":true}]},{"id":"bone28","parent":"bone27","rotation":[-45,-60,5],"boxes":[{"textureOffset":[38,32],"coordinates":[0,-0.5,0,2,1,0.001],"mirror":true}]},{"id":"bone29_cpm_dummy","parent":"bone24","position":[-5.4,14,6]},{"id":"bone29","parent":"bone29_cpm_dummy","position":[-0.9,-2.40029,-9.85637],"rotation":[45,130,0],"boxes":[{"textureOffset":[59,24],"coordinates":[0,-1.5,0,1,4,0.001],"mirror":true}]},{"id":"bone30","parent":"bone29","rotation":[35,20,-30],"boxes":[{"textureOffset":[38,30],"coordinates":[-2,-0.5,0,2,1,0.001],"mirror":true}]},{"id":"bone31_cpm_dummy","parent":"bone24","position":[-5.4,14,6]},{"id":"bone31","parent":"bone31_cpm_dummy","position":[0.1,4.08573,-8.30693],"rotation":[45,-170,0],"boxes":[{"textureOffset":[59,28],"coordinates":[-1,-1.5,0,1,4,0.001],"mirror":true}]},{"id":"bone32","parent":"bone31","rotation":[-40,-45,5],"boxes":[{"textureOffset":[38,32],"coordinates":[0,-0.5,0,2,1,0.001],"mirror":true}]},{"id":"bone33_cpm_dummy","parent":"bone24","position":[-5.4,14,6]},{"id":"bone33","parent":"bone33_cpm_dummy","position":[-0.9,6.12141,-1.1682],"rotation":[45,-105,0],"boxes":[{"textureOffset":[59,32],"coordinates":[0,-0.5,0,1,3,0.001],"mirror":true}]},{"id":"bone34","parent":"bone33","rotation":[50,55,-55],"boxes":[{"textureOffset":[38,30],"coordinates":[-2,-0.5,0,2,1,0.001],"mirror":true}]},{"id":"bone35_cpm_dummy","parent":"bone24","position":[-5.4,14,6]},{"id":"bone35","parent":"bone35_cpm_dummy","rotation":[45,-45,0],"boxes":[{"textureOffset":[59,35],"coordinates":[-0.9,1.8224,4.28419,1,2,0.001],"mirror":true}]},{"id":"bone36_cpm_dummy","parent":"bone24","position":[-5.4,14,6]},{"id":"bone36","parent":"bone36_cpm_dummy","position":[0.1,-3.90252,3.17777],"rotation":[45,25,0],"boxes":[{"textureOffset":[59,37],"coordinates":[-1,-4.5,0,1,5,0.001],"mirror":true}]},{"id":"bone37","parent":"bone36","rotation":[0,120,45],"boxes":[{"textureOffset":[38,32],"coordinates":[0,-0.5,0,2,1,0.001],"mirror":true}]},{"id":"bone38_cpm_dummy","parent":"head_c","position":[-10.40082,-4.19876,10.00944]},{"id":"bone38","parent":"bone38_cpm_dummy","rotation":[45,160,0],"boxes":[{"textureOffset":[44,21],"coordinates":[-0.19899,-1.50357,1.76818,1,1,1],"sizeAdd":0.1,"mirror":true}]},{"id":"bone39_cpm_dummy","parent":"head_c","position":[-10.40082,-4.19876,10.00944]},{"id":"bone39","parent":"bone39_cpm_dummy","rotation":[45,160,0],"boxes":[{"textureOffset":[49,22],"coordinates":[0.30101,-0.40357,1.76818,0.001,2,1],"mirror":true},{"textureOffset":[52,18],"coordinates":[0.30201,-1.50357,3.86818,0.001,1,2]},{"textureOffset":[52,21],"coordinates":[0.30201,-1.50357,0.66818,0.001,1,2]},{"textureOffset":[49,19],"coordinates":[0.30101,-3.60357,1.76818,0.001,2,1]}]},{"id":"body_c","parent":"body","texture":"tex.rosewooflady","boxes":[{"textureOffset":[4,19],"coordinates":[-1,-5,1,2,5,2]},{"textureOffset":[0,28],"coordinates":[-5,-6,5,10,1,10]}]},{"id":"body_c_chestplate_body","parent":"body_c","attached":[]},{"id":"body_c_cape_elytra","parent":"body_c_chestplate_body","attached":["elytra"],"texture":"tex.skin"},{"id":"bone40_cpm_dummy","parent":"body_c","position":[0,-12,0]},{"id":"bone40","parent":"bone40_cpm_dummy","position":[0.5,10.75,-1.3],"boxes":[{"textureOffset":[44,18],"coordinates":[-1,0.05,1,1,1,1]}]},{"id":"bone41","parent":"bone40","boxes":[]},{"id":"bone42_cpm_dummy","parent":"bone41","position":[0,0.75,0.1]},{"id":"bone42","parent":"bone42_cpm_dummy","rotation":[0,0,-60],"boxes":[{"textureOffset":[32,29],"coordinates":[0,-1,0,2,2,0.001]},{"textureOffset":[33,32],"coordinates":[2,-0.5,0,1,1,0.001]}]},{"id":"bone43_cpm_dummy","parent":"bone41","position":[-1,0.75,0.1]},{"id":"bone43","parent":"bone43_cpm_dummy","rotation":[0,0,60],"boxes":[{"textureOffset":[32,29],"coordinates":[-2,-1,0,2,2,0.001],"mirror":true},{"textureOffset":[33,32],"coordinates":[-3,-0.5,0,1,1,0.001]}]},{"id":"bone44_cpm_dummy","parent":"bone41","position":[0,0.75,0.1]},{"id":"bone44","parent":"bone44_cpm_dummy","rotation":[0,0,-75],"boxes":[{"textureOffset":[32,34],"coordinates":[0,-1,0.1,4,1,0.001]}]},{"id":"bone45_cpm_dummy","parent":"bone41","position":[-1,0.75,0.1]},{"id":"bone45","parent":"bone45_cpm_dummy","rotation":[0,0,75],"boxes":[{"textureOffset":[32,34],"coordinates":[-4,-1,0.1,4,1,0.001],"mirror":true}]},{"id":"left_arm_c","parent":"left_arm","texture":"tex.rosewooflady","rotation":[0,0,-40],"boxes":[{"textureOffset":[29,19],"coordinates":[-0.59117,-5.62326,0.5,1,6,1]}]},{"id":"left_arm_c_item_left","parent":"left_arm_c","attached":["held_item_left"],"position":[0, -6, -1]},{"id":"right_arm_c","parent":"right_arm","texture":"tex.rosewooflady","rotation":[0,0,40],"boxes":[{"textureOffset":[24,19],"coordinates":[-0.40883,-5.62326,0.5,1,6,1]}]},{"id":"right_arm_c_item_right","parent":"right_arm_c","attached":["held_item_right"],"position":[0, -6, -1]},{"id":"left_leg_c","parent":"left_leg","texture":"tex.rosewooflady","boxes":[{"textureOffset":[39,19],"coordinates":[-0.5,-7,0.5,1,7,1]}]},{"id":"right_leg_c","parent":"right_leg","texture":"tex.rosewooflady","boxes":[{"textureOffset":[34,19],"coordinates":[-0.5,-7,0.5,1,7,1]}]}]}