{
	"modelId": "alice",
	"modelName": "Alice",
	"version": "1.0.0",
	"author": "Succinum, ZeniCrow, Paulzzh, Tian_mi",
	"hide": ["model_all", "feature_all"],
	"skeleton": {
		"right_arm_all": [4, -0.66667, 0],
		"left_arm_all": [-4, -0.66667, 0]
	},
	"variables": {
		"left_arm_roll": "if(is_first_person,0,-25)",
		"right_arm_roll": "if(is_first_person,0,25)"
	},
	"bones": [
		{
			"id": "head_c",
			"parent": "head",
			"texture": "tex.alice",
			"scale": [1.33333, 1.33333, 1.33333],
			"boxes": [
				{
					"textureOffset": [0, 0],
					"coordinates": [-4, 0, 4, 8, 8, 8]
				},
				{
					"textureOffset": [27, 18],
					"coordinates": [-4.5, 5.5, 1, 9, 3, 2]
				}
			]
		},
		{
			"id": "head_c_helmet_hat",
			"parent": "head_c",
			"attached": ["helmet_all", "head_wearing"]
		},
		{
			"id": "blink",
			"parent": "head_c",
			"visible": "fmod(age,60)<5",
			"boxes": [
				{
					"textureOffset": [48, 0],
					"coordinates": [-4, 0, -4.001, 8, 8, 0.001]
				}
			]
		},
		{
			"id": "hair_cpm_dummy",
			"parent": "head_c",
			"position": [-4, 6, 0]
		},
		{
			"id": "hair",
			"parent": "hair_cpm_dummy",
			"rotation": [0, 0, -25],
			"boxes": []
		},
		{
			"id": "decoration",
			"parent": "head_c",
			"boxes": []
		},
		{
			"id": "band3_cpm_dummy",
			"parent": "decoration",
			"position": [-4, 8, 0]
		},
		{
			"id": "band3",
			"parent": "band3_cpm_dummy",
			"rotation": [-25, -25, 0],
			"boxes": [
				{
					"textureOffset": [0, 3],
					"coordinates": [-1, -1, 1, 2, 4, 1]
				},
				{
					"textureOffset": [0, 18],
					"coordinates": [-3, -1, 1, 2, 2, 1]
				}
			]
		},
		{
			"id": "band4_cpm_dummy",
			"parent": "decoration",
			"position": [-4, 8, 0]
		},
		{
			"id": "band4",
			"parent": "band4_cpm_dummy",
			"rotation": [25, 25, 0],
			"boxes": [
				{
					"textureOffset": [0, 3],
					"coordinates": [-1, -1, 0, 2, 4, 1]
				},
				{
					"textureOffset": [0, 18],
					"coordinates": [-3, -1, 0, 2, 2, 1]
				}
			]
		},
		{
			"id": "right_arm_c",
			"parent": "right_arm",
			"texture": "tex.alice",
			"scale": [1.33333, 1.33333, 1.33333],
			"rotation": [0, 0, "var.right_arm_roll"],
			"boxes": [
				{
					"textureOffset": [0, 49],
					"coordinates": [0, -9, 1, 2, 8, 2]
				},
				{
					"textureOffset": [0, 0],
					"coordinates": [0.001, -7.5, 0.999, 2, 1, 2]
				},
				{
					"textureOffset": [0, 0],
					"coordinates": [-0.001, -7.5, 1.001, 2, 1, 2]
				},
				{
					"textureOffset": [18, 37],
					"coordinates": [-0.5, -3, 1.5, 3, 3, 3]
				}
			]
		},
		{
			"id": "right_arm_c_chestplate_right",
			"parent": "right_arm_c",
			"attached": ["chestplate_right_arm"],
			"position": [0, -2, 0],
			"scale": [0.75, 0.75, 0.75]
		},
		{
			"id": "right_arm_c_item_right",
			"parent": "right_arm_c",
			"attached": ["held_item_right"],
			"position": [1, -12, -1],
			"scale": [0.75, 0.75, 0.75]
		},
		{
			"id": "decoration5_cpm_dummy",
			"parent": "right_arm_c",
			"position": [1, -1.5, -2]
		},
		{
			"id": "decoration5",
			"parent": "decoration5_cpm_dummy",
			"boxes": []
		},
		{
			"id": "bone4",
			"parent": "decoration5",
			"rotation": [0, 0, -10],
			"boxes": [
				{
					"textureOffset": [5, 20],
					"coordinates": [0, 0, 0.5, 1, 1, 1]
				},
				{
					"textureOffset": [0, 0],
					"coordinates": [-1, -1, 0, 1, 1, 0.001]
				}
			]
		},
		{
			"id": "bone23",
			"parent": "decoration5",
			"rotation": [0, 0, 10],
			"boxes": [
				{
					"textureOffset": [5, 20],
					"coordinates": [-1, 0, 0.5, 1, 1, 1]
				},
				{
					"textureOffset": [0, 0],
					"coordinates": [0, -1, 0, 1, 1, 0.001]
				}
			]
		},
		{
			"id": "left_arm_c",
			"parent": "left_arm",
			"texture": "tex.alice",
			"scale": [1.33333, 1.33333, 1.33333],
			"rotation": [0, 0, "var.left_arm_roll"],
			"boxes": [
				{
					"textureOffset": [18, 37],
					"coordinates": [-2.5, -3, 1.5, 3, 3, 3]
				},
				{
					"textureOffset": [0, 49],
					"coordinates": [-2, -9, 1, 2, 8, 2]
				},
				{
					"textureOffset": [0, 0],
					"coordinates": [-2.001, -7.5, 1.001, 2, 1, 2]
				},
				{
					"textureOffset": [0, 0],
					"coordinates": [-1.999, -7.5, 0.999, 2, 1, 2]
				}
			]
		},
		{
			"id": "left_arm_c_chestplate_left",
			"parent": "left_arm_c",
			"attached": ["chestplate_left_arm"],
			"position": [0, -2, 0],
			"scale": [0.75, 0.75, 0.75]
		},
		{
			"id": "left_arm_c_item_left",
			"parent": "left_arm_c",
			"attached": ["held_item_left"],
			"position": [-1, -12, -1],
			"scale": [0.75, 0.75, 0.75]
		},
		{
			"id": "decoration6_cpm_dummy",
			"parent": "left_arm_c",
			"position": [-1, -1.5, -2]
		},
		{
			"id": "decoration6",
			"parent": "decoration6_cpm_dummy",
			"boxes": []
		},
		{
			"id": "bone24",
			"parent": "decoration6",
			"rotation": [0, 0, -10],
			"boxes": [
				{
					"textureOffset": [5, 20],
					"coordinates": [0, 0, 0.5, 1, 1, 1]
				},
				{
					"textureOffset": [0, 0],
					"coordinates": [-1, -1, 0, 1, 1, 0.001]
				}
			]
		},
		{
			"id": "bone25",
			"parent": "decoration6",
			"rotation": [0, 0, 10],
			"boxes": [
				{
					"textureOffset": [5, 20],
					"coordinates": [-1, 0, 0.5, 1, 1, 1]
				},
				{
					"textureOffset": [0, 0],
					"coordinates": [0, -1, 0, 1, 1, 0.001]
				}
			]
		},
		{
			"id": "chestPlateLeft_cpm_dummy",
			"parent": "left_arm_c",
			"position": [3, -17.5, 0]
		},
		{
			"id": "chestPlateLeft",
			"parent": "chestPlateLeft_cpm_dummy",
			"visible": "inv.offhand==0",
			"boxes": []
		},
		{
			"id": "bone28",
			"parent": "chestPlateLeft",
			"rotation": [-90, 0, 0],
			"boxes": [
				{
					"textureOffset": [39, 45],
					"coordinates": [-4, 8, -1.999, 8, 6, 1]
				},
				{
					"textureOffset": [50, 36],
					"coordinates": [-3.5, 9.5, -3.001, 7, 3, 0.001]
				},
				{
					"textureOffset": [50, 36],
					"coordinates": [-3.5, 9.5, -1.998, 7, 3, 0.001]
				},
				{
					"textureOffset": [6, 2],
					"coordinates": [3.5, 8.5, -2, 0.001, 5, 1]
				},
				{
					"textureOffset": [6, 2],
					"coordinates": [-3.5, 8.5, -2, 0.001, 5, 1]
				},
				{
					"textureOffset": [0, 0],
					"coordinates": [-3.5, 8, -2, 0.001, 1, 1]
				},
				{
					"textureOffset": [0, 0],
					"coordinates": [3.5, 8, -2, 0.001, 1, 1]
				},
				{
					"textureOffset": [23, 6],
					"coordinates": [-3.5, 13.5, -2, 7, 0.001, 1]
				}
			]
		},
		{
			"id": "body_c",
			"parent": "body",
			"texture": "tex.alice",
			"scale": [1.33333, 1.33333, 1.33333],
			"boxes": [
				{
					"textureOffset": [0, 37],
					"coordinates": [-3, 1.501, 3, 6, 6, 6]
				},
				{
					"textureOffset": [19, 45],
					"coordinates": [-2.5, 1.499, 2.5, 5, 6, 5]
				},
				{
					"textureOffset": [29, 36],
					"coordinates": [-3.5, -0.5, 3.5, 7, 2, 7]
				},
				{
					"textureOffset": [27, 8],
					"coordinates": [-4, -2.5, 4, 8, 2, 8]
				},
				{
					"textureOffset": [0, 16],
					"coordinates": [-4.5, -4.5, 4.5, 9, 2, 9]
				},
				{
					"textureOffset": [0, 27],
					"coordinates": [-4.501, -4, 4.499, 9, 1, 9]
				},
				{
					"textureOffset": [0, 27],
					"coordinates": [-4.499, -4, 4.501, 9, 1, 9]
				},
				{
					"textureOffset": [24, 0],
					"coordinates": [-4, -2.501, 2, 8, 2, 4]
				}
			],
			"position": [0, -7.5, 0]
		},
		{
			"id": "body_c_chestplate_body",
			"parent": "body_c",
			"attached": ["armor_body_all"],
			"scale": [0.75, 0.75, 1.05],
			"position": [0, 10, 0]
		},
		{
			"id": "body_c_cape_elytra",
			"parent": "body_c_chestplate_body",
			"attached": ["cape", "elytra"],
			"texture": "tex.skin"
		},
		{
			"id": "body_c_parrot_left",
			"parent": "body_c",
			"attached": ["shoulder_parrot_left"],
			"position": [-6.5, 10, 0],
			"scale": [0.75, 0.75, 0.75]
		},
		{
			"id": "body_c_parrot_right",
			"parent": "body_c",
			"attached": ["shoulder_parrot_right"],
			"position": [6.5, 10, 0],
			"scale": [0.75, 0.75, 0.75]
		},
		{
			"id": "decoration2",
			"parent": "body_c",
			"boxes": []
		},
		{
			"id": "bone_cpm_dummy",
			"parent": "decoration2",
			"position": [0, 6.5, -2.5]
		},
		{
			"id": "bone",
			"parent": "bone_cpm_dummy",
			"rotation": [0, 0, -40],
			"boxes": [
				{
					"textureOffset": [0, 16],
					"coordinates": [-3, -1, 0.75, 3, 1, 1],
					"mirror": true
				}
			]
		},
		{
			"id": "bone2_cpm_dummy",
			"parent": "decoration2",
			"position": [0, 6.5, -2.5]
		},
		{
			"id": "bone2",
			"parent": "bone2_cpm_dummy",
			"rotation": [0, 0, 40],
			"boxes": [
				{
					"textureOffset": [0, 16],
					"coordinates": [0, -1, 0.75, 3, 1, 1]
				}
			]
		},
		{
			"id": "bone3_cpm_dummy",
			"parent": "decoration2",
			"position": [0.5, 1.5, -2.5]
		},
		{
			"id": "bone3",
			"parent": "bone3_cpm_dummy",
			"rotation": [-15, 0, 0],
			"boxes": []
		},
		{
			"id": "decoration3_cpm_dummy",
			"parent": "body_c",
			"position": [0, -10.5, 0]
		},
		{
			"id": "decoration3",
			"parent": "decoration3_cpm_dummy",
			"boxes": [
				{
					"textureOffset": [27, 27],
					"coordinates": [-3.5, 5, 3.5, 7, 2, 7]
				}
			]
		},
		{
			"id": "lace4",
			"parent": "decoration3",
			"rotation": [90, 0, 0],
			"boxes": [
				{
					"textureOffset": [5, 22],
					"coordinates": [-4, 5, 3.5, 1, 2, 1]
				},
				{
					"textureOffset": [5, 22],
					"coordinates": [-4, 5, 1.5, 1, 2, 1]
				},
				{
					"textureOffset": [5, 22],
					"coordinates": [-4, 5, -0.5, 1, 2, 1]
				},
				{
					"textureOffset": [5, 22],
					"coordinates": [-4, 5, -2.5, 1, 2, 1]
				}
			]
		},
		{
			"id": "lace3",
			"parent": "decoration3",
			"rotation": [180, 0, 0],
			"boxes": [
				{
					"textureOffset": [5, 22],
					"coordinates": [-4, 5, 3.5, 1, 2, 1]
				},
				{
					"textureOffset": [5, 22],
					"coordinates": [-4, 5, 1.499, 1, 2, 1]
				},
				{
					"textureOffset": [5, 22],
					"coordinates": [-4, 5, -0.499, 1, 2, 1]
				},
				{
					"textureOffset": [5, 22],
					"coordinates": [-4, 5, -2.5, 1, 2, 1]
				}
			]
		},
		{
			"id": "lace2",
			"parent": "decoration3",
			"rotation": [-90, 0, 0],
			"boxes": [
				{
					"textureOffset": [5, 22],
					"coordinates": [-4, 5, 3.5, 1, 2, 1]
				},
				{
					"textureOffset": [5, 22],
					"coordinates": [-4, 5, 1.5, 1, 2, 1]
				},
				{
					"textureOffset": [5, 22],
					"coordinates": [-4, 5, -0.5, 1, 2, 1]
				},
				{
					"textureOffset": [5, 22],
					"coordinates": [-4, 5, -2.5, 1, 2, 1]
				}
			]
		},
		{
			"id": "lace",
			"parent": "decoration3",
			"boxes": [
				{
					"textureOffset": [5, 22],
					"coordinates": [-4, 5, 3.5, 1, 2, 1]
				},
				{
					"textureOffset": [5, 22],
					"coordinates": [-4, 5, 1.499, 1, 2, 1]
				},
				{
					"textureOffset": [5, 22],
					"coordinates": [-4, 5, -0.499, 1, 2, 1]
				},
				{
					"textureOffset": [5, 22],
					"coordinates": [-4, 5, -2.5, 1, 2, 1]
				}
			]
		},
		{
			"id": "decoration4_cpm_dummy",
			"parent": "body_c",
			"position": [0, -10.5, 0]
		},
		{
			"id": "decoration4",
			"parent": "decoration4_cpm_dummy",
			"boxes": []
		},
		{
			"id": "bone8_cpm_dummy",
			"parent": "decoration4",
			"position": [0, 12, 3]
		},
		{
			"id": "bone8",
			"parent": "bone8_cpm_dummy",
			"rotation": [30, 0, 15],
			"boxes": []
		},
		{
			"id": "bone7",
			"parent": "bone8",
			"rotation": [0, 0, 11],
			"boxes": [
				{
					"textureOffset": [27, 23],
					"coordinates": [0, -0.5, 1, 5, 1, 1],
					"mirror": true
				}
			]
		},
		{
			"id": "bone6",
			"parent": "bone8",
			"rotation": [0, 0, -11],
			"boxes": [
				{
					"textureOffset": [27, 23],
					"coordinates": [0, -0.5, 1, 5, 1, 1],
					"mirror": true
				}
			]
		},
		{
			"id": "bone5",
			"parent": "bone8",
			"boxes": [
				{
					"textureOffset": [27, 23],
					"coordinates": [0, -0.5, 1, 5, 1, 1],
					"mirror": true
				}
			]
		},
		{
			"id": "bone9_cpm_dummy",
			"parent": "decoration4",
			"position": [0, 12, 3]
		},
		{
			"id": "bone9",
			"parent": "bone9_cpm_dummy",
			"rotation": [-30, 0, -15],
			"boxes": []
		},
		{
			"id": "bone10",
			"parent": "bone9",
			"rotation": [0, 0, -11],
			"boxes": [
				{
					"textureOffset": [27, 23],
					"coordinates": [-5, -0.5, 1, 5, 1, 1]
				}
			]
		},
		{
			"id": "bone11",
			"parent": "bone9",
			"rotation": [0, 0, 11],
			"boxes": [
				{
					"textureOffset": [27, 23],
					"coordinates": [-5, -0.5, 1, 5, 1, 1]
				}
			]
		},
		{
			"id": "bone12",
			"parent": "bone9",
			"boxes": [
				{
					"textureOffset": [27, 23],
					"coordinates": [-5, -0.5, 1, 5, 1, 1]
				}
			]
		},
		{
			"id": "bone13_cpm_dummy",
			"parent": "decoration4",
			"position": [0, 13, 4]
		},
		{
			"id": "bone13",
			"parent": "bone13_cpm_dummy",
			"rotation": [-60, 0, -20],
			"boxes": []
		},
		{
			"id": "bone14_cpm_dummy",
			"parent": "bone13",
			"position": [0, -12, -4]
		},
		{
			"id": "bone14",
			"parent": "bone14_cpm_dummy",
			"boxes": [
				{
					"textureOffset": [5, 16],
					"coordinates": [0, 10, 6, 0.001, 1, 2],
					"mirror": true
				}
			]
		},
		{
			"id": "bone15_cpm_dummy",
			"parent": "bone13",
			"position": [0, -12, -4]
		},
		{
			"id": "bone15",
			"parent": "bone15_cpm_dummy",
			"rotation": [-30, 0, 0],
			"boxes": [
				{
					"textureOffset": [5, 16],
					"coordinates": [-2.99913, 10, 7.19665, 0.001, 1, 2],
					"mirror": true
				}
			]
		},
		{
			"id": "bone16_cpm_dummy",
			"parent": "bone13",
			"position": [0, -12, -4]
		},
		{
			"id": "bone16",
			"parent": "bone16_cpm_dummy",
			"rotation": [-60, 0, 0],
			"boxes": [
				{
					"textureOffset": [5, 16],
					"coordinates": [-6.19479, 10, 6.73342, 0.001, 1, 2],
					"mirror": true
				}
			]
		},
		{
			"id": "bone17_cpm_dummy",
			"parent": "bone13",
			"position": [0, -12, -4]
		},
		{
			"id": "bone17",
			"parent": "bone17_cpm_dummy",
			"rotation": [-90, 0, 0],
			"boxes": [
				{
					"textureOffset": [5, 16],
					"coordinates": [-8.73255, 10, 4.73392, 0.001, 1, 2],
					"mirror": true
				}
			]
		},
		{
			"id": "bone18_cpm_dummy",
			"parent": "decoration4",
			"position": [0, 13, 4]
		},
		{
			"id": "bone18",
			"parent": "bone18_cpm_dummy",
			"rotation": [60, 0, 20],
			"boxes": []
		},
		{
			"id": "bone19_cpm_dummy",
			"parent": "bone18",
			"position": [0, -12, -4]
		},
		{
			"id": "bone19",
			"parent": "bone19_cpm_dummy",
			"boxes": [
				{
					"textureOffset": [5, 16],
					"coordinates": [0, 10, 6, 0.001, 1, 2]
				}
			]
		},
		{
			"id": "bone20_cpm_dummy",
			"parent": "bone18",
			"position": [0, -12, -4]
		},
		{
			"id": "bone20",
			"parent": "bone20_cpm_dummy",
			"rotation": [30, 0, 0],
			"boxes": [
				{
					"textureOffset": [5, 16],
					"coordinates": [2.99913, 10, 7.19665, 0.001, 1, 2]
				}
			]
		},
		{
			"id": "bone21_cpm_dummy",
			"parent": "bone18",
			"position": [0, -12, -4]
		},
		{
			"id": "bone21",
			"parent": "bone21_cpm_dummy",
			"rotation": [60, 0, 0],
			"boxes": [
				{
					"textureOffset": [5, 16],
					"coordinates": [6.19479, 10, 6.73342, 0.001, 1, 2]
				}
			]
		},
		{
			"id": "bone22_cpm_dummy",
			"parent": "bone18",
			"position": [0, -12, -4]
		},
		{
			"id": "bone22",
			"parent": "bone22_cpm_dummy",
			"rotation": [90, 0, 0],
			"boxes": [
				{
					"textureOffset": [5, 16],
					"coordinates": [8.73255, 10, 4.73392, 0.001, 1, 2]
				}
			]
		},
		{
			"id": "button_cpm_dummy",
			"parent": "body_c",
			"position": [-0.5, 1.5, -2.5]
		},
		{
			"id": "button",
			"parent": "button_cpm_dummy",
			"boxes": [
				{
					"textureOffset": [0, 0],
					"coordinates": [0.25, 0.25, -0.002, 0.5, 0.5, 0.001]
				},
				{
					"textureOffset": [0, 0],
					"coordinates": [0.25, 1.25, -0.002, 0.5, 0.5, 0.001]
				},
				{
					"textureOffset": [0, 0],
					"coordinates": [0.25, 2.25, -0.002, 0.5, 0.5, 0.001]
				},
				{
					"textureOffset": [0, 0],
					"coordinates": [0.25, 3.25, -0.002, 0.5, 0.5, 0.001]
				}
			]
		},
		{
			"id": "chestPlate_cpm_dummy",
			"parent": "body_c",
			"position": [0, 6.5, -3]
		},
		{
			"id": "chestPlate",
			"parent": "chestPlate_cpm_dummy",
			"visible": "inv.chestplate!=0",
			"boxes": []
		},
		{
			"id": "bone26",
			"parent": "chestPlate",
			"rotation": [0, 0, -20],
			"boxes": [
				{
					"textureOffset": [0, 21],
					"coordinates": [0, 0, 1.1, 2, 1, 1]
				},
				{
					"textureOffset": [6, 0],
					"coordinates": [-1, -2, 0.2, 1, 2, 0.001]
				}
			]
		},
		{
			"id": "bone27",
			"parent": "chestPlate",
			"rotation": [0, 0, 20],
			"boxes": [
				{
					"textureOffset": [0, 21],
					"coordinates": [-2, 0, 1.1, 2, 1, 1]
				},
				{
					"textureOffset": [6, 0],
					"coordinates": [0, -2, 0.2, 1, 2, 0.001]
				}
			]
		},
		{
			"id": "left_leg_c",
			"parent": "left_leg",
			"texture": "tex.alice",
			"scale": [1.33333, 1.33333, 1.33333],
			"boxes": [
				{
					"textureOffset": [48, 20],
					"coordinates": [-1.499, -9, 1.5, 3, 9, 3]
				}
			]
		},
		{
			"id": "left_leg_c_legging_left",
			"parent": "left_leg_c",
			"attached": ["armor_left_leg_all"],
			"scale": [0.75, 0.75, 0.75]
		},
		{
			"id": "right_leg_c",
			"parent": "right_leg",
			"texture": "tex.alice",
			"scale": [1.33333, 1.33333, 1.33333],
			"boxes": [
				{
					"textureOffset": [48, 20],
					"coordinates": [-1.501, -9, 1.5, 3, 9, 3]
				}
			]
		},
		{
			"id": "right_leg_c_legging_right",
			"parent": "right_leg_c",
			"attached": ["armor_right_leg_all"],
			"scale": [0.75, 0.75, 0.75]
		}
	]
}