{
	"name": "Yukari Yakumo",
	"version": "1.0",
	"author": ["Succinum", "ZeniCrow", "Paulzzh", "Tian_mi"],
	"description": "Yukari Yakumo from Touhou Project",
	"url": "https://www.curseforge.com/minecraft/mc-mods/touhou-little-maid",
	"skeleton": {
		"type": "biped",
		"param": {
			"leg_length": 9,
			"leg_interval": 4,
			"leg_offset": 0,
			"body_pivot_height": 18,
			"body_offset": 0,
			"arm_pivot_height": 17.5,
			"arm_interval": 6,
			"arm_offset": 0,
			"arm_length": 9,
			"head_pivot_height": 18,
			"head_offset": 0
		}
	},
	"parts": [
		{
			"double_face": true,
			"name": "yukari_yakumo",
			"texture": "yukari_yakumo"
		}
	],
	"size": {
		"standing": [0.45, 1.45],
		"sneaking": [0.45, 1.225]
	},
	"eye_height": {
		"standing": [1.215, 0.6075],
		"sneaking": [0.9525, 0.47625]
	}
}