{
    "id": 146,
    "name": "[1.12.2]Tohru the Dragon Maid",
    "version": "1.3.2",
    "author": "model by V972, original skin by Kloey on Skindex, wings textures and tail shading by Shotacatso",
    "desc": "### **Dragon Maid Tohru** \\r\\nfrom [Miss Kobayashi\\'s Dragon Maid manga and anime series.](https://en.wikipedia.org/wiki/Miss_Kobayashi%27s_Dragon_Maid)\\r\\n\\r\\n#### Model features:\\r\\n-- Supports all player features (armor, parrots, headwear, etc.).\\r\\n\\r\\n-- Pigtails are hidden while wearing a pumpkin\\\\*.\\r\\n\\r\\n-- Rests her hands on the knees while sneaking in place\\\\*\\\\* (empty hands only, separate for each hand).\\r\\n\\r\\n-- Sprouts dragon wings with Elytra equipped and spreads them while gliding.\\r\\n\\r\\n-- Wags her tail when holding a diamond (in either or both hands).\\r\\n\\r\\n\\r\\nIf you find any bugs or have suggestions, find me on Discord: **`V972#8352`**.\\r\\n\\r\\n**\\\\*Note**: due to 1.14 change to pumpkins, there have to be 2 separate model versions, for 1.12.2 and 1.14+\\r\\nThis one is for **1.12.2 |** [1.14+](http://cpmmod.top/model/147)\\r\\n\\r\\n**\\\\*\\\\*Another Note**: due to the sneaking pose affecting arms separately, there *also* have to be separete versions for right- and left handed people. \\r\\nThis one is for right-handed, get lefty version [here](https://drive.google.com/file/d/1MrCA7ZlCy5CDBTYppLs2lnHIfTPJ4NvW/view?usp=sharing)[Google Drive].\\r\\n\\r\\n#### A credit where credit is due:\\r\\n-- [Original skin by Kloey on Skindex](https://www.minecraftskins.com/skin/13210278/in-honor-of-kyoto-animation/);\\r\\n\\r\\n-- Wings textures and tail shading by @Shotacatso;\\r\\n\\r\\n-- Sneaking pose by Aile\\\\_Rozy from [Slim Alex model](http://cpmmod.top/model/slim_alex) (with minor modifications);\\r\\n\\r\\n#### Changelog:\\r\\n-- V 1.3.2\\r\\nInitial upload.",
    "tags": "kobayashi-san chi no maid dragon; miss kobayashi\\'s maid dragon; maid dragon; maid; Dragon; Tohru; dragongirl; monstergirl; girl; Anime;",
    "likes": 101,
    "legacy": true
}