{
	"modelId": "matara_okina",
	"modelName": "Matara Okina",
	"version": "1.0.0",
	"author": "Succinum, ZeniCrow, Paulzzh, Tian_mi",
	"hide": ["model_all", "feature_all"],
	"skeleton": {
		"right_arm_all": [4, -0.66667, 0],
		"left_arm_all": [-4, -0.66667, 0]
	},
	"variables": {
		"left_arm_roll": "if(is_first_person,0,-25)",
		"right_arm_roll": "if(is_first_person,0,25)"
	},
	"bones": [
		{
			"id": "head_c",
			"parent": "head",
			"texture": "tex.matara_okina",
			"scale": [1.33333, 1.33333, 1.33333],
			"boxes": [
				{
					"textureOffset": [36, 0],
					"coordinates": [-4, 0, 4, 8, 8, 8]
				}
			]
		},
		{
			"id": "head_c_helmet_hat",
			"parent": "head_c",
			"attached": ["helmet_all", "head_wearing"],
			"position": [0, 1, 0]
		},
		{
			"id": "blink",
			"parent": "head_c",
			"visible": "fmod(age,60)<5",
			"boxes": [
				{
					"textureOffset": [58, 41],
					"coordinates": [-4, 0, -4.001, 8, 8, 0.001]
				}
			]
		},
		{
			"id": "ahoge",
			"parent": "head_c",
			"boxes": []
		},
		{
			"id": "hat_cpm_dummy",
			"parent": "head_c",
			"position": [-4.5, -1, -4.5]
		},
		{
			"id": "hat",
			"parent": "hat_cpm_dummy",
			"boxes": [
				{
					"textureOffset": [20, 89],
					"coordinates": [4, 12.5, 5, 1, 1, 1]
				},
				{
					"textureOffset": [22, 75],
					"coordinates": [3.5, 12, 5.5, 2, 1, 2]
				},
				{
					"textureOffset": [16, 65],
					"coordinates": [3, 11.5, 6, 3, 1, 3]
				},
				{
					"textureOffset": [12, 56],
					"coordinates": [2.5, 11, 6.5, 4, 1, 4]
				},
				{
					"textureOffset": [24, 41],
					"coordinates": [2, 10.5, 7, 5, 1, 5]
				},
				{
					"textureOffset": [0, 41],
					"coordinates": [1.5, 10, 7.5, 6, 1, 6]
				},
				{
					"textureOffset": [28, 28],
					"coordinates": [1, 9.5, 8, 7, 1, 7]
				},
				{
					"textureOffset": [32, 16],
					"coordinates": [0.5, 9, 8.5, 8, 1, 8]
				},
				{
					"textureOffset": [68, 0],
					"coordinates": [0, 7.5, 9, 9, 2, 9]
				}
			]
		},
		{
			"id": "bone11_cpm_dummy",
			"parent": "hat",
			"position": [4.5, 0, 4.5]
		},
		{
			"id": "bone11",
			"parent": "bone11_cpm_dummy",
			"rotation": [0, 15, 0],
			"boxes": [
				{
					"textureOffset": [12, 53],
					"coordinates": [-4.5, 8.40913, -2.40652, 9, 3, 0.001]
				}
			]
		},
		{
			"id": "bone30_cpm_dummy",
			"parent": "hat",
			"position": [4.5, 0, 4.5]
		},
		{
			"id": "bone30",
			"parent": "bone30_cpm_dummy",
			"rotation": [-90, 15, 0],
			"boxes": [
				{
					"textureOffset": [12, 53],
					"coordinates": [-4.5, 8.40913, -2.40652, 9, 3, 0.001]
				}
			]
		},
		{
			"id": "bone31_cpm_dummy",
			"parent": "hat",
			"position": [4.5, 0, 4.5]
		},
		{
			"id": "bone31",
			"parent": "bone31_cpm_dummy",
			"rotation": [180, 15, 0],
			"boxes": [
				{
					"textureOffset": [12, 53],
					"coordinates": [-4.5, 8.40913, -2.40652, 9, 3, 0.001]
				}
			]
		},
		{
			"id": "bone32_cpm_dummy",
			"parent": "hat",
			"position": [4.5, 0, 4.5]
		},
		{
			"id": "bone32",
			"parent": "bone32_cpm_dummy",
			"rotation": [90, 15, 0],
			"boxes": [
				{
					"textureOffset": [12, 53],
					"coordinates": [-4.5, 8.40913, -2.40652, 9, 3, 0.001]
				}
			]
		},
		{
			"id": "hatEar_cpm_dummy",
			"parent": "hat",
			"position": [5.5, -9, 4.5]
		},
		{
			"id": "hatEar",
			"parent": "hatEar_cpm_dummy",
			"rotation": [0, 0, 60],
			"boxes": []
		},
		{
			"id": "bone15_cpm_dummy",
			"parent": "hatEar",
			"position": [19, 0, 0]
		},
		{
			"id": "bone15",
			"parent": "bone15_cpm_dummy",
			"boxes": [
				{
					"textureOffset": [16, 84],
					"coordinates": [-5, 13, 0.5, 0.001, 5, 1],
					"mirror": true
				}
			]
		},
		{
			"id": "bone16_cpm_dummy",
			"parent": "hatEar",
			"position": [19, 0, 0]
		},
		{
			"id": "bone16",
			"parent": "bone16_cpm_dummy",
			"rotation": [-15, 0, 0],
			"boxes": [
				{
					"textureOffset": [14, 84],
					"coordinates": [-4.96004, 12.5, 0.18887, 0.001, 5, 1],
					"mirror": true
				}
			]
		},
		{
			"id": "bone18_cpm_dummy",
			"parent": "hatEar",
			"position": [19, 0, 0]
		},
		{
			"id": "bone18",
			"parent": "bone18_cpm_dummy",
			"rotation": [15, 0, 0],
			"boxes": [
				{
					"textureOffset": [12, 84],
					"coordinates": [-4.95904, 12.5, 0.81113, 0.001, 5, 1],
					"mirror": true
				}
			]
		},
		{
			"id": "bone17_cpm_dummy",
			"parent": "hatEar",
			"position": [19, 0, 0]
		},
		{
			"id": "bone17",
			"parent": "bone17_cpm_dummy",
			"rotation": [-30, 0, 0],
			"boxes": [
				{
					"textureOffset": [20, 84],
					"coordinates": [-4.83991, 12.5, -0.10132, 0.001, 4, 1],
					"mirror": true
				}
			]
		},
		{
			"id": "bone19_cpm_dummy",
			"parent": "hatEar",
			"position": [19, 0, 0]
		},
		{
			"id": "bone19",
			"parent": "bone19_cpm_dummy",
			"rotation": [30, 0, 0],
			"boxes": [
				{
					"textureOffset": [18, 84],
					"coordinates": [-4.83895, 12.5, 1.10106, 0.001, 4, 1],
					"mirror": true
				}
			]
		},
		{
			"id": "hatEar2_cpm_dummy",
			"parent": "hat",
			"position": [3.5, -9, 4.5]
		},
		{
			"id": "hatEar2",
			"parent": "hatEar2_cpm_dummy",
			"rotation": [0, 0, -60],
			"boxes": []
		},
		{
			"id": "bone20_cpm_dummy",
			"parent": "hatEar2",
			"position": [-19, 0, 0]
		},
		{
			"id": "bone20",
			"parent": "bone20_cpm_dummy",
			"boxes": [
				{
					"textureOffset": [16, 84],
					"coordinates": [5, 13, 0.5, 0.001, 5, 1]
				}
			]
		},
		{
			"id": "bone21_cpm_dummy",
			"parent": "hatEar2",
			"position": [-19, 0, 0]
		},
		{
			"id": "bone21",
			"parent": "bone21_cpm_dummy",
			"rotation": [15, 0, 0],
			"boxes": [
				{
					"textureOffset": [14, 84],
					"coordinates": [4.96004, 12.5, 0.18887, 0.001, 5, 1]
				}
			]
		},
		{
			"id": "bone22_cpm_dummy",
			"parent": "hatEar2",
			"position": [-19, 0, 0]
		},
		{
			"id": "bone22",
			"parent": "bone22_cpm_dummy",
			"rotation": [-15, 0, 0],
			"boxes": [
				{
					"textureOffset": [12, 84],
					"coordinates": [4.95904, 12.5, 0.81113, 0.001, 5, 1]
				}
			]
		},
		{
			"id": "bone23_cpm_dummy",
			"parent": "hatEar2",
			"position": [-19, 0, 0]
		},
		{
			"id": "bone23",
			"parent": "bone23_cpm_dummy",
			"rotation": [30, 0, 0],
			"boxes": [
				{
					"textureOffset": [20, 84],
					"coordinates": [4.83991, 12.5, -0.10132, 0.001, 4, 1]
				}
			]
		},
		{
			"id": "bone24_cpm_dummy",
			"parent": "hatEar2",
			"position": [-19, 0, 0]
		},
		{
			"id": "bone24",
			"parent": "bone24_cpm_dummy",
			"rotation": [-30, 0, 0],
			"boxes": [
				{
					"textureOffset": [18, 84],
					"coordinates": [4.83895, 12.5, 1.10106, 0.001, 4, 1]
				}
			]
		},
		{
			"id": "hair",
			"parent": "head_c",
			"boxes": []
		},
		{
			"id": "hairLeft_cpm_dummy",
			"parent": "hair",
			"position": [-4, 0, 4]
		},
		{
			"id": "hairLeft",
			"parent": "hairLeft_cpm_dummy",
			"boxes": []
		},
		{
			"id": "bone26",
			"parent": "hairLeft",
			"rotation": [0, 0, -10],
			"boxes": [
				{
					"textureOffset": [16, 75],
					"coordinates": [0, -8, -1, 0.001, 8, 1]
				}
			]
		},
		{
			"id": "bone27",
			"parent": "hairLeft",
			"rotation": [0, 0, -5],
			"boxes": [
				{
					"textureOffset": [14, 75],
					"coordinates": [0, -8, 0, 0.001, 8, 1]
				}
			]
		},
		{
			"id": "hairRight_cpm_dummy",
			"parent": "hair",
			"position": [4, 0, 4]
		},
		{
			"id": "hairRight",
			"parent": "hairRight_cpm_dummy",
			"boxes": []
		},
		{
			"id": "bone12",
			"parent": "hairRight",
			"rotation": [0, 0, 10],
			"boxes": [
				{
					"textureOffset": [20, 75],
					"coordinates": [0, -8, -1, 0.001, 8, 1]
				}
			]
		},
		{
			"id": "bone13",
			"parent": "hairRight",
			"rotation": [0, 0, 5],
			"boxes": [
				{
					"textureOffset": [18, 75],
					"coordinates": [0, -8, 0, 0.001, 8, 1]
				}
			]
		},
		{
			"id": "hairBack_cpm_dummy",
			"parent": "hair",
			"position": [0, 0, 4]
		},
		{
			"id": "hairBack",
			"parent": "hairBack_cpm_dummy",
			"boxes": []
		},
		{
			"id": "bone29",
			"parent": "hairBack",
			"rotation": [0, 5, 0],
			"boxes": [
				{
					"textureOffset": [10, 84],
					"coordinates": [-4, -8, 0, 1, 8, 0.001]
				},
				{
					"textureOffset": [6, 84],
					"coordinates": [3, -8, 0, 1, 8, 0.001]
				}
			]
		},
		{
			"id": "bone14",
			"parent": "hairBack",
			"rotation": [0, 10, 0],
			"boxes": [
				{
					"textureOffset": [8, 84],
					"coordinates": [-3, -8, 0, 1, 8, 0.001]
				},
				{
					"textureOffset": [4, 84],
					"coordinates": [2, -8, 0, 1, 8, 0.001]
				}
			]
		},
		{
			"id": "bone25",
			"parent": "hairBack",
			"rotation": [0, 15, 0],
			"boxes": [
				{
					"textureOffset": [2, 84],
					"coordinates": [-2, -8, 0, 1, 8, 0.001]
				},
				{
					"textureOffset": [0, 84],
					"coordinates": [1, -8, 0, 1, 8, 0.001]
				}
			]
		},
		{
			"id": "bone28",
			"parent": "hairBack",
			"rotation": [0, 20, 0],
			"boxes": [
				{
					"textureOffset": [32, 75],
					"coordinates": [-1, -8, 0, 1, 8, 0.001]
				},
				{
					"textureOffset": [30, 75],
					"coordinates": [0, -8, 0, 1, 8, 0.001]
				}
			]
		},
		{
			"id": "right_arm_c",
			"parent": "right_arm",
			"texture": "tex.matara_okina",
			"scale": [1.33333, 1.33333, 1.33333],
			"rotation": [0, 0, "var.right_arm_roll"],
			"boxes": [
				{
					"textureOffset": [8, 65],
					"coordinates": [0, -9, 1, 2, 8, 2]
				},
				{
					"textureOffset": [44, 41],
					"coordinates": [-0.5, -8, 2, 3, 6, 4]
				}
			]
		},
		{
			"id": "right_arm_c_chestplate_right",
			"parent": "right_arm_c",
			"attached": ["chestplate_right_arm"],
			"position": [0, -2, 0],
			"scale": [0.75, 0.75, 0.75]
		},
		{
			"id": "right_arm_c_item_right",
			"parent": "right_arm_c",
			"attached": ["held_item_right"],
			"position": [1, -12, -1],
			"scale": [0.75, 0.75, 0.75]
		},
		{
			"id": "left_arm_c",
			"parent": "left_arm",
			"texture": "tex.matara_okina",
			"scale": [1.33333, 1.33333, 1.33333],
			"rotation": [0, 0, "var.left_arm_roll"],
			"boxes": [
				{
					"textureOffset": [0, 65],
					"coordinates": [-2, -9, 1, 2, 8, 2]
				},
				{
					"textureOffset": [44, 41],
					"coordinates": [-2.5, -8, 2, 3, 6, 4]
				}
			]
		},
		{
			"id": "left_arm_c_chestplate_left",
			"parent": "left_arm_c",
			"attached": ["chestplate_left_arm"],
			"position": [0, -2, 0],
			"scale": [0.75, 0.75, 0.75]
		},
		{
			"id": "left_arm_c_item_left",
			"parent": "left_arm_c",
			"attached": ["held_item_left"],
			"position": [-1, -12, -1],
			"scale": [0.75, 0.75, 0.75]
		},
		{
			"id": "body_c",
			"parent": "body",
			"texture": "tex.matara_okina",
			"scale": [1.33333, 1.33333, 1.33333],
			"boxes": [
				{
					"textureOffset": [64, 16],
					"coordinates": [-3.5, 1.499, 3, 7, 6, 6]
				},
				{
					"textureOffset": [56, 28],
					"coordinates": [-2.5, -0.5, 2.501, 5, 8, 5]
				},
				{
					"textureOffset": [30, 53],
					"coordinates": [2.23523, 4.498, 1.5, 3, 3, 3]
				},
				{
					"textureOffset": [30, 53],
					"coordinates": [-5.76477, 4.498, 1.5, 3, 3, 3]
				},
				{
					"textureOffset": [0, 28],
					"coordinates": [-3.5, -2.5, 3.5, 7, 3, 7]
				},
				{
					"textureOffset": [0, 16],
					"coordinates": [-4, -5, 4, 8, 3, 8]
				},
				{
					"textureOffset": [0, 0],
					"coordinates": [-4.5, -7.5, 4.5, 9, 3, 9]
				}
			],
			"position": [0, -7.5, 0]
		},
		{
			"id": "body_c_chestplate_body",
			"parent": "body_c",
			"attached": ["armor_body_all"],
			"scale": [0.75, 0.75, 1.05],
			"position": [0, 10, 0]
		},
		{
			"id": "body_c_cape_elytra",
			"parent": "body_c_chestplate_body",
			"attached": ["cape", "elytra"],
			"texture": "tex.skin"
		},
		{
			"id": "body_c_parrot_left",
			"parent": "body_c",
			"attached": ["shoulder_parrot_left"],
			"position": [-6.5, 10, 0],
			"scale": [0.75, 0.75, 0.75]
		},
		{
			"id": "body_c_parrot_right",
			"parent": "body_c",
			"attached": ["shoulder_parrot_right"],
			"position": [6.5, 10, 0],
			"scale": [0.75, 0.75, 0.75]
		},
		{
			"id": "bone5",
			"parent": "body_c",
			"boxes": []
		},
		{
			"id": "bone4_cpm_dummy",
			"parent": "bone5",
			"position": [-0.5, 1.5, -3]
		},
		{
			"id": "bone4",
			"parent": "bone4_cpm_dummy",
			"boxes": [
				{
					"textureOffset": [44, 53],
					"coordinates": [-3, -9.58055, -2.0332, 7, 4, 0.001]
				}
			]
		},
		{
			"id": "bone3_cpm_dummy",
			"parent": "bone5",
			"position": [-0.5, 1.5, -3]
		},
		{
			"id": "bone3",
			"parent": "bone3_cpm_dummy",
			"rotation": [0, -10, 0],
			"boxes": [
				{
					"textureOffset": [30, 65],
					"coordinates": [-3, -5.84866, -1.03328, 7, 2, 0.001]
				}
			]
		},
		{
			"id": "bone2_cpm_dummy",
			"parent": "bone5",
			"position": [-0.5, 1.5, -3]
		},
		{
			"id": "bone2",
			"parent": "bone2_cpm_dummy",
			"rotation": [0, -20, 0],
			"boxes": [
				{
					"textureOffset": [0, 75],
					"coordinates": [-3, -3.96944, -0.34928, 7, 2, 0.001]
				}
			]
		},
		{
			"id": "bone_cpm_dummy",
			"parent": "bone5",
			"position": [-0.5, 1.5, -3]
		},
		{
			"id": "bone",
			"parent": "bone_cpm_dummy",
			"rotation": [0, -30, 0],
			"boxes": [
				{
					"textureOffset": [0, 77],
					"coordinates": [-3, -2, -0.001, 7, 2, 0.001]
				}
			]
		},
		{
			"id": "bone6",
			"parent": "body_c",
			"boxes": []
		},
		{
			"id": "bone7_cpm_dummy",
			"parent": "bone6",
			"position": [-0.5, 1.5, 3]
		},
		{
			"id": "bone7",
			"parent": "bone7_cpm_dummy",
			"boxes": [
				{
					"textureOffset": [30, 59],
					"coordinates": [-3, -9.58055, 2.0332, 7, 4, 0.001]
				}
			]
		},
		{
			"id": "bone8_cpm_dummy",
			"parent": "bone6",
			"position": [-0.5, 1.5, 3]
		},
		{
			"id": "bone8",
			"parent": "bone8_cpm_dummy",
			"rotation": [0, 10, 0],
			"boxes": [
				{
					"textureOffset": [16, 73],
					"coordinates": [-3, -5.84866, 1.03328, 7, 2, 0.001]
				}
			]
		},
		{
			"id": "bone9_cpm_dummy",
			"parent": "bone6",
			"position": [-0.5, 1.5, 3]
		},
		{
			"id": "bone9",
			"parent": "bone9_cpm_dummy",
			"rotation": [0, 20, 0],
			"boxes": [
				{
					"textureOffset": [16, 71],
					"coordinates": [-3, -3.96944, 0.34928, 7, 2, 0.001]
				}
			]
		},
		{
			"id": "bone10_cpm_dummy",
			"parent": "bone6",
			"position": [-0.5, 1.5, 3]
		},
		{
			"id": "bone10",
			"parent": "bone10_cpm_dummy",
			"rotation": [0, 30, 0],
			"boxes": [
				{
					"textureOffset": [16, 69],
					"coordinates": [-3, -2, 0.001, 7, 2, 0.001]
				}
			]
		},
		{
			"id": "left_leg_c",
			"parent": "left_leg",
			"texture": "tex.matara_okina",
			"scale": [1.33333, 1.33333, 1.33333],
			"boxes": [
				{
					"textureOffset": [0, 53],
					"coordinates": [-1.499, -9, 1.5, 3, 9, 3]
				}
			]
		},
		{
			"id": "left_leg_c_legging_left",
			"parent": "left_leg_c",
			"attached": ["armor_left_leg_all"],
			"scale": [0.75, 0.75, 0.75]
		},
		{
			"id": "right_leg_c",
			"parent": "right_leg",
			"texture": "tex.matara_okina",
			"scale": [1.33333, 1.33333, 1.33333],
			"boxes": [
				{
					"textureOffset": [74, 41],
					"coordinates": [-1.501, -9, 1.5, 3, 9, 3]
				}
			]
		},
		{
			"id": "right_leg_c_legging_right",
			"parent": "right_leg_c",
			"attached": ["armor_right_leg_all"],
			"scale": [0.75, 0.75, 0.75]
		}
	]
}