{
	"format_version": "1.12.0",
	"minecraft:geometry": [
		{
			"description": {
				"identifier": "geometry.steve",
				"texture_width": 128,
				"texture_height": 64,
				"visible_bounds_width": 5,
				"visible_bounds_height": 3.5,
				"visible_bounds_offset": [0, 1.25, 0]
			},
			"bones": [
				{
					"name": "head_c",
					"pivot": [0, 24, 0],
					"cubes": [
						{"origin": [-4, 24, -4], "size": [8, 8, 8], "uv": [0, 0]},
						{"origin": [2, 37, -1], "size": [1, 1, 1], "uv": [64, 8], "mirror": true},
						{"origin": [2, 35, -1], "size": [2, 2, 1], "uv": [68, 13]},
						{"origin": [2, 32, -1], "size": [1, 4, 2], "uv": [64, 0]},
						{"origin": [3, 32, 0], "size": [1, 3, 1], "uv": [70, 4]},
						{"origin": [4, 31, -1], "size": [1, 4, 1], "uv": [68, 8]},
						{"origin": [3, 32, -1], "size": [1, 1, 1], "uv": [56, 2]},
						{"origin": [5, 27, -1], "size": [1, 5, 1], "uv": [64, 10]},
						{"origin": [4, 26, 0], "size": [1, 4, 1], "uv": [64, 10]},
						{"origin": [4, 30, -1], "size": [3, 1, 1], "uv": [60, 16]},
						{"origin": [-3, 37, -1], "size": [1, 1, 1], "uv": [64, 8], "mirror": true},
						{"origin": [-4, 35, -1], "size": [2, 2, 1], "uv": [58, 19]},
						{"origin": [-3, 32, -1], "size": [1, 4, 2], "uv": [68, 16]},
						{"origin": [-4, 32, 0], "size": [1, 3, 1], "uv": [68, 22]},
						{"origin": [-5, 31, -1], "size": [1, 4, 1], "uv": [64, 18]},
						{"origin": [-4, 32, -1], "size": [1, 1, 1], "uv": [56, 0]},
						{"origin": [-6, 27, -1], "size": [1, 5, 1], "uv": [56, 22]},
						{"origin": [-5, 26, 0], "size": [1, 4, 1], "uv": [56, 28]},
						{"origin": [-7, 30, -1], "size": [3, 1, 1], "uv": [60, 23]},
						{"origin": [-4, 24, -4], "size": [8, 8, 8], "inflate": 0.5, "uv": [32, 0]}
					]
				},
				{
					"name": "body_c",
					"pivot": [0, 24, 0],
					"cubes": [
						{"origin": [-4, 12, -2], "size": [8, 12, 4], "uv": [16, 16]},
						{"origin": [-4, 12, -2], "size": [8, 12, 4], "inflate": 0.25, "uv": [16, 32]}
					]
				},
				{
					"name": "taildown",
					"parent": "body_c",
					"pivot": [0, 15, 2],
					"rotation": [30, 0, 0],
					"cubes": [
						{"origin": [-1, 14, 0], "size": [2, 2, 4], "uv": [54, 33]},
						{"origin": [-2, 13, 4], "size": [4, 4, 7], "uv": [54, 33]}
					]
				},
				{
					"name": "tailmiddle",
					"parent": "taildown",
					"pivot": [0, 15, 8],
					"rotation": [47.5, 0, 0],
					"cubes": [
						{"origin": [-3, 11, 8], "size": [6, 6, 8], "uv": [54, 33]},
						{"origin": [-3, 11, 16], "size": [6, 5, 1], "uv": [64, 27]},
						{"origin": [-3, 11, 17], "size": [6, 4, 1], "uv": [62, 58]}
					]
				},
				{
					"name": "tailtop",
					"parent": "tailmiddle",
					"pivot": [0, 14, 18],
					"rotation": [32.5, 0, 0],
					"cubes": [
						{"origin": [-2, 12, 16], "size": [4, 4, 5], "uv": [62, 49]},
						{"origin": [-1, 13, 21], "size": [2, 2, 1], "uv": [58, 49]}
					]
				},
				{
					"name": "right_arm_c",
					"pivot": [-5, 22, 0],
					"cubes": [
						{"origin": [-7, 12, -2], "size": [3, 12, 4], "uv": [40, 16]},
						{"origin": [-7, 12, -2], "size": [3, 12, 4], "inflate": 0.25, "uv": [40, 32]}
					]
				},
				{
					"name": "left_arm_c",
					"pivot": [5, 22, 0],
					"cubes": [
						{"origin": [4, 12, -2], "size": [3, 12, 4], "uv": [32, 48]},
						{"origin": [4, 12, -2], "size": [3, 12, 4], "inflate": 0.25, "uv": [48, 48]}
					]
				},
				{
					"name": "right_leg_c",
					"pivot": [-1.9, 12, 0],
					"cubes": [
						{"origin": [-3.9, 0, -2], "size": [4, 12, 4], "uv": [0, 16]},
						{"origin": [-3.9, 0, -2], "size": [4, 12, 4], "inflate": 0.25, "uv": [0, 32]}
					]
				},
				{
					"name": "left_leg_c",
					"pivot": [1.9, 12, 0],
					"cubes": [
						{"origin": [-0.1, 0, -2], "size": [4, 12, 4], "uv": [16, 48]},
						{"origin": [-0.1, 0, -2], "size": [4, 12, 4], "inflate": 0.25, "uv": [0, 48]}
					]
				}
			]
		}
	]
}