{
	"name": "Ahri Spirit Blossom",
	"version": "1.1",
	"author": ["T2DX"],
	"description": "Ahri Spirit Blossom for 1.16.5",
	"skeleton": {
		"type": "biped",
        "param": {
            "leg_length": 12,
            "leg_interval": 4,
            "leg_offset": 0,
            "body_pivot_height": 24,
            "body_offset": 0,
            "arm_pivot_height": 24,
            "arm_interval": 10,
            "arm_offset": 0,
            "arm_length": 12,
            "head_pivot_height": 24,
            "head_offset": 0
		}
	},
	"parts": [
		{
        "name": "ahri.geo",
        "texture": "ahri"
		}
	]
}