{
	"modelId": "enderman",
	"modelName": "Enderman",
	"version": "1.0",
	"author": "Gamepiaynmo",
	"hide": ["model_all", "armor_arms_all", "armor_legs_all", "held_item_all", "shoulder_parrot_all"],
	"fpLeft": ["left_arm_c"],
	"fpRight": ["right_arm_c"],
	"skeleton": {
		"head_all": [0, 14, 0],
		"body_all": [0, 14, 0],
		"left_arm_all": [-5, 12, 0],
		"right_arm_all": [5, 12, 0],
		"left_leg_all": [-2, 4, "if(is_sneaking,6,0)"],
		"right_leg_all": [2, 4, "if(is_sneaking,6,0)"]
	},
	"eyeHeight": {
		"standing": 2.5,
		"dying": 2.5,
		"sneaking": 2.1
	},
	"boundingBox": {
		"standing": [0.6, 2.9],
		"dying": [0.6, 2.9],
		"sneaking": [0.6, 2.49]
	},
	"bones": [
		{
			"id": "head_c",
			"parent": "head",
			"texture": "tex.enderman",
			"textureSize": [64, 32],
			"boxes": [
				{
					"textureOffset": [0, 0],
					"coordinates": [-4, 0, 4, 8, 8, 8]
				},
				{
					"textureOffset": [0, 16],
					"coordinates": [-4, 0, 4, 8, 8, 8],
					"sizeAdd": -0.5
				}
			]
		},
		{
			"id": "eyes_c",
			"parent": "head",
			"texture": "tex.enderman_eyes",
			"textureSize": [64, 32],
			"boxes": [
				{
					"textureOffset": [0, 0],
					"coordinates": [-4, 0, 4, 8, 8, 8],
					"sizeAdd": 0.01
				}
			]
		},
		{
			"id": "body_c",
			"parent": "body",
			"texture": "tex.enderman",
			"textureSize": [64, 32],
			"boxes": [
				{
					"textureOffset": [32, 16],
					"coordinates": [-4, -12, 2, 8, 12, 4]
				}
			]
		},
		{
			"id": "body_left_parrot",
			"parent": "body_c",
			"attached": ["shoulder_parrot_left"],
			"position": [-5, 0, 0]
		},
		{
			"id": "body_right_parrot",
			"parent": "body_c",
			"attached": ["shoulder_parrot_right"],
			"position": [5, 0, 0]
		},
		{
			"id": "left_arm_c",
			"parent": "left_arm",
			"texture": "tex.enderman",
			"textureSize": [64, 32],
			"boxes": [
				{
					"textureOffset": [56, 0],
					"coordinates": [-1, -28, 1, 2, 30, 2]
				}
			]
		},
		{
			"id": "left_chestplate",
			"parent": "left_arm",
			"scale": [0.8, 1, 0.8],
			"attached": ["chestplate_left_arm"]
		},
		{
			"id": "left_item",
			"parent": "left_arm",
			"position": [0, -28, 0],
			"attached": ["held_item_left"]
		},
		{
			"id": "right_arm_c",
			"parent": "right_arm",
			"texture": "tex.enderman",
			"textureSize": [64, 32],
			"boxes": [
				{
					"textureOffset": [56, 0],
					"coordinates": [-1, -28, 1, 2, 30, 2]
				}
			]
		},
		{
			"id": "right_chestplate",
			"parent": "right_arm",
			"scale": [0.8, 1, 0.8],
			"attached": ["chestplate_right_arm"]
		},
		{
			"id": "right_item",
			"parent": "right_arm",
			"position": [0, -28, 0],
			"attached": ["held_item_right"]
		},
		{
			"id": "left_leg_c",
			"parent": "left_leg",
			"texture": "tex.enderman",
			"textureSize": [64, 32],
			"boxes": [
				{
					"textureOffset": [56, 0],
					"coordinates": [-1, -30, 1, 2, 30, 2]
				}
			]
		},
		{
			"id": "left_legging",
			"parent": "left_leg",
			"scale": [0.8, 3, 0.8],
			"attached": ["leggings_left_leg"]
		},
		{
			"id": "left_boot",
			"parent": "left_leg",
			"position": [0, -18, 0],
			"scale": [0.9, 1, 0.9],
			"attached": ["boots_left_leg"]
		},
		{
			"id": "right_leg_c",
			"parent": "right_leg",
			"texture": "tex.enderman",
			"textureSize": [64, 32],
			"boxes": [
				{
					"textureOffset": [56, 0],
					"coordinates": [-1, -30, 1, 2, 30, 2]
				}
			]
		},
		{
			"id": "right_legging",
			"parent": "right_leg",
			"scale": [0.8, 3, 0.8],
			"attached": ["leggings_right_leg"]
		},
		{
			"id": "right_boot",
			"parent": "right_leg",
			"position": [0, -18, 0],
			"scale": [0.9, 1, 0.9],
			"attached": ["boots_right_leg"]
		}
	]
}