{
	"format_version": "1.12.0",
	"minecraft:geometry": [
		{
			"description": {
				"identifier": "geometry.allay",
				"texture_width": 32,
				"texture_height": 32,
				"visible_bounds_width": 3,
				"visible_bounds_height": 3,
				"visible_bounds_offset": [0, 0.5, 0]
			},
			"bones": [
				{
					"name": "head_c",
					"pivot": [0, 14, 0],
					"cubes": [
						{"origin": [-2.5, 14.01, -2.5], "size": [5, 5, 5], "uv": [0, 0]}
					]
				},
				{
					"name": "helmet",
					"parent": "head_c",
					"pivot": [0, 14, 0]
				},
				{
					"name": "body_c",
					"pivot": [0, 14, 0],
					"cubes": [
						{"origin": [-1.5, 10, -1], "size": [3, 4, 2], "uv": [0, 10]},
						{"origin": [-1.5, 9, -1], "size": [3, 5, 2], "inflate": -0.2, "uv": [0, 16]}
					],
					"locators": {
						"lead": [0, 15, 0]
					}
				},
				{
					"name": "rightItem",
					"parent": "body_c",
					"pivot": [0, 9, -2],
					"rotation": [-80, 0, 0]
				},
				{
					"name": "right_arm_c",
					"parent": "body_c",
					"pivot": [-1.75, 13.5, 0],
					"cubes": [
						{"origin": [-2.5, 10, -1], "size": [1, 4, 2], "uv": [23, 0]}
					]
				},
				{
					"name": "left_arm_c",
					"parent": "body_c",
					"pivot": [1.75, 13.5, 0],
					"cubes": [
						{"origin": [1.5, 10, -1], "size": [1, 4, 2], "uv": [23, 6]}
					]
				},
				{
					"name": "left_wing",
					"parent": "body_c",
					"pivot": [0.5, 13, 1],
					"cubes": [
						{"origin": [0.5, 9, 1], "size": [0, 5, 8], "uv": [16, 14]}
					]
				},
				{
					"name": "right_wing",
					"parent": "body_c",
					"pivot": [-0.5, 13, 1],
					"cubes": [
						{"origin": [-0.5, 9, 1], "size": [0, 5, 8], "uv": [16, 14]}
					]
				}
			]
		}
	]
}