{
	"modelId": "gaia_minotaurus_ranger",
	"modelName": "Minotaurus Archer (Grimoire of Gaia 3)",
	"version": "1.0.0",
	"author": "Model by Silentine, ported by V972",
	
	"hide": ["model_all", "held_item_all", "armor_all", "head_wearing", "cape", "shoulder_parrot_all"],
	"fpLeft": ["left_arm_c"],
	"fpRight": ["right_arm_c"],
	
	"skeleton": {
		"head_all": [0, "if(is_sneaking,0.459,if(is_riding,-2.459,0.541))", "if(is_sneaking,-0.51,if(is_riding,3,0))"],
		"body_all": [0, "if(is_riding,-2.459,0.541)", "if(is_riding,3,0)"],
		"right_arm_all": [2.6675, "if(is_sneaking,-0.8595,if(is_riding,-4.0595,-1.0595))", "if(is_sneaking,0.75,if(is_riding,3,0))"],
		"left_arm_all": [-2.6675, "if(is_sneaking,-0.8595,if(is_riding,-4.0595,-1.0595))", "if(is_sneaking,0.75,if(is_riding,3,0))"],
		"right_leg_all": [2.134, "if(is_sneaking,-9.129,if(is_riding,-13.129,-10.129))", "if(is_sneaking,4.4665,if(is_riding,2.5335,-0.5335))"],
		"left_leg_all": [-2.134, "if(is_sneaking,-9.129,if(is_riding,-13.129,-10.129))", "if(is_sneaking,4.4665,if(is_riding,2.5335,-0.5335))"]
	},
	
	"variables": {
		"is_flying": "current_pose==pose.fall_flying",
		"idle": "(speed_x == 0) && (speed_z == 0)"
	},
	
	"bones": [
		{
			"id": "head_c",
			"parent": "head",
			"texture": "tex.minotaurus02",
			"scale": [1.067, 1.067, 1.067],
			"boxes": [
				{
					"textureOffset": [0, 0],
					"coordinates": [-3, 0, 3, 6, 6, 6]
				},
				{
					"textureOffset": [36, 0],
					"coordinates": [-3.5, -0.5, 3.5, 7, 7, 7]
				}
			]
		},
		{
			"id": "head_eyes",
			"parent": "head_c",
			"visible": "fmod(age,60)<1",
			"boxes": [
				{
					"textureOffset": [24, 0],
					"coordinates": [-3, 0, -3.1, 6, 6, 0.001]
				}
			]
		},
		{
			"id": "left_ear_cpm_dummy",
			"parent": "head_c",
			"position": [-3, 3, -2]
		},
		{
			"id": "left_ear",
			"parent": "left_ear_cpm_dummy",
			"rotation": ["45 - if(is_hurt,sin(age)*10,0)", 0, 0],
			"boxes": [
				{
					"textureOffset": [36, 28],
					"coordinates": [0.03553, -2, 3.79289, 0.001, 4, 4],
					"mirror": true
				}
			]
		},
		{
			"id": "right_ear_cpm_dummy",
			"parent": "head_c",
			"position": [3, 3, -2]
		},
		{
			"id": "right_ear",
			"parent": "right_ear_cpm_dummy",
			"rotation": ["-45 + if(is_hurt,sin(age)*10,0)", 0, 0],
			"boxes": [
				{
					"textureOffset": [36, 28],
					"coordinates": [-0.03553, -2, 3.79289, 0.001, 4, 4]
				}
			]
		},
		{
			"id": "right_horn_base",
			"parent": "head_c"
		},
		{
			"id": "right_horn_1",
			"parent": "right_horn_base",
			"boxes": [
				{
					"textureOffset": [36, 18],
					"coordinates": [3, 5, 0, 2, 2, 2]
				}
			]
		},
		{
			"id": "right_horn_2",
			"parent": "right_horn_base",
			"boxes": [
				{
					"textureOffset": [36, 22],
					"coordinates": [2, 6, -1, 2, 2, 2]
				}
			]
		},
		{
			"id": "right_horn_3",
			"parent": "right_horn_base",
			"boxes": [
				{
					"textureOffset": [36, 26],
					"coordinates": [1.5, 7.5, -0.5, 1, 1, 1]
				}
			]
		},
		{
			"id": "left_horn_base",
			"parent": "head_c"
		},
		{
			"id": "left_horn_1",
			"parent": "left_horn_base",
			"boxes": [
				{
					"textureOffset": [36, 18],
					"coordinates": [-5, 5, 0, 2, 2, 2],
					"mirror": true
				}
			]
		},
		{
			"id": "left_horn_2",
			"parent": "left_horn_base",
			"boxes": [
				{
					"textureOffset": [36, 22],
					"coordinates": [-4, 6, -1, 2, 2, 2],
					"mirror": true
				}
			]
		},
		{
			"id": "left_horn_3",
			"parent": "left_horn_base",
			"boxes": [
				{
					"textureOffset": [36, 26],
					"coordinates": [-2.5, 7.5, -0.5, 1, 1, 1],
					"mirror": true
				}
			]
		},
		
		{
			"id": "body_c",
			"parent": "body",
			"texture": "tex.minotaurus02",
			"scale": [1.067, 1.067, 1.067],
			"position": [0, -23, 0]
		},
		{
			"id": "bodytop_cpm_dummy",
			"parent": "body_c",
			"position": [0, 23, 0]
		},
		{
			"id": "bodytop",
			"parent": "bodytop_cpm_dummy",
			"rotation": [0, -5, 0],
			"boxes": [
				{
					"textureOffset": [0, 16],
					"coordinates": [-2.5, -6, 1.5, 5, 6, 3]
				}
			]
		},
		{
			"id": "bodymiddle_cpm_dummy",
			"parent": "body_c",
			"position": [0, 23, 0]
		},
		{
			"id": "bodymiddle",
			"parent": "bodymiddle_cpm_dummy",
			"boxes": [
				{
					"textureOffset": [0, 25],
					"coordinates": [-2, -8.5, 0.5, 4, 3, 2]
				}
			]
		},
		{
			"id": "bodymiddlebutton",
			"parent": "bodymiddle",
			"boxes": [
				{
					"textureOffset": [0, 25],
					"coordinates": [-0.5, -8, -1.6, 1, 2, 0.001]
				}
			]
		},
		{
			"id": "bodybottom_cpm_dummy",
			"parent": "body_c",
			"position": [0, 23, 0]
		},
		{
			"id": "bodybottom",
			"parent": "bodybottom_cpm_dummy",
			"rotation": [0, 5, 0],
			"boxes": [
				{
					"textureOffset": [0, 30],
					"coordinates": [-3, -11, 0.5, 6, 3, 3]
				}
			]
		},
		{
			"id": "neck_cpm_dummy",
			"parent": "body_c",
			"position": [0, 23, 0]
		},
		{
			"id": "neck",
			"parent": "neck_cpm_dummy",
			"boxes": [
				{
					"textureOffset": [0, 12],
					"coordinates": [-1, -1, 1, 2, 2, 2]
				}
			]
		},
		{
			"id": "leftchest_cpm_dummy",
			"parent": "body_c",
			"position": [-1.3, 21, -1.5]
		},
		{
			"id": "leftchest",
			"parent": "leftchest_cpm_dummy",
			"rotation": [-10, 45, -5],
			"boxes": [
				{
					"textureOffset": [0, 36],
					"coordinates": [-1, -1, 1, 2, 2, 2],
					"mirror": true
				}
			]
		},
		{
			"id": "rightchest_cpm_dummy",
			"parent": "body_c",
			"position": [1.3, 21, -1.5]
		},
		{
			"id": "rightchest",
			"parent": "rightchest_cpm_dummy",
			"rotation": [10, 45, 5],
			"boxes": [
				{
					"textureOffset": [0, 36],
					"coordinates": [-1, -1, 1, 2, 2, 2]
				}
			]
		},
		{
			"id": "neck_ring_cpm_dummy",
			"parent": "body_c",
			"position": [0, 22.95, -1.5]
		},
		{
			"id": "neck_ring",
			"parent": "neck_ring_cpm_dummy",
			"rotation": [0, "-40 -if(speed_y==0,0,10) +if(speed_y>0,speed_y*20,speed_y*50)", 0],
			"boxes": [
				{
					"textureOffset": [36, 36],
					"coordinates": [-1.5, -2.99379, 0.75344, 3, 3, 1]
				}
			]
		},
		{
			"id": "waist_cpm_dummy",
			"parent": "body_c",
			"position": [0, 14.4, -0.3]
		},
		{
			"id": "waist",
			"parent": "waist_cpm_dummy",
			"rotation": [0, 5, 0],
			"boxes": [
				{
					"textureOffset": [64, 0],
					"coordinates": [-3.5, -2.95887, 2.0484, 7, 4, 4]
				}
			]
		},
		{
			"id": "tail_cpm_dummy",
			"parent": "body_c",
			"position": [0, 14, 2]
		},
		{
			"id": "tail",
			"parent": "tail_cpm_dummy",
			"rotation": ["if(is_sprinting,sin(age/2)*15,sin(age/8)*15)", "if(var.is_flying,10,23 +if(var.idle,0,25) -if(is_sneaking,20,0) +if(is_riding,30,0))", 0],
			"boxes": [
				{
					"textureOffset": [64, 8],
					"coordinates": [-1, -10, 0, 2, 10, 0.001]
				}
			]
		},
		
		{
			"id": "right_arm_c",
			"parent": "right_arm",
			"texture": "tex.minotaurus02",
			"scale": [1.067, 1.067, 1.067],
			"rotation": [0, 0, "if(is_first_person,0,5.86479)"],
			"boxes": [
				{
					"textureOffset": [16, 12],
					"coordinates": [0, -11, 1.5, 3, 12, 3]
				}
			]
		},
		{
			"id": "right_arm_shoulder",
			"parent": "right_arm_c",
			"boxes": [
				{
					"textureOffset": [36, 40],
					"coordinates": [-0.5, -2.5, 2, 4, 4, 4]
				}
			]
		},
		{
			"id": "right_arm_ring",
			"parent": "right_arm_c",
			"boxes": [
				{
					"textureOffset": [36, 48],
					"coordinates": [-0.5, -9, 2, 4, 1, 4]
				}
			]
		},
		
		{
			"id": "left_arm_c",
			"parent": "left_arm",
			"texture": "tex.minotaurus02",
			"scale": [1.067, 1.067, 1.067],
			"rotation": [0, 0, "if(is_first_person,0,-5.86479)"],
			"boxes": [
				{
					"textureOffset": [16, 36],
					"coordinates": [-3, -11, 1.5, 3, 12, 3]
				}
			]
		},
		{
			"id": "left_arm_shoulder",
			"parent": "left_arm_c",
			"boxes": [
				{
					"textureOffset": [36, 40],
					"coordinates": [-3.5, -2.5, 2, 4, 4, 4],
					"mirror": true
				}
			]
		},
		{
			"id": "left_arm_ring",
			"parent": "left_arm_c",
			"boxes": [
				{
					"textureOffset": [52, 48],
					"coordinates": [-3.5, -9, 2, 4, 1, 4]
				}
			]
		},
		
		{
			"id": "right_leg_c",
			"parent": "right_leg",
			"texture": "tex.minotaurus02",
			"scale": [1.067, 1.067, 1.067],
			"rotation": [0, "if(is_riding,-15,-10)", 0],
			"boxes": [
				{
					"textureOffset": [64, 18],
					"coordinates": [-1.5, -6, 2, 3, 7, 3]
				}
			]
		},
		{
			"id": "right_leg_bottom",
			"parent": "right_leg_c",
			"boxes": [
				{
					"textureOffset": [64, 28],
					"coordinates": [-2, -12, 4, 4, 8, 4]
				}
			]
		},
		{
			"id": "right_leg_hoof",
			"parent": "right_leg_c",
			"rotation": [0, 10, 0],
			"boxes": [
				{
					"textureOffset": [64, 40],
					"coordinates": [-2, -13, 1, 4, 2, 4]
				}
			]
		},
		
		{
			"id": "left_leg_c",
			"parent": "left_leg",
			"texture": "tex.minotaurus02",
			"scale": [1.067, 1.067, 1.067],
			"rotation": [0, "if(is_riding,-15,-10)", 0],
			"boxes": [
				{
					"textureOffset": [64, 18],
					"coordinates": [-1.5, -6, 2, 3, 7, 3]
				}
			]
		},
		{
			"id": "left_leg_bottom",
			"parent": "left_leg_c",
			"boxes": [
				{
					"textureOffset": [64, 28],
					"coordinates": [-2, -12, 4, 4, 8, 4]
				}
			]
		},
		{
			"id": "left_leg_hoof",
			"parent": "left_leg_c",
			"rotation": [0, 10, 0],
			"boxes": [
				{
					"textureOffset": [64, 40],
					"coordinates": [-2, -13, 1, 4, 2, 4]
				}
			]
		},
		
		{
			"id": "held_item_right_attach",
			"parent": "right_arm_c",
			"position": [1,-11,-1.8],
			"scale": [0.9,0.9,0.9],
			"attached": ["held_item_right"]
		},
		{
			"id": "held_item_left_attach",
			"parent": "left_arm_c",
			"attached": ["held_item_left"],
			"position": [-1,-11,-1.8],
			"scale": [0.9,0.9,0.9]
		},
		
		{
			"id": "helmet_attach",
			"parent": "head_c",
			"attached": ["helmet_all"],
			"position": [0,-0.2,-0.2],
			"scale": [0.75,0.75,0.75]
		},
		{
			"id": "head_wearing_attach",
			"parent": "head_c",
			"attached": ["head_wearing"],
			"position": [0,0,0],
			"scale": [0.75,0.75,0.75]
		},
		
		{
			"id": "shoulder_parrot_right_attach",
			"parent": "right_horn_2",
			"attached": ["shoulder_parrot_right"],
			"position": [3.5,7.02,-0.75]
		},
		{
			"id": "shoulder_parrot_left_attach",
			"parent": "left_horn_2",
			"attached": ["shoulder_parrot_left"],
			"position": [-3.5,7.02,-0.75]
		},
		
		{
			"id": "chestplate_body_attach",
			"parent": "bodytop_cpm_dummy",
			"attached": ["chestplate_body"],
			"position": [0,-1,0],
			"rotation": [0,-4,0],
			"scale": [0.57,0.67,0.57]
		},
		{
			"id": "chestplate_right_arm_attach",
			"parent": "right_arm_c",
			"attached": ["chestplate_right_arm"],
			"position": [1.25,0,0],
			"scale": [0.67,0.67,0.67]
		},
		{
			"id": "chestplate_left_arm_attach",
			"parent": "left_arm_c",
			"attached": ["chestplate_left_arm"],
			"position": [-1.25,0,0],
			"scale": [0.67,0.67,0.67]
		},
		{
			"id": "chestplate_right_breast_attach",
			"parent": "chestplate_body_attach",
			"attached": ["chestplate_right_arm"],
			"position": [1.5, -0.5, -4.55],
			"rotation": [10, 45, 5],
			"scale": [0.7,0.7,0.75]
		},
		{
			"id": "chestplate_left_breast_attach",
			"parent": "chestplate_body_attach",
			"attached": ["chestplate_left_arm"],
			"position": [-1.5, -0.5, -4.55],
			"rotation": [-10, 45, -5],
			"scale": [0.7,0.7,0.75]
		},
		
		{
			"id": "leggings_body_attach",
			"parent": "bodybottom_cpm_dummy",
			"attached": ["leggings_body"],
			"position": [0,-7,-1.5],
			"rotation": [0,5,0],
			"scale": [0.7,0.55,0.7]
		},
		
		{
			"id": "boots_right_leg_attach",
			"parent": "right_leg_c",
			"attached": ["boots_right_leg"],
			"scale": [0.55, 0.55, 0.55],
			"position": [0,5.75,1]
		},
		{
			"id": "boots_left_leg_attach",
			"parent": "left_leg_c",
			"attached": ["boots_left_leg"],
			"scale": [0.55, 0.55, 0.55],
			"position": [0,5.75,1]
		}
	]
}