{
    "id": 131,
    "name": "[1.14+] SlimeGirl (Grimoire of Gaia 3)",
    "version": "1.1.0",
    "author": "Model by Silentine, ported by V972",
    "desc": "Friendly Slimegirl model from the mod [Grimoire of Gaia 3](https://www.curseforge.com/minecraft/mc-mods/grimoire-of-gaia).\\r\\n\\r\\nOriginal model belongs to mod dev -- Silentine. **I take no credit for it!**\\r\\n\\r\\nModel supports all extra features (armor, parrots, headwear, etc.). Pigtails are hidden while wearing a pumpkin.\\r\\n\\r\\n**Note**: due to 1.14 change to pumpkins, there have to be 2 different model versions, for 1.12.2 and 1.14+\\r\\n\\r\\nThis one is for: **1.14+ | ** [1.12.2](http://cpmmod.top/model/129)\\r\\n\\r\\nPorted and uploaded [with developer\\'s permission](https://discordapp.com/channels/488774215961542666/488774215961542668/708450777311608854) (link to Discord message).\\r\\n\\r\\n* Fixed the texture ~~finally~~",
    "tags": "slimegirl; slime; monstergirl; monster; girl; grimoireofgaia; grimoireofgaia3; grimoire; gaia;",
    "likes": 92,
    "legacy": true
}