{
	"format_version": "1.10.0",
	"geometry.model": {
		"texturewidth": 256,
		"textureheight": 256,
		"visible_bounds_width": 3,
		"visible_bounds_height": 4,
		"visible_bounds_offset": [0, 2, 0],
		"bones": [
			{
				"name": "hat",
				"pivot": [0, 31, 0],
				"rotation": [-10, 0, 0]
			},
			{
				"name": "layer1",
				"parent": "hat",
				"pivot": [0, 30, 0]
			},
			{
				"name": "sector1",
				"parent": "layer1",
				"pivot": [0, 30, 0],
				"cubes": [
					{"origin": [-3, 30, 7], "size": [6, 1, 5], "uv": [0, 39]},
					{"origin": [-4, 30, 6], "size": [1, 1, 5], "uv": [12, 82]},
					{"origin": [-5, 30, 5], "size": [1, 1, 6], "uv": [0, 66]},
					{"origin": [-6, 30, 4], "size": [1, 1, 6], "uv": [28, 66]},
					{"origin": [-7, 30, 3], "size": [1, 1, 7], "uv": [32, 47]},
					{"origin": [-8, 30, 3], "size": [1, 1, 6], "uv": [14, 66]},
					{"origin": [-9, 30, 3], "size": [1, 1, 5], "uv": [0, 82]},
					{"origin": [-10, 30, 3], "size": [1, 1, 4], "uv": [72, 112]},
					{"origin": [-11, 30, 3], "size": [1, 1, 2], "uv": [84, 129]}
				]
			},
			{
				"name": "sector2",
				"parent": "layer1",
				"pivot": [0, 30, 0],
				"rotation": [0, -90, 0],
				"cubes": [
					{"origin": [-3, 30, 7], "size": [6, 1, 5], "uv": [66, 33]},
					{"origin": [-4, 30, 6], "size": [1, 1, 5], "uv": [60, 76]},
					{"origin": [-5, 30, 5], "size": [1, 1, 6], "uv": [98, 59]},
					{"origin": [-6, 30, 4], "size": [1, 1, 6], "uv": [84, 59]},
					{"origin": [-7, 30, 3], "size": [1, 1, 7], "uv": [16, 47]},
					{"origin": [-8, 30, 3], "size": [1, 1, 6], "uv": [70, 59]},
					{"origin": [-9, 30, 3], "size": [1, 1, 5], "uv": [48, 76]},
					{"origin": [-10, 30, 3], "size": [1, 1, 4], "uv": [42, 112]},
					{"origin": [-11, 30, 3], "size": [1, 1, 2], "uv": [6, 129]}
				]
			},
			{
				"name": "sector3",
				"parent": "layer1",
				"pivot": [0, 30, 0],
				"rotation": [0, 180, 0],
				"cubes": [
					{"origin": [-3, 30, 7], "size": [6, 1, 5], "uv": [66, 27]},
					{"origin": [-4, 30, 6], "size": [1, 1, 5], "uv": [36, 76]},
					{"origin": [-5, 30, 5], "size": [1, 1, 6], "uv": [56, 59]},
					{"origin": [-6, 30, 4], "size": [1, 1, 6], "uv": [42, 59]},
					{"origin": [-7, 30, 3], "size": [1, 1, 7], "uv": [0, 47]},
					{"origin": [-8, 30, 3], "size": [1, 1, 6], "uv": [28, 59]},
					{"origin": [-9, 30, 3], "size": [1, 1, 5], "uv": [24, 76]},
					{"origin": [-10, 30, 3], "size": [1, 1, 4], "uv": [32, 112]},
					{"origin": [-11, 30, 3], "size": [1, 1, 2], "uv": [0, 129]}
				]
			},
			{
				"name": "sector4",
				"parent": "layer1",
				"pivot": [0, 30, 0],
				"rotation": [0, 90, 0],
				"cubes": [
					{"origin": [-3, 30, 7], "size": [6, 1, 5], "uv": [44, 33]},
					{"origin": [-4, 30, 6], "size": [1, 1, 5], "uv": [12, 76]},
					{"origin": [-5, 30, 5], "size": [1, 1, 6], "uv": [14, 59]},
					{"origin": [-6, 30, 4], "size": [1, 1, 6], "uv": [0, 59]},
					{"origin": [-7, 30, 3], "size": [1, 1, 7], "uv": [94, 39]},
					{"origin": [-8, 30, 3], "size": [1, 1, 6], "uv": [88, 47]},
					{"origin": [-9, 30, 3], "size": [1, 1, 5], "uv": [0, 76]},
					{"origin": [-10, 30, 3], "size": [1, 1, 4], "uv": [22, 112]},
					{"origin": [-11, 30, 3], "size": [1, 1, 2], "uv": [78, 125]}
				]
			},
			{
				"name": "layer3",
				"parent": "hat",
				"pivot": [0, 32, 0]
			},
			{
				"name": "sector9",
				"parent": "layer3",
				"pivot": [0, 32, 0],
				"cubes": [
					{"origin": [-3, 31, 6], "size": [6, 1, 1], "uv": [74, 109]},
					{"origin": [-4, 31, 5], "size": [2, 1, 1], "uv": [46, 136]},
					{"origin": [-5, 31, 4], "size": [1, 1, 1], "uv": [56, 148]},
					{"origin": [-6, 31, 2], "size": [1, 1, 2], "uv": [78, 129]}
				]
			},
			{
				"name": "sector10",
				"parent": "layer3",
				"pivot": [0, 32, 0],
				"rotation": [0, -90, 0],
				"cubes": [
					{"origin": [-3, 31, 6], "size": [6, 1, 1], "uv": [74, 107]},
					{"origin": [-4, 31, 5], "size": [2, 1, 1], "uv": [46, 134]},
					{"origin": [-5, 31, 4], "size": [1, 1, 1], "uv": [52, 148]},
					{"origin": [-6, 31, 2], "size": [1, 1, 2], "uv": [72, 129]}
				]
			},
			{
				"name": "sector11",
				"parent": "layer3",
				"pivot": [0, 32, 0],
				"rotation": [0, 180, 0],
				"cubes": [
					{"origin": [-3, 31, 6], "size": [6, 1, 1], "uv": [60, 109]},
					{"origin": [-4, 31, 5], "size": [2, 1, 1], "uv": [40, 136]},
					{"origin": [-5, 31, 4], "size": [1, 1, 1], "uv": [48, 148]},
					{"origin": [-6, 31, 2], "size": [1, 1, 2], "uv": [66, 129]}
				]
			},
			{
				"name": "sector12",
				"parent": "layer3",
				"pivot": [0, 32, 0],
				"rotation": [0, 90, 0],
				"cubes": [
					{"origin": [-3, 31, 6], "size": [6, 1, 1], "uv": [60, 107]},
					{"origin": [-4, 31, 5], "size": [2, 1, 1], "uv": [40, 134]},
					{"origin": [-5, 31, 4], "size": [1, 1, 1], "uv": [44, 148]},
					{"origin": [-6, 31, 2], "size": [1, 1, 2], "uv": [60, 129]}
				]
			},
			{
				"name": "layer4",
				"parent": "hat",
				"pivot": [0, 33, 0]
			},
			{
				"name": "sector13",
				"parent": "layer4",
				"pivot": [0, 33, 0],
				"cubes": [
					{"origin": [-2, 32, 5], "size": [4, 1, 1], "uv": [30, 125]},
					{"origin": [-4, 32, 4], "size": [2, 1, 1], "uv": [34, 136]},
					{"origin": [-5, 32, 2], "size": [1, 1, 2], "uv": [54, 129]}
				]
			},
			{
				"name": "sector14",
				"parent": "layer4",
				"pivot": [0, 33, 0],
				"rotation": [0, -90, 0],
				"cubes": [
					{"origin": [-2, 32, 5], "size": [4, 1, 1], "uv": [20, 127]},
					{"origin": [-4, 32, 4], "size": [2, 1, 1], "uv": [34, 134]},
					{"origin": [-5, 32, 2.001], "size": [1, 1, 2], "uv": [48, 129]}
				]
			},
			{
				"name": "sector15",
				"parent": "layer4",
				"pivot": [0, 33, 0],
				"rotation": [0, 180, 0],
				"cubes": [
					{"origin": [-2, 32, 5], "size": [4, 1, 1], "uv": [20, 125]},
					{"origin": [-4.001, 32, 4], "size": [2, 1, 1], "uv": [28, 136]},
					{"origin": [-5, 32, 2], "size": [1, 1, 2], "uv": [42, 129]}
				]
			},
			{
				"name": "sector16",
				"parent": "layer4",
				"pivot": [0, 33, 0],
				"rotation": [0, 90, 0],
				"cubes": [
					{"origin": [-2, 32, 5], "size": [4, 1, 1], "uv": [10, 127]},
					{"origin": [-4, 32, 4], "size": [2, 1, 1], "uv": [28, 134]},
					{"origin": [-5, 32, 2], "size": [1, 1, 2], "uv": [36, 129]}
				]
			},
			{
				"name": "layer5",
				"parent": "hat",
				"pivot": [0, 34, 0]
			},
			{
				"name": "sector17",
				"parent": "layer5",
				"pivot": [0, 34, 0],
				"cubes": [
					{"origin": [-2, 33, 4], "size": [4, 1, 1], "uv": [10, 125]},
					{"origin": [-4.001, 33, 3.001], "size": [2, 2, 1], "uv": [30, 129]},
					{"origin": [-4.001, 33, 2.001], "size": [1, 2, 1], "uv": [40, 139]}
				]
			},
			{
				"name": "sector18",
				"parent": "layer5",
				"pivot": [0, 34, 0],
				"rotation": [0, -90, 0],
				"cubes": [
					{"origin": [-2, 33, 4], "size": [4, 2, 1], "uv": [70, 121]},
					{"origin": [-4.001, 33, 3.001], "size": [2, 2, 1], "uv": [24, 129]},
					{"origin": [-4.001, 33, 2.001], "size": [1, 2, 1], "uv": [36, 139]}
				]
			},
			{
				"name": "sector19",
				"parent": "layer5",
				"pivot": [0, 34, 0],
				"rotation": [0, 180, 0],
				"cubes": [
					{"origin": [-2, 33, 4], "size": [4, 2, 1], "uv": [60, 121]},
					{"origin": [-4.001, 33, 3.001], "size": [2, 2, 1], "uv": [18, 129]},
					{"origin": [-4.001, 33, 2.001], "size": [1, 2, 1], "uv": [32, 139]}
				]
			},
			{
				"name": "sector20",
				"parent": "layer5",
				"pivot": [0, 34, 0],
				"rotation": [0, 90, 0],
				"cubes": [
					{"origin": [-2, 33, 4], "size": [4, 2, 1], "uv": [50, 121]},
					{"origin": [-4.001, 33, 3.001], "size": [2, 2, 1], "uv": [12, 129]},
					{"origin": [-4.001, 33, 2.001], "size": [1, 2, 1], "uv": [28, 139]}
				]
			},
			{
				"name": "layer6",
				"parent": "hat",
				"pivot": [0, 36, 0]
			},
			{
				"name": "sector21",
				"parent": "layer6",
				"pivot": [0, 36, 0],
				"cubes": [
					{"origin": [-2, 34, 3], "size": [4, 2, 1], "uv": [40, 121]},
					{"origin": [-2, 36, 2], "size": [4, 1, 1], "uv": [80, 121]},
					{"origin": [-3, 35, 2], "size": [1, 2, 1], "uv": [24, 139]}
				]
			},
			{
				"name": "sector22",
				"parent": "layer6",
				"pivot": [0, 36, 0],
				"rotation": [0, -90, 0],
				"cubes": [
					{"origin": [-2, 35, 3], "size": [4, 2, 1], "uv": [30, 121]},
					{"origin": [-3, 35, 2], "size": [1, 2, 1], "uv": [20, 139]}
				]
			},
			{
				"name": "sector23",
				"parent": "layer6",
				"pivot": [0, 36, 0],
				"rotation": [0, 180, 0],
				"cubes": [
					{"origin": [-2, 35, 3], "size": [4, 2, 1], "uv": [20, 121]},
					{"origin": [-3, 35, 2], "size": [1, 2, 1], "uv": [16, 139]}
				]
			},
			{
				"name": "sector24",
				"parent": "layer6",
				"pivot": [0, 36, 0],
				"rotation": [0, 90, 0],
				"cubes": [
					{"origin": [-2, 35, 3], "size": [4, 2, 1], "uv": [10, 121]},
					{"origin": [-3, 35, 2], "size": [1, 2, 1], "uv": [12, 139]}
				]
			},
			{
				"name": "layer7",
				"parent": "hat",
				"pivot": [0, 37, 0],
				"cubes": [
					{"origin": [-2, 37, 2], "size": [4, 1, 1], "uv": [0, 127]},
					{"origin": [-2, 37, -3], "size": [4, 1, 1], "uv": [0, 125]},
					{"origin": [2, 37, -2], "size": [1, 1, 5], "uv": [96, 76]},
					{"origin": [-3, 37, -2], "size": [1, 1, 5], "uv": [84, 76]},
					{"origin": [-2, 37, 1], "size": [1, 1, 1], "uv": [40, 148]},
					{"origin": [1, 37, 1], "size": [1, 1, 1], "uv": [36, 148]},
					{"origin": [1, 37, -2], "size": [1, 1, 1], "uv": [32, 148]},
					{"origin": [-2, 37, -2], "size": [1, 1, 1], "uv": [28, 148]}
				]
			},
			{
				"name": "layer2",
				"parent": "hat",
				"pivot": [0, 37, 0],
				"cubes": [
					{"origin": [-2, 38, 3], "size": [4, 1, 1], "uv": [106, 121]},
					{"origin": [-2, 38, -2], "size": [4, 1, 2], "uv": [10, 112]},
					{"origin": [2, 38, -1], "size": [1, 1, 4], "uv": [0, 112]},
					{"origin": [-3, 38, -1], "size": [1, 1, 4], "uv": [88, 107]},
					{"origin": [-2, 38, 2], "size": [1, 1, 1], "uv": [24, 148]},
					{"origin": [1, 38, 2], "size": [1, 1, 1], "uv": [20, 148]},
					{"origin": [1, 38, 0], "size": [1, 1, 1], "uv": [16, 148]},
					{"origin": [-2, 38, 0], "size": [1, 1, 1], "uv": [12, 148]}
				]
			},
			{
				"name": "layer8",
				"parent": "hat",
				"pivot": [0, 38, 0],
				"cubes": [
					{"origin": [-1, 39, 2], "size": [2, 1, 3], "uv": [60, 117]},
					{"origin": [-1, 39, -1], "size": [2, 1, 2], "uv": [56, 125]},
					{"origin": [-2, 39, 0], "size": [1, 1, 4], "uv": [62, 112]},
					{"origin": [1, 39, 0], "size": [1, 1, 4], "uv": [52, 112]}
				]
			},
			{
				"name": "layer10",
				"parent": "hat",
				"pivot": [0, 38, 0],
				"cubes": [
					{"origin": [-1, 40, 4], "size": [2, 1, 2], "uv": [48, 125]},
					{"origin": [-1, 40, 1], "size": [2, 1, 2], "uv": [40, 125]},
					{"origin": [-2, 40, 2], "size": [1, 1, 3], "uv": [98, 121]},
					{"origin": [1, 40, 2], "size": [1, 1, 3], "uv": [90, 121]}
				]
			},
			{
				"name": "layer9",
				"parent": "hat",
				"pivot": [0, 39, 0],
				"cubes": [
					{"origin": [-1, 41, 3], "size": [2, 1, 5], "uv": [42, 66]},
					{"origin": [-1, 42, 5], "size": [1, 1, 5], "uv": [72, 76]}
				]
			},
			{
				"name": "layer_1",
				"parent": "hat",
				"pivot": [0, 2, 0]
			},
			{
				"name": "sector6",
				"parent": "layer_1",
				"pivot": [0, 2, 0]
			},
			{
				"name": "sector5",
				"parent": "sector6",
				"pivot": [0, 2, 0]
			},
			{
				"name": "sector",
				"parent": "sector5",
				"pivot": [0, 30, 0]
			},
			{
				"name": "bone",
				"parent": "sector",
				"pivot": [0, 30, 0],
				"rotation": [6, 0, 0],
				"cubes": [
					{"origin": [-1, 29.74, -11.05175], "size": [2, 1, 4], "uv": [24, 107]}
				]
			},
			{
				"name": "bone2",
				"parent": "sector",
				"pivot": [0, 30, 0],
				"rotation": [6, -10, 0],
				"cubes": [
					{"origin": [-1.02237, 29.74, -11.04981], "size": [2, 1, 4], "uv": [12, 107]}
				]
			},
			{
				"name": "sector7",
				"parent": "sector5",
				"pivot": [0, 30, 0],
				"rotation": [0, -20, 0]
			},
			{
				"name": "bone98",
				"parent": "sector7",
				"pivot": [0, 30, 0],
				"rotation": [6, 0, 0],
				"cubes": [
					{"origin": [-1.00249, 29.74, -11.05131], "size": [2, 1, 4], "uv": [0, 107]}
				]
			},
			{
				"name": "bone99",
				"parent": "sector7",
				"pivot": [0, 30, 0],
				"rotation": [6, -10, 0],
				"cubes": [
					{"origin": [-1.02476, 29.74, -11.04896], "size": [2, 1, 4], "uv": [96, 102]}
				]
			},
			{
				"name": "sector8",
				"parent": "sector6",
				"pivot": [0, 2, 0],
				"rotation": [0, -40, 0]
			},
			{
				"name": "sector25",
				"parent": "sector8",
				"pivot": [0, 30, 0]
			},
			{
				"name": "bone100",
				"parent": "sector25",
				"pivot": [0, 30, 0],
				"rotation": [6, 0, 0],
				"cubes": [
					{"origin": [-1.00469, 29.74001, -11.05006], "size": [2, 1, 4], "uv": [84, 102]}
				]
			},
			{
				"name": "bone101",
				"parent": "sector25",
				"pivot": [0, 30, 0],
				"rotation": [6, -10, 0],
				"cubes": [
					{"origin": [-1.02673, 29.74001, -11.04733], "size": [2, 1, 4], "uv": [72, 102]}
				]
			},
			{
				"name": "sector26",
				"parent": "sector8",
				"pivot": [0, 30, 0],
				"rotation": [0, -20, 0]
			},
			{
				"name": "bone102",
				"parent": "sector26",
				"pivot": [0, 30, 0],
				"rotation": [6, 0, 0],
				"cubes": [
					{"origin": [-1.00635, 29.74001, -11.04813], "size": [2, 1, 4], "uv": [60, 102]}
				]
			},
			{
				"name": "bone103",
				"parent": "sector26",
				"pivot": [0, 30, 0],
				"rotation": [6, -10, 0],
				"cubes": [
					{"origin": [-1.02805, 29.74001, -11.04513], "size": [2, 1, 4], "uv": [48, 102]}
				]
			},
			{
				"name": "sector27",
				"parent": "sector6",
				"pivot": [0, 2, 0],
				"rotation": [0, -80, 0]
			},
			{
				"name": "sector28",
				"parent": "sector27",
				"pivot": [0, 30, 0]
			},
			{
				"name": "bone104",
				"parent": "sector28",
				"pivot": [0, 30, 0],
				"rotation": [6, 0, 0],
				"cubes": [
					{"origin": [-1.00726, 29.74002, -11.04573], "size": [2, 1, 4], "uv": [36, 102]}
				]
			},
			{
				"name": "bone105",
				"parent": "sector28",
				"pivot": [0, 30, 0],
				"rotation": [6, -10, 0],
				"cubes": [
					{"origin": [-1.02854, 29.74002, -11.04259], "size": [2, 1, 4], "uv": [24, 102]}
				]
			},
			{
				"name": "sector29",
				"parent": "sector27",
				"pivot": [0, 30, 0],
				"rotation": [0, -20, 0]
			},
			{
				"name": "bone106",
				"parent": "sector29",
				"pivot": [0, 30, 0],
				"rotation": [6, 0, 0],
				"cubes": [
					{"origin": [-1.00731, 29.74002, -11.04315], "size": [2, 1, 4], "uv": [12, 102]}
				]
			},
			{
				"name": "bone107",
				"parent": "sector29",
				"pivot": [0, 30, 0],
				"rotation": [6, -10, 0],
				"cubes": [
					{"origin": [-1.02814, 29.74003, -11.04002], "size": [2, 1, 4], "uv": [0, 102]}
				]
			},
			{
				"name": "sector30",
				"parent": "layer_1",
				"pivot": [0, 2, 0],
				"rotation": [0, -120, 0]
			},
			{
				"name": "sector31",
				"parent": "sector30",
				"pivot": [0, 2, 0]
			},
			{
				"name": "sector32",
				"parent": "sector31",
				"pivot": [0, 30, 0]
			},
			{
				"name": "bone108",
				"parent": "sector32",
				"pivot": [0, 30, 0],
				"rotation": [6, 0, 0],
				"cubes": [
					{"origin": [-1.00647, 29.74003, -11.04069], "size": [2, 1, 4], "uv": [96, 97]}
				]
			},
			{
				"name": "bone109",
				"parent": "sector32",
				"pivot": [0, 30, 0],
				"rotation": [6, -10, 0],
				"cubes": [
					{"origin": [-1.02687, 29.74003, -11.03772], "size": [2, 1, 4], "uv": [84, 97]}
				]
			},
			{
				"name": "sector33",
				"parent": "sector31",
				"pivot": [0, 30, 0],
				"rotation": [0, -20, 0]
			},
			{
				"name": "bone110",
				"parent": "sector33",
				"pivot": [0, 30, 0],
				"rotation": [6, 0, 0],
				"cubes": [
					{"origin": [-1.00482, 29.74003, -11.03866], "size": [2, 1, 4], "uv": [72, 97]}
				]
			},
			{
				"name": "bone111",
				"parent": "sector33",
				"pivot": [0, 30, 0],
				"rotation": [6, -10, 0],
				"cubes": [
					{"origin": [-1.02489, 29.74004, -11.03601], "size": [2, 1, 4], "uv": [60, 97]}
				]
			},
			{
				"name": "sector34",
				"parent": "sector30",
				"pivot": [0, 2, 0],
				"rotation": [0, -40, 0]
			},
			{
				"name": "sector35",
				"parent": "sector34",
				"pivot": [0, 30, 0]
			},
			{
				"name": "bone112",
				"parent": "sector35",
				"pivot": [0, 30, 0],
				"rotation": [6, 0, 0],
				"cubes": [
					{"origin": [-1.00258, 29.74004, -11.03733], "size": [2, 1, 4], "uv": [48, 97]}
				]
			},
			{
				"name": "bone113",
				"parent": "sector35",
				"pivot": [0, 30, 0],
				"rotation": [6, -10, 0],
				"cubes": [
					{"origin": [-1.02242, 29.74004, -11.03509], "size": [2, 1, 4], "uv": [36, 97]}
				]
			},
			{
				"name": "sector36",
				"parent": "sector34",
				"pivot": [0, 30, 0],
				"rotation": [0, -20, 0]
			},
			{
				"name": "bone114",
				"parent": "sector36",
				"pivot": [0, 30, 0],
				"rotation": [6, 0, 0],
				"cubes": [
					{"origin": [-1, 29.74004, -11.03686], "size": [2, 1, 4], "uv": [24, 97]}
				]
			},
			{
				"name": "bone115",
				"parent": "sector36",
				"pivot": [0, 30, 0],
				"rotation": [6, -10, 0],
				"cubes": [
					{"origin": [-1.01979, 29.74004, -11.03509], "size": [2, 1, 4], "uv": [12, 97]}
				]
			},
			{
				"name": "sector37",
				"parent": "sector30",
				"pivot": [0, 2, 0],
				"rotation": [0, -80, 0]
			},
			{
				"name": "sector38",
				"parent": "sector37",
				"pivot": [0, 30, 0]
			},
			{
				"name": "bone116",
				"parent": "sector38",
				"pivot": [0, 30, 0],
				"rotation": [6, 0, 0],
				"cubes": [
					{"origin": [-0.99742, 29.74004, -11.03733], "size": [2, 1, 4], "uv": [0, 97]}
				]
			},
			{
				"name": "bone117",
				"parent": "sector38",
				"pivot": [0, 30, 0],
				"rotation": [6, -10, 0],
				"cubes": [
					{"origin": [-1.01733, 29.74004, -11.03601], "size": [2, 1, 4], "uv": [96, 92]}
				]
			},
			{
				"name": "sector39",
				"parent": "sector37",
				"pivot": [0, 30, 0],
				"rotation": [0, -20, 0]
			},
			{
				"name": "bone118",
				"parent": "sector39",
				"pivot": [0, 30, 0],
				"rotation": [6, 0, 0],
				"cubes": [
					{"origin": [-0.99518, 29.74003, -11.03866], "size": [2, 1, 4], "uv": [84, 92]}
				]
			},
			{
				"name": "bone119",
				"parent": "sector39",
				"pivot": [0, 30, 0],
				"rotation": [6, -10, 0],
				"cubes": [
					{"origin": [-1.01535, 29.74003, -11.03772], "size": [2, 1, 4], "uv": [72, 92]}
				]
			},
			{
				"name": "sector40",
				"parent": "layer_1",
				"pivot": [0, 2, 0],
				"rotation": [0, 120, 0]
			},
			{
				"name": "sector41",
				"parent": "sector40",
				"pivot": [0, 2, 0]
			},
			{
				"name": "sector42",
				"parent": "sector41",
				"pivot": [0, 30, 0]
			},
			{
				"name": "bone120",
				"parent": "sector42",
				"pivot": [0, 30, 0],
				"rotation": [6, 0, 0],
				"cubes": [
					{"origin": [-1.00647, 29.74003, -11.04069], "size": [2, 1, 4], "uv": [60, 92]}
				]
			},
			{
				"name": "bone121",
				"parent": "sector42",
				"pivot": [0, 30, 0],
				"rotation": [6, -10, 0],
				"cubes": [
					{"origin": [-1.02687, 29.74003, -11.03772], "size": [2, 1, 4], "uv": [48, 92]}
				]
			},
			{
				"name": "sector43",
				"parent": "sector41",
				"pivot": [0, 30, 0],
				"rotation": [0, -20, 0]
			},
			{
				"name": "bone122",
				"parent": "sector43",
				"pivot": [0, 30, 0],
				"rotation": [6, 0, 0],
				"cubes": [
					{"origin": [-1.00482, 29.74003, -11.03866], "size": [2, 1, 4], "uv": [36, 92]}
				]
			},
			{
				"name": "bone123",
				"parent": "sector43",
				"pivot": [0, 30, 0],
				"rotation": [6, -10, 0],
				"cubes": [
					{"origin": [-1.02489, 29.74004, -11.03601], "size": [2, 1, 4], "uv": [24, 92]}
				]
			},
			{
				"name": "sector44",
				"parent": "sector40",
				"pivot": [0, 2, 0],
				"rotation": [0, -40, 0]
			},
			{
				"name": "sector45",
				"parent": "sector44",
				"pivot": [0, 30, 0]
			},
			{
				"name": "bone124",
				"parent": "sector45",
				"pivot": [0, 30, 0],
				"rotation": [6, 0, 0],
				"cubes": [
					{"origin": [-1.00258, 29.74004, -11.03733], "size": [2, 1, 4], "uv": [12, 92]}
				]
			},
			{
				"name": "bone125",
				"parent": "sector45",
				"pivot": [0, 30, 0],
				"rotation": [6, -10, 0],
				"cubes": [
					{"origin": [-1.02242, 29.74004, -11.03509], "size": [2, 1, 4], "uv": [0, 92]}
				]
			},
			{
				"name": "sector46",
				"parent": "sector44",
				"pivot": [0, 30, 0],
				"rotation": [0, -20, 0]
			},
			{
				"name": "bone126",
				"parent": "sector46",
				"pivot": [0, 30, 0],
				"rotation": [6, 0, 0],
				"cubes": [
					{"origin": [-1, 29.74004, -11.03686], "size": [2, 1, 4], "uv": [56, 87]}
				]
			},
			{
				"name": "bone127",
				"parent": "sector46",
				"pivot": [0, 30, 0],
				"rotation": [6, -10, 0],
				"cubes": [
					{"origin": [-1.01979, 29.74004, -11.03509], "size": [2, 1, 4], "uv": [56, 82]}
				]
			},
			{
				"name": "sector47",
				"parent": "sector40",
				"pivot": [0, 2, 0],
				"rotation": [0, -80, 0]
			},
			{
				"name": "sector48",
				"parent": "sector47",
				"pivot": [0, 30, 0]
			},
			{
				"name": "bone128",
				"parent": "sector48",
				"pivot": [0, 30, 0],
				"rotation": [6, 0, 0],
				"cubes": [
					{"origin": [-0.99742, 29.74004, -11.03733], "size": [2, 1, 4], "uv": [44, 87]}
				]
			},
			{
				"name": "bone129",
				"parent": "sector48",
				"pivot": [0, 30, 0],
				"rotation": [6, -10, 0],
				"cubes": [
					{"origin": [-1.01733, 29.74004, -11.03601], "size": [2, 1, 4], "uv": [44, 82]}
				]
			},
			{
				"name": "sector49",
				"parent": "sector47",
				"pivot": [0, 30, 0],
				"rotation": [0, -20, 0]
			},
			{
				"name": "bone130",
				"parent": "sector49",
				"pivot": [0, 30, 0],
				"rotation": [6, 0, 0],
				"cubes": [
					{"origin": [-0.99518, 29.74003, -11.03866], "size": [2, 1, 4], "uv": [32, 87]}
				]
			},
			{
				"name": "bone131",
				"parent": "sector49",
				"pivot": [0, 30, 0],
				"rotation": [6, -10, 0],
				"cubes": [
					{"origin": [-1.01535, 29.74003, -11.03772], "size": [2, 1, 4], "uv": [32, 82]}
				]
			},
			{
				"name": "hatDecoration",
				"parent": "hat",
				"pivot": [0, 34, 0],
				"rotation": [0, -45, 0],
				"cubes": [
					{"origin": [-0.5, 33.15, -6.75], "size": [1, 3, 1], "uv": [24, 134]}
				]
			},
			{
				"name": "bone3",
				"parent": "hatDecoration",
				"pivot": [0, 34, -5],
				"rotation": [0, -25, -20],
				"cubes": [
					{"origin": [-4, 33, -6], "size": [4, 2, 1], "uv": [0, 121]}
				]
			},
			{
				"name": "bone4",
				"parent": "hatDecoration",
				"pivot": [0, 34, -5],
				"rotation": [0, -25, 20],
				"cubes": [
					{"origin": [-5.09566, 33.29001, -5.95539], "size": [5, 3, 1], "uv": [48, 107]}
				]
			},
			{
				"name": "bone5",
				"parent": "hatDecoration",
				"pivot": [0, 34, -5],
				"rotation": [0, 25, 20],
				"cubes": [
					{"origin": [0, 33, -6], "size": [4, 2, 1], "uv": [70, 117]}
				]
			},
			{
				"name": "bone6",
				"parent": "hatDecoration",
				"pivot": [0, 34, -5],
				"rotation": [0, 25, -20],
				"cubes": [
					{"origin": [0.09566, 33.29001, -5.95539], "size": [5, 3, 1], "uv": [36, 107]}
				]
			}
		]
	}
}