{
	"modelId": "houraisan_kaguya",
	"modelName": "Houraisan Kaguya",
	"version": "1.0.0",
	"author": "Succinum, ZeniCrow, Paulzzh, Tian_mi",
	"hide": ["model_all", "feature_all"],
	"skeleton": {
		"right_arm_all": [4, -0.66667, 0],
		"left_arm_all": [-4, -0.66667, 0]
	},
	"variables": {
		"left_arm_roll": "if(is_first_person,0,-25)",
		"right_arm_roll": "if(is_first_person,0,25)"
	},
	"bones": [
		{
			"id": "head_c",
			"parent": "head",
			"texture": "tex.houraisan_kaguya",
			"scale": [1.33333, 1.33333, 1.33333],
			"boxes": [
				{
					"textureOffset": [0, 0],
					"coordinates": [-4, 0, 4, 8, 8, 8]
				}
			]
		},
		{
			"id": "head_c_helmet_hat",
			"parent": "head_c",
			"attached": ["helmet_all", "head_wearing"]
		},
		{
			"id": "hair_cpm_dummy",
			"parent": "head_c",
			"position": [0, 0, 4]
		},
		{
			"id": "hair",
			"parent": "hair_cpm_dummy",
			"rotation": [0, 10, 0],
			"boxes": []
		},
		{
			"id": "h8",
			"parent": "hair",
			"boxes": [
				{
					"textureOffset": [74, 0],
					"coordinates": [3, -12, 0, 1, 12, 0.001]
				}
			]
		},
		{
			"id": "h7",
			"parent": "hair",
			"rotation": [0, 0.5, 0],
			"boxes": [
				{
					"textureOffset": [72, 0],
					"coordinates": [2, -12, 0, 1, 12, 0.001]
				}
			]
		},
		{
			"id": "h6",
			"parent": "hair",
			"rotation": [0, 1, 0],
			"boxes": [
				{
					"textureOffset": [70, 0],
					"coordinates": [1, -12, 0, 1, 12, 0.001]
				}
			]
		},
		{
			"id": "h5",
			"parent": "hair",
			"rotation": [0, 3, 0],
			"boxes": [
				{
					"textureOffset": [68, 0],
					"coordinates": [0, -12, 0, 1, 12, 0.001]
				}
			]
		},
		{
			"id": "h4",
			"parent": "hair",
			"rotation": [0, 1.5, 0],
			"boxes": [
				{
					"textureOffset": [66, 0],
					"coordinates": [-1, -12, 0, 1, 12, 0.001]
				}
			]
		},
		{
			"id": "h3",
			"parent": "hair",
			"rotation": [0, 2, 0],
			"boxes": [
				{
					"textureOffset": [64, 0],
					"coordinates": [-2, -12, 0, 1, 12, 0.001]
				}
			]
		},
		{
			"id": "h2",
			"parent": "hair",
			"rotation": [0, 1, 0],
			"boxes": [
				{
					"textureOffset": [62, 0],
					"coordinates": [-3, -12, 0, 1, 12, 0.001]
				}
			]
		},
		{
			"id": "h1",
			"parent": "hair",
			"boxes": [
				{
					"textureOffset": [60, 0],
					"coordinates": [-4, -12, 0, 1, 12, 0.001]
				}
			]
		},
		{
			"id": "hairLeft_cpm_dummy",
			"parent": "head_c",
			"position": [-4, 0, -3]
		},
		{
			"id": "hairLeft",
			"parent": "hairLeft_cpm_dummy",
			"rotation": [0, 0, -10],
			"boxes": []
		},
		{
			"id": "hairFrontLeft",
			"parent": "hairLeft",
			"rotation": [0, -5, 0],
			"boxes": [
				{
					"textureOffset": [48, 28],
					"coordinates": [0, -7, 0, 1, 7, 1]
				}
			]
		},
		{
			"id": "HL1",
			"parent": "hairLeft",
			"rotation": [0, 0, -2],
			"boxes": [
				{
					"textureOffset": [60, 0],
					"coordinates": [0, -11, 5, 0.001, 11, 1]
				}
			]
		},
		{
			"id": "HL2",
			"parent": "hairLeft",
			"rotation": [0, 0, -1.5],
			"boxes": [
				{
					"textureOffset": [62, 0],
					"coordinates": [0, -11, 6, 0.001, 11, 1]
				}
			]
		},
		{
			"id": "HL3",
			"parent": "hairLeft",
			"rotation": [0, 0, -1],
			"boxes": [
				{
					"textureOffset": [64, 0],
					"coordinates": [0, -11, 7, 0.001, 11, 1]
				}
			]
		},
		{
			"id": "hairRight_cpm_dummy",
			"parent": "head_c",
			"position": [4, 0, -3]
		},
		{
			"id": "hairRight",
			"parent": "hairRight_cpm_dummy",
			"rotation": [0, 0, 10],
			"boxes": []
		},
		{
			"id": "hairFrontRight",
			"parent": "hairRight",
			"rotation": [0, -5, 0],
			"boxes": [
				{
					"textureOffset": [50, 43],
					"coordinates": [-1, -7, 0, 1, 7, 1]
				}
			]
		},
		{
			"id": "HR1",
			"parent": "hairRight",
			"rotation": [0, 0, 2],
			"boxes": [
				{
					"textureOffset": [70, 0],
					"coordinates": [0, -11, 5, 0.001, 11, 1]
				}
			]
		},
		{
			"id": "HR2",
			"parent": "hairRight",
			"rotation": [0, 0, 1.5],
			"boxes": [
				{
					"textureOffset": [68, 0],
					"coordinates": [0, -11, 6, 0.001, 11, 1]
				}
			]
		},
		{
			"id": "HR3",
			"parent": "hairRight",
			"rotation": [0, 0, 1],
			"boxes": [
				{
					"textureOffset": [66, 0],
					"coordinates": [0, -11, 7, 0.001, 11, 1]
				}
			]
		},
		{
			"id": "right_arm_c",
			"parent": "right_arm",
			"texture": "tex.houraisan_kaguya",
			"scale": [1.33333, 1.33333, 1.33333],
			"rotation": [0, 0, "var.right_arm_roll"],
			"boxes": [
				{
					"textureOffset": [35, 48],
					"coordinates": [0, -8, 1, 2, 8, 2]
				}
			]
		},
		{
			"id": "right_arm_c_chestplate_right",
			"parent": "right_arm_c",
			"attached": ["chestplate_right_arm"],
			"position": [0, -2, 0],
			"scale": [0.75, 0.75, 0.75]
		},
		{
			"id": "right_arm_c_item_right",
			"parent": "right_arm_c",
			"attached": ["held_item_right"],
			"position": [1, -12, -1],
			"scale": [0.75, 0.75, 0.75]
		},
		{
			"id": "left_arm_c",
			"parent": "left_arm",
			"texture": "tex.houraisan_kaguya",
			"scale": [1.33333, 1.33333, 1.33333],
			"rotation": [0, 0, "var.left_arm_roll"],
			"boxes": [
				{
					"textureOffset": [26, 48],
					"coordinates": [-2, -8, 1, 2, 8, 2]
				}
			]
		},
		{
			"id": "left_arm_c_chestplate_left",
			"parent": "left_arm_c",
			"attached": ["chestplate_left_arm"],
			"position": [0, -2, 0],
			"scale": [0.75, 0.75, 0.75]
		},
		{
			"id": "left_arm_c_item_left",
			"parent": "left_arm_c",
			"attached": ["held_item_left"],
			"position": [-1, -12, -1],
			"scale": [0.75, 0.75, 0.75]
		},
		{
			"id": "body_c",
			"parent": "body",
			"texture": "tex.houraisan_kaguya",
			"scale": [1.33333, 1.33333, 1.33333],
			"boxes": [
				{
					"textureOffset": [33, 0],
					"coordinates": [-3, 1.5, 3, 6, 6, 6]
				},
				{
					"textureOffset": [0, 17],
					"coordinates": [-4, -1.5, 4, 8, 3, 8]
				},
				{
					"textureOffset": [0, 30],
					"coordinates": [-5, -8.5, 5, 10, 8, 10]
				},
				{
					"textureOffset": [26, 58],
					"coordinates": [-4, -3.5, 2, 8, 2, 4]
				}
			],
			"position": [0, -7.5, 0]
		},
		{
			"id": "body_c_chestplate_body",
			"parent": "body_c",
			"attached": ["armor_body_all"],
			"scale": [0.75, 0.75, 1.05],
			"position": [0, 10, 0]
		},
		{
			"id": "body_c_cape_elytra",
			"parent": "body_c_chestplate_body",
			"attached": ["cape", "elytra"],
			"texture": "tex.skin"
		},
		{
			"id": "body_c_parrot_left",
			"parent": "body_c",
			"attached": ["shoulder_parrot_left"],
			"position": [-6.5, 10, 0],
			"scale": [0.75, 0.75, 0.75]
		},
		{
			"id": "body_c_parrot_right",
			"parent": "body_c",
			"attached": ["shoulder_parrot_right"],
			"position": [6.5, 10, 0],
			"scale": [0.75, 0.75, 0.75]
		},
		{
			"id": "bone",
			"parent": "body_c",
			"boxes": [
				{
					"textureOffset": [34, 14],
					"coordinates": [1, 7, -2.5, 1, 1, 1]
				},
				{
					"textureOffset": [38, 14],
					"coordinates": [-2, 7, -2.5, 1, 1, 1]
				},
				{
					"textureOffset": [34, 19],
					"coordinates": [-1, 6.5, -2.5, 2, 1, 1]
				},
				{
					"textureOffset": [1, 4],
					"coordinates": [-0.375, 4.5, -2.25, 1, 2, 1]
				}
			]
		},
		{
			"id": "left_leg_c",
			"parent": "left_leg",
			"texture": "tex.houraisan_kaguya",
			"scale": [1.33333, 1.33333, 1.33333],
			"boxes": [
				{
					"textureOffset": [0, 48],
					"coordinates": [-1.5, -9, 1.5, 3, 9, 3]
				}
			]
		},
		{
			"id": "left_leg_c_legging_left",
			"parent": "left_leg_c",
			"attached": ["armor_left_leg_all"],
			"scale": [0.75, 0.75, 0.75]
		},
		{
			"id": "right_leg_c",
			"parent": "right_leg",
			"texture": "tex.houraisan_kaguya",
			"scale": [1.33333, 1.33333, 1.33333],
			"boxes": [
				{
					"textureOffset": [13, 48],
					"coordinates": [-1.5, -9, 1.5, 3, 9, 3]
				}
			]
		},
		{
			"id": "right_leg_c_legging_right",
			"parent": "right_leg_c",
			"attached": ["armor_right_leg_all"],
			"scale": [0.75, 0.75, 0.75]
		}
	]
}