{
	"format_version": "1.10.0",
	"geometry.model": {
		"texturewidth": 128,
		"textureheight": 128,
		"visible_bounds_width": 3,
		"visible_bounds_height": 3,
		"visible_bounds_offset": [0, 1.5, 0],
		"bones": [
			{
				"name": "head_c",
				"pivot": [0, 18, 0],
				"cubes": [
					{"origin": [-4, 18, -4], "size": [8, 8, 8], "uv": [36, 0]}
				]
			},
			{
				"name": "blink",
				"parent": "head_c",
				"pivot": [0, 0, 0],
				"cubes": [
					{"origin": [-4, 18, -4.001], "size": [8, 8, 0], "uv": [0, 27]}
				]
			},
			{
				"name": "les",
				"parent": "head_c",
				"pivot": [0, 18, 0],
				"cubes": [
					{"origin": [-4.5, 25.5, -1], "size": [9, 1, 1], "uv": [40, 27]},
					{"origin": [-2.5, 26, 0], "size": [5, 1, 0], "uv": [40, 42]},
					{"origin": [2.5, 25.75, -1], "size": [1, 1, 1], "uv": [12, 54]},
					{"origin": [0.5, 26, -1], "size": [1, 1, 1], "uv": [16, 54]},
					{"origin": [-1.5, 26, -1], "size": [1, 1, 1], "uv": [24, 54]},
					{"origin": [-3.5, 25.75, -1], "size": [1, 1, 1], "uv": [20, 54]},
					{"origin": [-4.75, 18.5, -1.001], "size": [1, 1, 1], "uv": [4, 54]},
					{"origin": [-5.25, 20.5, -1], "size": [2, 1, 1], "uv": [6, 49]},
					{"origin": [-5.25, 22.5, -1], "size": [2, 1, 1], "uv": [6, 51]},
					{"origin": [-5, 19.5, -0.001], "size": [1, 5, 0], "uv": [14, 49]},
					{"origin": [-4.75, 24.5, -1], "size": [1, 1, 1], "uv": [8, 54]},
					{"origin": [3.75, 18.5, -1.001], "size": [1, 1, 1], "uv": [36, 49]},
					{"origin": [3.25, 20.5, -1], "size": [2, 1, 1], "uv": [0, 49]},
					{"origin": [3.25, 22.5, -1], "size": [2, 1, 1], "uv": [0, 51]},
					{"origin": [4, 19.5, -0.001], "size": [1, 5, 0], "uv": [12, 49]},
					{"origin": [3.75, 24.5, -1], "size": [1, 1, 1], "uv": [0, 54]}
				]
			},
			{
				"name": "braidRight",
				"parent": "head_c",
				"pivot": [-4, 18, -4],
				"rotation": [-40, 45, 0]
			},
			{
				"name": "bone",
				"parent": "braidRight",
				"pivot": [-4, 7.84736, 11.90358],
				"rotation": [0, -135, 0],
				"cubes": [
					{"origin": [-14.24553, 15, 21.14911], "size": [1, 0.5, 1], "uv": [44, 0]},
					{"origin": [-15.24553, 17, 22.14911], "size": [1, 0.5, 1], "uv": [44, 0]},
					{"origin": [-16.24553, 19, 23.14911], "size": [1, 0.5, 1], "uv": [44, 0]},
					{"origin": [-14.49553, 15.5, 21.39911], "size": [1, 0.5, 1], "uv": [44, 0]},
					{"origin": [-15.49553, 17.5, 22.39911], "size": [1, 0.5, 1], "uv": [44, 0]},
					{"origin": [-16.49553, 19.5, 23.39911], "size": [1, 0.5, 1], "uv": [44, 0]},
					{"origin": [-14.74553, 16, 21.64911], "size": [1, 0.5, 1], "uv": [44, 0]},
					{"origin": [-15.74553, 18, 22.64911], "size": [1, 0.5, 1], "uv": [44, 0]},
					{"origin": [-16.74553, 20, 23.64911], "size": [1, 0.5, 1], "uv": [44, 0]},
					{"origin": [-14.99553, 16.5, 21.89911], "size": [1, 0.5, 1], "uv": [44, 0]},
					{"origin": [-15.99553, 18.5, 22.89911], "size": [1, 0.5, 1], "uv": [44, 0]},
					{"origin": [-16.99553, 20.5, 23.89911], "size": [1, 0.5, 1], "uv": [44, 0]}
				]
			},
			{
				"name": "braidLeft",
				"parent": "head_c",
				"pivot": [-4, 18, -4],
				"rotation": [-40, -45, 0]
			},
			{
				"name": "bone2",
				"parent": "braidLeft",
				"pivot": [-4, 7.84736, 11.90358],
				"rotation": [0, -135, 0],
				"cubes": [
					{"origin": [-21.30971, 11.36384, 20.21328], "size": [1, 0.5, 1], "uv": [45, 0]},
					{"origin": [-22.30971, 13.36384, 21.21328], "size": [1, 0.5, 1], "uv": [45, 0]},
					{"origin": [-23.30971, 15.36384, 22.21328], "size": [1, 0.5, 1], "uv": [45, 0]},
					{"origin": [-21.55971, 11.86384, 20.46328], "size": [1, 0.5, 1], "uv": [45, 0]},
					{"origin": [-22.55971, 13.86384, 21.46328], "size": [1, 0.5, 1], "uv": [45, 0]},
					{"origin": [-23.55971, 15.86384, 22.46328], "size": [1, 0.5, 1], "uv": [45, 0]},
					{"origin": [-21.80971, 12.36384, 20.71328], "size": [1, 0.5, 1], "uv": [45, 0]},
					{"origin": [-22.80971, 14.36384, 21.71328], "size": [1, 0.5, 1], "uv": [45, 0]},
					{"origin": [-23.80971, 16.36384, 22.71328], "size": [1, 0.5, 1], "uv": [45, 0]},
					{"origin": [-22.05971, 12.86384, 20.96328], "size": [1, 0.5, 1], "uv": [45, 0]},
					{"origin": [-23.05971, 14.86384, 21.96328], "size": [1, 0.5, 1], "uv": [45, 0]},
					{"origin": [-24.05971, 16.86384, 22.96328], "size": [1, 0.5, 1], "uv": [45, 0]}
				]
			},
			{
				"name": "decoration",
				"parent": "head_c",
				"pivot": [0, 10, 0],
				"rotation": [0, 45, 0]
			},
			{
				"name": "bone3",
				"parent": "decoration",
				"pivot": [0, 10, -10.5],
				"rotation": [0, 0, -10],
				"cubes": [
					{"origin": [0.11073, 16.29924, -7.07936], "size": [1, 1, 1], "uv": [16, 49]},
					{"origin": [1.11073, 15.29924, -6.57936], "size": [1, 1, 0], "uv": [38, 54]}
				]
			},
			{
				"name": "bone4",
				"parent": "decoration",
				"pivot": [0, 10, -10.5],
				"rotation": [0, 0, 10],
				"cubes": [
					{"origin": [-1.11073, 16.29924, -7.07936], "size": [1, 1, 1], "uv": [16, 49]},
					{"origin": [-2.11073, 15.29924, -6.57936], "size": [1, 1, 0], "uv": [38, 54]}
				]
			},
			{
				"name": "decoration2",
				"parent": "head_c",
				"pivot": [0, 10, 0],
				"rotation": [0, -45, 0]
			},
			{
				"name": "bone5",
				"parent": "decoration2",
				"pivot": [0, 10, -10.5],
				"rotation": [0, 0, -10],
				"cubes": [
					{"origin": [0.11073, 16.29924, -7.07936], "size": [1, 1, 1], "uv": [16, 49]},
					{"origin": [1.11073, 15.29924, -6.57936], "size": [1, 1, 0], "uv": [38, 54]}
				]
			},
			{
				"name": "bone6",
				"parent": "decoration2",
				"pivot": [0, 10, -10.5],
				"rotation": [0, 0, 10],
				"cubes": [
					{"origin": [-1.11073, 16.29924, -7.07936], "size": [1, 1, 1], "uv": [16, 49]},
					{"origin": [-2.11073, 15.29924, -6.57936], "size": [1, 1, 0], "uv": [38, 54]}
				]
			},
			{
				"name": "right_arm_c",
				"pivot": [-3, 17.5, 0],
				"cubes": [
					{"origin": [-5, 8.5, -1], "size": [2, 8, 2], "uv": [32, 39]},
					{"origin": [-5.5, 13.5, -1.5], "size": [3, 4, 3], "uv": [12, 39]}
				]
			},
			{
				"name": "left_arm_c",
				"pivot": [3, 17.5, 0],
				"cubes": [
					{"origin": [2.5, 13.5, -1.5], "size": [3, 4, 3], "uv": [0, 39]},
					{"origin": [3, 8.5, -1], "size": [2, 8, 2], "uv": [24, 39]}
				]
			},
			{
				"name": "body_c",
				"pivot": [0, 10.5, 0],
				"cubes": [
					{"origin": [-2.5, 13, -2.5], "size": [5, 5, 5], "uv": [52, 16]},
					{"origin": [-2.5, 10, -2.5], "size": [5, 3, 5], "uv": [52, 18]},
					{"origin": [-3, 12.999, -3], "size": [6, 5, 6], "uv": [28, 16]},
					{"origin": [-3, 9.999, -3], "size": [6, 3, 6], "uv": [52, 33]},
					{"origin": [-3.5, 9, -2], "size": [7, 2, 4], "uv": [72, 16], "inflate": -0.1}
				]
			},
			{
				"name": "sittingRotationSkirt",
				"parent": "body_c",
				"pivot": [0, 12, 0],
				"cubes": [
					{"origin": [-3.5, 10, -3.5], "size": [7, 3, 7], "uv": [0, 16]},
					{"origin": [-4, 7, -4], "size": [8, 3, 8], "uv": [68, 0]},
					{"origin": [-4.5, 4, -4.5], "size": [9, 3, 9], "uv": [0, 0]}
				]
			},
			{
				"name": "les2",
				"parent": "sittingRotationSkirt",
				"pivot": [0, 18, 0],
				"cubes": [
					{"origin": [-5, 4, 2.5], "size": [1, 1, 1], "uv": [16, 51]},
					{"origin": [4, 4, 2.5], "size": [1, 1, 1], "uv": [16, 51]},
					{"origin": [-5, 4, 0.5], "size": [1, 1, 1], "uv": [16, 51]},
					{"origin": [4, 4, 0.5], "size": [1, 1, 1], "uv": [16, 51]},
					{"origin": [-5, 4, -1.5], "size": [1, 1, 1], "uv": [16, 51]},
					{"origin": [4, 4, -1.5], "size": [1, 1, 1], "uv": [16, 51]},
					{"origin": [-5, 4, -3.5], "size": [1, 1, 1], "uv": [16, 51]},
					{"origin": [4, 4, -3.5], "size": [1, 1, 1], "uv": [16, 51]},
					{"origin": [-3.5, 4, -5], "size": [1, 1, 1], "uv": [16, 51]},
					{"origin": [-3.5, 4, 4], "size": [1, 1, 1], "uv": [16, 51]},
					{"origin": [-1.5, 4, -5], "size": [1, 1, 1], "uv": [16, 51]},
					{"origin": [-1.5, 4, 4], "size": [1, 1, 1], "uv": [16, 51]},
					{"origin": [0.5, 4, -5], "size": [1, 1, 1], "uv": [16, 51]},
					{"origin": [0.5, 4, 4], "size": [1, 1, 1], "uv": [16, 51]},
					{"origin": [2.5, 4, -5], "size": [1, 1, 1], "uv": [16, 51]},
					{"origin": [2.5, 4, 4], "size": [1, 1, 1], "uv": [16, 51]}
				]
			},
			{
				"name": "apron",
				"parent": "sittingRotationSkirt",
				"pivot": [0, 13, -3.5],
				"rotation": [-15, 0, 0],
				"cubes": [
					{"origin": [-3.5, 6, -3.501], "size": [7, 7, 0], "uv": [40, 29]},
					{"origin": [-3.5, 11, -4], "size": [1, 1, 1], "uv": [32, 51]},
					{"origin": [-3.5, 9, -4], "size": [1, 1, 1], "uv": [32, 51]},
					{"origin": [-3.5, 7, -4], "size": [1, 1, 1], "uv": [28, 49]},
					{"origin": [-2.5, 6, -4], "size": [1, 1, 1], "uv": [28, 49]},
					{"origin": [2.5, 7, -4], "size": [1, 1, 1], "uv": [24, 51]},
					{"origin": [1.5, 6, -4], "size": [1, 1, 1], "uv": [24, 51]},
					{"origin": [-0.5, 6, -4], "size": [1, 1, 1], "uv": [28, 51]},
					{"origin": [2.5, 9, -4], "size": [1, 1, 1], "uv": [32, 49]},
					{"origin": [2.5, 11, -4], "size": [1, 1, 1], "uv": [32, 49]}
				]
			},
			{
				"name": "les3",
				"parent": "body_c",
				"pivot": [0, 10.5, 0],
				"cubes": [
					{"origin": [-3.5, 17, -3], "size": [1, 1, 1], "uv": [24, 49]},
					{"origin": [-3.5, 15, -3], "size": [1, 1, 1], "uv": [20, 51]},
					{"origin": [-3.5, 13, -3], "size": [1, 1, 1], "uv": [20, 49]},
					{"origin": [-3.5, 14, -2], "size": [1, 3, 0], "uv": [36, 54]},
					{"origin": [-3.5, 14, 3], "size": [1, 3, 0], "uv": [36, 54]},
					{"origin": [-3.5, 13, 2], "size": [1, 1, 1], "uv": [20, 49]},
					{"origin": [-3.5, 15, 2], "size": [1, 1, 1], "uv": [20, 51]},
					{"origin": [-3.5, 17, 2], "size": [1, 1, 1], "uv": [24, 49]},
					{"origin": [2.5, 14, -2], "size": [1, 3, 0], "uv": [36, 54]},
					{"origin": [2.5, 13, -3], "size": [1, 1, 1], "uv": [20, 49]},
					{"origin": [2.5, 15, -3], "size": [1, 1, 1], "uv": [20, 51]},
					{"origin": [2.5, 17, -3], "size": [1, 1, 1], "uv": [24, 49]},
					{"origin": [2.5, 14, 3], "size": [1, 3, 0], "uv": [36, 54]},
					{"origin": [2.5, 13, 2], "size": [1, 1, 1], "uv": [20, 49]},
					{"origin": [2.5, 15, 2], "size": [1, 1, 1], "uv": [20, 51]},
					{"origin": [2.5, 17, 2], "size": [1, 1, 1], "uv": [24, 49]}
				]
			},
			{
				"name": "decoration3",
				"parent": "body_c",
				"pivot": [0, 18, 0]
			},
			{
				"name": "bone7",
				"parent": "decoration3",
				"pivot": [0, 18, 0],
				"rotation": [0, 0, 25],
				"cubes": [
					{"origin": [-2, 17, -3], "size": [2, 1, 1], "uv": [40, 47]}
				]
			},
			{
				"name": "bone8",
				"parent": "decoration3",
				"pivot": [0, 18, 0],
				"rotation": [0, 0, -25],
				"cubes": [
					{"origin": [0, 17, -3], "size": [2, 1, 1], "uv": [40, 47]}
				]
			},
			{
				"name": "bone9",
				"parent": "decoration3",
				"pivot": [0, 18, 0],
				"rotation": [-5, 0, -15],
				"cubes": [
					{"origin": [-0.5, 15, -2.7], "size": [1, 3, 0], "uv": [30, 54]}
				]
			},
			{
				"name": "bone10",
				"parent": "decoration3",
				"pivot": [0, 18, 0],
				"rotation": [-5, 0, 15],
				"cubes": [
					{"origin": [-0.5, 15, -2.7], "size": [1, 3, 0], "uv": [30, 54]}
				]
			},
			{
				"name": "decoration4",
				"parent": "body_c",
				"pivot": [0, 13, 3],
				"cubes": [
					{"origin": [-1, 11, 3.7], "size": [2, 3, 1], "uv": [40, 43]}
				]
			},
			{
				"name": "bone11",
				"parent": "decoration4",
				"pivot": [0, 13, 3],
				"rotation": [0, 20, 0]
			},
			{
				"name": "bone12",
				"parent": "bone11",
				"pivot": [0, 13, 3],
				"rotation": [0, 0, 20],
				"cubes": [
					{"origin": [-5, 12, 3], "size": [5, 2, 1], "uv": [40, 39]}
				]
			},
			{
				"name": "bone13",
				"parent": "bone11",
				"pivot": [0, 13, 3],
				"rotation": [0, 0, -3],
				"cubes": [
					{"origin": [-5, 12, 3], "size": [5, 2, 1], "uv": [40, 39]}
				]
			},
			{
				"name": "bone14",
				"parent": "decoration4",
				"pivot": [0, 13, 3],
				"rotation": [0, -20, 0]
			},
			{
				"name": "bone15",
				"parent": "bone14",
				"pivot": [0, 13, 3],
				"rotation": [0, 0, -20],
				"cubes": [
					{"origin": [0, 12, 3], "size": [5, 2, 1], "uv": [40, 39]}
				]
			},
			{
				"name": "bone16",
				"parent": "bone14",
				"pivot": [0, 13, 3],
				"rotation": [0, 0, 3],
				"cubes": [
					{"origin": [0, 12, 3], "size": [5, 2, 1], "uv": [40, 39]}
				]
			},
			{
				"name": "line",
				"parent": "decoration4",
				"pivot": [0, 13, 3],
				"rotation": [0, -45, -30]
			},
			{
				"name": "bone17",
				"parent": "line",
				"pivot": [0, 12, 4],
				"cubes": [
					{"origin": [0, 11, 4], "size": [0, 2, 1], "uv": [28, 54]}
				]
			},
			{
				"name": "bone18",
				"parent": "line",
				"pivot": [0, 12, 4],
				"rotation": [0, -15, 0],
				"cubes": [
					{"origin": [0.25882, 11, 4.96593], "size": [0, 2, 1], "uv": [28, 54]}
				]
			},
			{
				"name": "bone19",
				"parent": "line",
				"pivot": [0, 12, 4],
				"rotation": [0, -30, 0],
				"cubes": [
					{"origin": [0.75882, 11, 5.83195], "size": [0, 2, 1], "uv": [28, 54]}
				]
			},
			{
				"name": "bone20",
				"parent": "line",
				"pivot": [0, 12, 4],
				"rotation": [0, -45, 0],
				"cubes": [
					{"origin": [1.46593, 11, 6.53906], "size": [0, 2, 1], "uv": [28, 54]}
				]
			},
			{
				"name": "bone21",
				"parent": "line",
				"pivot": [0, 12, 4],
				"rotation": [0, -60, 0],
				"cubes": [
					{"origin": [2.33295, 11, 7.03906], "size": [0, 2, 1], "uv": [28, 54]}
				]
			},
			{
				"name": "bone22",
				"parent": "line",
				"pivot": [0, 12, 4],
				"rotation": [0, -75, 0],
				"cubes": [
					{"origin": [3.29984, 11, 7.29762], "size": [0, 2, 1], "uv": [28, 54]}
				]
			},
			{
				"name": "bone23",
				"parent": "line",
				"pivot": [0, 12, 4],
				"rotation": [0, -90, 0],
				"cubes": [
					{"origin": [4.30071, 11, 7.29712], "size": [0, 2, 1], "uv": [28, 54]}
				]
			},
			{
				"name": "bone24",
				"parent": "line",
				"pivot": [0, 12, 4],
				"rotation": [0, -105, 0],
				"cubes": [
					{"origin": [5.26634, 11, 7.03759], "size": [0, 2, 1], "uv": [28, 54]}
				]
			},
			{
				"name": "bone25",
				"parent": "line",
				"pivot": [0, 12, 4],
				"rotation": [0, -120, 0],
				"cubes": [
					{"origin": [6.1329, 11, 6.53698], "size": [0, 2, 1], "uv": [28, 54]}
				]
			},
			{
				"name": "line2",
				"parent": "decoration4",
				"pivot": [0, 13, 3],
				"rotation": [0, -45, -150]
			},
			{
				"name": "bone26",
				"parent": "line2",
				"pivot": [0, 14, 4],
				"cubes": [
					{"origin": [0, 13, 4], "size": [0, 2, 1], "uv": [28, 54]}
				]
			},
			{
				"name": "bone27",
				"parent": "line2",
				"pivot": [0, 14, 4],
				"rotation": [0, -15, 0],
				"cubes": [
					{"origin": [0.25882, 13, 4.96593], "size": [0, 2, 1], "uv": [28, 54]}
				]
			},
			{
				"name": "bone28",
				"parent": "line2",
				"pivot": [0, 14, 4],
				"rotation": [0, -30, 0],
				"cubes": [
					{"origin": [0.75882, 13, 5.83195], "size": [0, 2, 1], "uv": [28, 54]}
				]
			},
			{
				"name": "bone29",
				"parent": "line2",
				"pivot": [0, 14, 4],
				"rotation": [0, -45, 0],
				"cubes": [
					{"origin": [1.46593, 13, 6.53906], "size": [0, 2, 1], "uv": [28, 54]}
				]
			},
			{
				"name": "bone30",
				"parent": "line2",
				"pivot": [0, 14, 4],
				"rotation": [0, -60, 0],
				"cubes": [
					{"origin": [2.33295, 13, 7.03906], "size": [0, 2, 1], "uv": [28, 54]}
				]
			},
			{
				"name": "bone31",
				"parent": "line2",
				"pivot": [0, 14, 4],
				"rotation": [0, -75, 0],
				"cubes": [
					{"origin": [3.29984, 13, 7.29762], "size": [0, 2, 1], "uv": [28, 54]}
				]
			},
			{
				"name": "bone32",
				"parent": "line2",
				"pivot": [0, 14, 4],
				"rotation": [0, -90, 0],
				"cubes": [
					{"origin": [4.30071, 13, 7.29712], "size": [0, 2, 1], "uv": [28, 54]}
				]
			},
			{
				"name": "bone33",
				"parent": "line2",
				"pivot": [0, 14, 4],
				"rotation": [0, -105, 0],
				"cubes": [
					{"origin": [5.26634, 13, 7.03759], "size": [0, 2, 1], "uv": [28, 54]}
				]
			},
			{
				"name": "bone34",
				"parent": "line2",
				"pivot": [0, 14, 4],
				"rotation": [0, -120, 0],
				"cubes": [
					{"origin": [6.1329, 13, 6.53698], "size": [0, 2, 1], "uv": [28, 54]}
				]
			},
			{
				"name": "left_leg_c",
				"pivot": [1.75, 9, 0],
				"cubes": [
					{"origin": [0.25, 0, -1.5], "size": [3, 9, 3], "uv": [28, 27]}
				]
			},
			{
				"name": "right_leg_c",
				"pivot": [-1.75, 9, 0],
				"cubes": [
					{"origin": [-3.25, 0, -1.5], "size": [3, 9, 3], "uv": [16, 27]}
				]
			}
		]
	}
}