{
	"modelId": "defaultclassic",
	"modelName": "Default (Classic)",
	"hide": ["model_all", "feature_all"],
	"skeleton": {
		"head_all": [0, "if(is_sneaking,-1.0000,0.0000)", 0],
		"body_all": [0, 0, 0],
		"right_arm_all": [5, -2, 0],
		"left_arm_all": [-5, -2, 0],
		"right_leg_all": [1.9, -12, "if(is_sneaking,4.0000,0.0000)"],
		"left_leg_all": [-1.9, -12, "if(is_sneaking,4.0000,0.0000)"]
	},
	"eyeHeight": {
		"standing": 1.62,
		"dying": 1.62,
		"sneaking": 1.62
	},
	"boundingBox": {
		"standing": [0.6, 1.8],
		"dying": [0.6, 1.8],
		"sneaking": [0.6, 1.65]
	},
	"bones": [
		{
			"id": "head_c",
			"parent": "head",
			"boxes": [
				{
					"textureOffset": [0, 0],
					"coordinates": [-4, 0, 4, 8, 8, 8]
				},
				{
					"textureOffset": [32, 0],
					"coordinates": [-4, 0, 4, 8, 8, 8],
					"sizeAdd": 0.5
				}
			]
		},
		{
			"id": "head_c_helmet_hat",
			"parent": "head_c",
			"attached": ["helmet_all", "head_wearing"]
		},
		{
			"id": "body_c",
			"parent": "body",
			"boxes": [
				{
					"textureOffset": [16, 16],
					"coordinates": [-4, -12, 2, 8, 12, 4]
				},
				{
					"textureOffset": [16, 32],
					"coordinates": [-4, -12, 2, 8, 12, 4],
					"sizeAdd": 0.25
				}
			]
		},
		{
			"id": "body_c_chestplate_body",
			"parent": "body_c",
			"attached": ["armor_body_all"]
		},
		{
			"id": "body_c_cape_elytra",
			"parent": "body_c_chestplate_body",
			"attached": ["cape", "elytra"],
			"texture": "tex.skin"
		},
		{
			"id": "body_c_parrot_left",
			"parent": "body_c",
			"attached": ["shoulder_parrot_left"],
			"position": [-6.5, 10, 0]
		},
		{
			"id": "body_c_parrot_right",
			"parent": "body_c",
			"attached": ["shoulder_parrot_right"],
			"position": [6.5, 10, 0]
		},
		{
			"id": "right_arm_c",
			"parent": "right_arm",
			"boxes": [
				{
					"textureOffset": [40, 16],
					"coordinates": [-1, -10, 2, 4, 12, 4]
				},
				{
					"textureOffset": [40, 32],
					"coordinates": [-1, -10, 2, 4, 12, 4],
					"sizeAdd": 0.25
				}
			]
		},
		{
			"id": "right_arm_c_chestplate_right",
			"parent": "right_arm_c",
			"attached": ["chestplate_right_arm"],
			"position": [0, -2, 0]
		},
		{
			"id": "right_arm_c_item_right",
			"parent": "right_arm_c",
			"attached": ["held_item_right"],
			"position": [1, -12, -1]
		},
		{
			"id": "left_arm_c",
			"parent": "left_arm",
			"boxes": [
				{
					"textureOffset": [32, 48],
					"coordinates": [-3, -10, 2, 4, 12, 4]
				},
				{
					"textureOffset": [48, 48],
					"coordinates": [-3, -10, 2, 4, 12, 4],
					"sizeAdd": 0.25
				}
			]
		},
		{
			"id": "left_arm_c_chestplate_left",
			"parent": "left_arm_c",
			"attached": ["chestplate_left_arm"],
			"position": [0, -2, 0]
		},
		{
			"id": "left_arm_c_item_left",
			"parent": "left_arm_c",
			"attached": ["held_item_left"],
			"position": [-1, -12, -1]
		},
		{
			"id": "right_leg_c",
			"parent": "right_leg",
			"boxes": [
				{
					"textureOffset": [0, 16],
					"coordinates": [-2, -12, 2, 4, 12, 4]
				},
				{
					"textureOffset": [0, 32],
					"coordinates": [-2, -12, 2, 4, 12, 4],
					"sizeAdd": 0.25
				}
			]
		},
		{
			"id": "right_leg_c_legging_right",
			"parent": "right_leg_c",
			"attached": ["armor_right_leg_all"]
		},
		{
			"id": "left_leg_c",
			"parent": "left_leg",
			"boxes": [
				{
					"textureOffset": [16, 48],
					"coordinates": [-2, -12, 2, 4, 12, 4]
				},
				{
					"textureOffset": [0, 48],
					"coordinates": [-2, -12, 2, 4, 12, 4],
					"sizeAdd": 0.25
				}
			]
		},
		{
			"id": "left_leg_c_legging_left",
			"parent": "left_leg_c",
			"attached": ["armor_left_leg_all"]
		}
	]
}