{
	"format_version": "1.10.0",
	"geometry.model": {
		"texturewidth": 64,
		"textureheight": 64,
		"visible_bounds_width": 4,
		"visible_bounds_height": 3,
		"visible_bounds_offset": [0, 1.5, 0],
		"bones": [
			{
				"name": "head_c",
				"pivot": [0, 18, 0],
				"cubes": [
					{"origin": [-4, 18, -4], "size": [8, 8, 8], "uv": [0, 0]}
				]
			},
			{
				"name": "blink",
				"parent": "head_c",
				"pivot": [0, 18, 0],
				"cubes": [
					{"origin": [-4, 18, -4.001], "size": [8, 8, 0], "uv": [18, 42]}
				]
			},
			{
				"name": "ahoge",
				"parent": "head_c",
				"pivot": [0, 18, 0]
			},
			{
				"name": "hat",
				"parent": "head_c",
				"pivot": [0, 26, 0],
				"cubes": [
					{"origin": [-4, 26.001, -0.5], "size": [8, 0, 1], "uv": [23, 29]}
				]
			},
			{
				"name": "bone88",
				"parent": "hat",
				"pivot": [0, 26, 0],
				"cubes": [
					{"origin": [-1, 26, 1.7321], "size": [2, 1, 0], "uv": [0, 7]}
				]
			},
			{
				"name": "bone89",
				"parent": "bone88",
				"pivot": [0, 26, 0],
				"rotation": [60, 0, 0],
				"cubes": [
					{"origin": [-1, 24.99996, 1.73208], "size": [2, 1, 0], "uv": [0, 7]},
					{"origin": [-0.5, 25.99996, 1.73208], "size": [1, 1, 0], "uv": [6, 0]}
				]
			},
			{
				"name": "bone90",
				"parent": "hat",
				"pivot": [0, 26, 0],
				"rotation": [0, -60, 0],
				"cubes": [
					{"origin": [-1, 26, 1.7321], "size": [2, 1, 0], "uv": [0, 7]}
				]
			},
			{
				"name": "bone91",
				"parent": "bone90",
				"pivot": [0, 26, 0],
				"rotation": [60, 0, 0],
				"cubes": [
					{"origin": [-1, 24.99996, 1.73208], "size": [2, 1, 0], "uv": [0, 7]},
					{"origin": [-0.5, 25.99996, 1.73208], "size": [1, 1, 0], "uv": [6, 0]}
				]
			},
			{
				"name": "bone92",
				"parent": "hat",
				"pivot": [0, 26, 0],
				"rotation": [0, -120, 0],
				"cubes": [
					{"origin": [-1, 26, 1.7321], "size": [2, 1, 0], "uv": [0, 7]}
				]
			},
			{
				"name": "bone93",
				"parent": "bone92",
				"pivot": [0, 26, 0],
				"rotation": [60, 0, 0],
				"cubes": [
					{"origin": [-1, 24.99996, 1.73208], "size": [2, 1, 0], "uv": [0, 7]},
					{"origin": [-0.5, 25.99996, 1.73208], "size": [1, 1, 0], "uv": [6, 0]}
				]
			},
			{
				"name": "bone94",
				"parent": "hat",
				"pivot": [0, 26, 0],
				"rotation": [0, 180, 0],
				"cubes": [
					{"origin": [-1, 26, 1.7321], "size": [2, 1, 0], "uv": [0, 7]}
				]
			},
			{
				"name": "bone95",
				"parent": "bone94",
				"pivot": [0, 26, 0],
				"rotation": [60, 0, 0],
				"cubes": [
					{"origin": [-1, 24.99996, 1.73208], "size": [2, 1, 0], "uv": [0, 7]},
					{"origin": [-0.5, 25.99996, 1.73208], "size": [1, 1, 0], "uv": [6, 0]}
				]
			},
			{
				"name": "bone96",
				"parent": "hat",
				"pivot": [0, 26, 0],
				"rotation": [0, 120, 0],
				"cubes": [
					{"origin": [-1, 26, 1.7321], "size": [2, 1, 0], "uv": [0, 7]}
				]
			},
			{
				"name": "bone97",
				"parent": "bone96",
				"pivot": [0, 26, 0],
				"rotation": [60, 0, 0],
				"cubes": [
					{"origin": [-1, 24.99996, 1.73208], "size": [2, 1, 0], "uv": [0, 7]},
					{"origin": [-0.5, 25.99996, 1.73208], "size": [1, 1, 0], "uv": [6, 0]}
				]
			},
			{
				"name": "bone98",
				"parent": "hat",
				"pivot": [0, 26, 0],
				"rotation": [0, 60, 0],
				"cubes": [
					{"origin": [-1, 26, 1.7321], "size": [2, 1, 0], "uv": [0, 7]}
				]
			},
			{
				"name": "bone99",
				"parent": "bone98",
				"pivot": [0, 26, 0],
				"rotation": [60, 0, 0],
				"cubes": [
					{"origin": [-1, 24.99996, 1.73208], "size": [2, 1, 0], "uv": [0, 7]},
					{"origin": [-0.5, 25.99996, 1.73208], "size": [1, 1, 0], "uv": [6, 0]}
				]
			},
			{
				"name": "hatRight",
				"parent": "hat",
				"pivot": [0, 26, -0.5]
			},
			{
				"name": "bone100",
				"parent": "hatRight",
				"pivot": [0, 26, -0.5],
				"rotation": [0, 0, -45],
				"cubes": [
					{"origin": [-4.82772, 28.82913, -0.5], "size": [2, 0, 1], "uv": [0, 6], "mirror": true}
				]
			},
			{
				"name": "bone101",
				"parent": "hatRight",
				"pivot": [0, 26, -0.5],
				"rotation": [0, 0, 15],
				"cubes": [
					{"origin": [-5.86383, 19.23414, -1], "size": [2, 2, 2], "uv": [0, 0], "mirror": true},
					{"origin": [-4.86383, 21.23414, -0.5], "size": [0, 2, 1], "uv": [5, 5], "mirror": true}
				]
			},
			{
				"name": "bone102",
				"parent": "hatRight",
				"pivot": [-1, 22, -0.5],
				"rotation": [0, 0, 20],
				"cubes": [
					{"origin": [-6.86383, 15.23414, -1], "size": [2, 2, 2], "uv": [0, 0], "mirror": true},
					{"origin": [-6.30916, 17.18904, 0], "size": [1, 2, 0], "uv": [0, 0], "mirror": true}
				]
			},
			{
				"name": "bone103",
				"parent": "hatRight",
				"pivot": [-2, 18, -0.5],
				"rotation": [0, 0, 25],
				"cubes": [
					{"origin": [-7.86383, 11.23414, -1], "size": [2, 2, 2], "uv": [0, 0], "mirror": true},
					{"origin": [-7.30916, 13.18904, 0], "size": [1, 2, 0], "uv": [0, 0], "mirror": true}
				]
			},
			{
				"name": "hatLeft",
				"parent": "hat",
				"pivot": [0, 26, -0.5]
			},
			{
				"name": "bone104",
				"parent": "hatLeft",
				"pivot": [0, 26, -0.5],
				"rotation": [0, 0, 45],
				"cubes": [
					{"origin": [2.82772, 28.82913, -0.5], "size": [2, 0, 1], "uv": [0, 6]}
				]
			},
			{
				"name": "bone105",
				"parent": "hatLeft",
				"pivot": [0, 26, -0.5],
				"rotation": [0, 0, -15],
				"cubes": [
					{"origin": [3.86383, 19.23414, -1], "size": [2, 2, 2], "uv": [0, 0]},
					{"origin": [4.86383, 21.23414, -0.5], "size": [0, 2, 1], "uv": [5, 5]}
				]
			},
			{
				"name": "bone106",
				"parent": "hatLeft",
				"pivot": [1, 22, -0.5],
				"rotation": [0, 0, -20],
				"cubes": [
					{"origin": [4.86383, 15.23414, -1], "size": [2, 2, 2], "uv": [0, 0]},
					{"origin": [5.30916, 17.18904, 0], "size": [1, 2, 0], "uv": [0, 0]}
				]
			},
			{
				"name": "bone107",
				"parent": "hatLeft",
				"pivot": [2, 18, -0.5],
				"rotation": [0, 0, -25],
				"cubes": [
					{"origin": [5.86383, 11.23414, -1], "size": [2, 2, 2], "uv": [0, 0]},
					{"origin": [6.30916, 13.18904, 0], "size": [1, 2, 0], "uv": [0, 0]}
				]
			},
			{
				"name": "left_arm_c",
				"pivot": [3, 17.5, 0],
				"cubes": [
					{"origin": [3, 8.5, -1], "size": [2, 8, 2], "uv": [46, 46]},
					{"origin": [2.5, 14.5, -1.5], "size": [3, 3, 3], "uv": [44, 39]}
				]
			},
			{
				"name": "item",
				"parent": "left_arm_c",
				"pivot": [4, 8, 0],
				"rotation": [-35, 0, -67.5]
			},
			{
				"name": "fan",
				"parent": "item",
				"pivot": [4, 6, 0],
				"rotation": [0, 0, 180],
				"cubes": [
					{"origin": [2, 6, 0], "size": [4, 2, 0], "uv": [0, 4]},
					{"origin": [3.5, 8, 0], "size": [1, 3, 0], "uv": [6, 16]},
					{"origin": [3.5, 3, -0.5], "size": [1, 4, 1], "uv": [18, 57]}
				]
			},
			{
				"name": "bone11",
				"parent": "fan",
				"pivot": [3, 6, 0],
				"rotation": [0, 0, -45]
			},
			{
				"name": "bone12",
				"parent": "bone11",
				"pivot": [3, 6, 0],
				"cubes": [
					{"origin": [1.29289, 6.70711, -0.001], "size": [1, 1, 0], "uv": [6, 1], "mirror": true},
					{"origin": [2, 6, 0], "size": [1, 1, 0], "uv": [6, 1], "mirror": true}
				]
			},
			{
				"name": "bone57",
				"parent": "bone11",
				"pivot": [3, 6, 0],
				"rotation": [0, 0, -45],
				"cubes": [
					{"origin": [2.70711, 6.70711, 0], "size": [1, 1, 0], "uv": [6, 1], "mirror": true},
					{"origin": [2.29289, 6.70711, 0], "size": [1, 1, 0], "uv": [6, 1], "mirror": true}
				]
			},
			{
				"name": "bone85",
				"parent": "fan",
				"pivot": [5, 6, 0],
				"rotation": [0, 0, 45]
			},
			{
				"name": "bone86",
				"parent": "bone85",
				"pivot": [5, 6, 0],
				"cubes": [
					{"origin": [5.70711, 6.70711, -0.001], "size": [1, 1, 0], "uv": [6, 1]},
					{"origin": [5, 6, 0], "size": [1, 1, 0], "uv": [6, 1]}
				]
			},
			{
				"name": "bone87",
				"parent": "bone85",
				"pivot": [5, 6, 0],
				"rotation": [0, 0, 45],
				"cubes": [
					{"origin": [4.29289, 6.70711, 0], "size": [1, 1, 0], "uv": [6, 1]},
					{"origin": [4.70711, 6.70711, 0], "size": [1, 1, 0], "uv": [6, 1]}
				]
			},
			{
				"name": "bone58",
				"parent": "fan",
				"pivot": [3, 7, 0],
				"rotation": [0, 0, -30]
			},
			{
				"name": "bone59",
				"parent": "bone58",
				"pivot": [3, 7, 0],
				"cubes": [
					{"origin": [0.63397, 8.36603, 0], "size": [1, 1, 0], "uv": [6, 1], "mirror": true},
					{"origin": [2, 7, 0], "size": [1, 1, 0], "uv": [6, 1], "mirror": true}
				]
			},
			{
				"name": "bone60",
				"parent": "bone58",
				"pivot": [3, 7, 0],
				"rotation": [0, 0, 30],
				"cubes": [
					{"origin": [1.13397, 6.5, 0], "size": [1, 1, 0], "uv": [6, 1], "mirror": true},
					{"origin": [0.63397, 7.36603, 0], "size": [1, 1, 0], "uv": [6, 1], "mirror": true}
				]
			},
			{
				"name": "bone61",
				"parent": "bone58",
				"pivot": [3, 7, 0],
				"rotation": [0, 0, 60],
				"cubes": [
					{"origin": [1.13397, 6.5, 0], "size": [1, 1, 0], "uv": [6, 1], "mirror": true},
					{"origin": [0.63397, 5.63397, 0], "size": [1, 1, 0], "uv": [6, 1], "mirror": true}
				]
			},
			{
				"name": "bone81",
				"parent": "fan",
				"pivot": [5, 7, 0],
				"rotation": [0, 0, 30]
			},
			{
				"name": "bone82",
				"parent": "bone81",
				"pivot": [5, 7, 0],
				"cubes": [
					{"origin": [6.36603, 8.36603, 0], "size": [1, 1, 0], "uv": [6, 1]},
					{"origin": [5, 7, 0], "size": [1, 1, 0], "uv": [6, 1]}
				]
			},
			{
				"name": "bone83",
				"parent": "bone81",
				"pivot": [5, 7, 0],
				"rotation": [0, 0, -30],
				"cubes": [
					{"origin": [5.86603, 6.5, 0], "size": [1, 1, 0], "uv": [6, 1]},
					{"origin": [6.36603, 7.36603, 0], "size": [1, 1, 0], "uv": [6, 1]}
				]
			},
			{
				"name": "bone84",
				"parent": "bone81",
				"pivot": [5, 7, 0],
				"rotation": [0, 0, -60],
				"cubes": [
					{"origin": [5.86603, 6.5, 0], "size": [1, 1, 0], "uv": [6, 1]},
					{"origin": [6.36603, 5.63397, 0], "size": [1, 1, 0], "uv": [6, 1]}
				]
			},
			{
				"name": "bone13",
				"parent": "fan",
				"pivot": [4, 7, 0],
				"rotation": [0, 0, 5]
			},
			{
				"name": "bone62",
				"parent": "bone13",
				"pivot": [4, 7, 0],
				"cubes": [
					{"origin": [0.92687, 9.07313, 0], "size": [1, 1, 0], "uv": [6, 1], "mirror": true},
					{"origin": [3, 7, 0], "size": [1, 1, 0], "uv": [6, 1], "mirror": true}
				]
			},
			{
				"name": "bone68",
				"parent": "bone13",
				"pivot": [4, 7, 0],
				"cubes": [
					{"origin": [0.92687, 9.07313, 0], "size": [1, 1, 0], "uv": [6, 1], "mirror": true},
					{"origin": [3, 7, 0], "size": [1, 1, 0], "uv": [6, 1], "mirror": true}
				]
			},
			{
				"name": "bone67",
				"parent": "bone13",
				"pivot": [4, 7, 0],
				"cubes": [
					{"origin": [0.92687, 9.07313, 0], "size": [1, 1, 0], "uv": [6, 1], "mirror": true},
					{"origin": [3, 7, 0], "size": [1, 1, 0], "uv": [6, 1], "mirror": true}
				]
			},
			{
				"name": "bone63",
				"parent": "bone13",
				"pivot": [4, 7, 0],
				"rotation": [0, 0, 30],
				"cubes": [
					{"origin": [2.13397, 6.5, 0], "size": [1, 1, 0], "uv": [6, 1], "mirror": true},
					{"origin": [0.66805, 7.62484, 0], "size": [1, 1, 0], "uv": [6, 1], "mirror": true}
				]
			},
			{
				"name": "bone65",
				"parent": "bone13",
				"pivot": [4, 7, 0],
				"rotation": [0, 0, 45],
				"cubes": [
					{"origin": [1.32697, 6.03407, 0], "size": [1, 1, 0], "uv": [6, 1], "mirror": true},
					{"origin": [1.32697, 6.96593, 0], "size": [1, 1, 0], "uv": [6, 1], "mirror": true}
				]
			},
			{
				"name": "bone64",
				"parent": "bone13",
				"pivot": [4, 7, 0],
				"rotation": [0, 0, 60],
				"cubes": [
					{"origin": [2.13397, 6.5, 0], "size": [1, 1, 0], "uv": [6, 1], "mirror": true},
					{"origin": [0.66805, 5.37516, 0], "size": [1, 1, 0], "uv": [6, 1], "mirror": true}
				]
			},
			{
				"name": "bone70",
				"parent": "fan",
				"pivot": [4, 7, 0],
				"rotation": [0, 0, -5]
			},
			{
				"name": "bone71",
				"parent": "bone70",
				"pivot": [4, 7, 0],
				"cubes": [
					{"origin": [6.07313, 9.07313, 0], "size": [1, 1, 0], "uv": [6, 1]},
					{"origin": [4, 7, 0], "size": [1, 1, 0], "uv": [6, 1]}
				]
			},
			{
				"name": "bone76",
				"parent": "bone70",
				"pivot": [4, 7, 0],
				"cubes": [
					{"origin": [6.07313, 9.07313, 0], "size": [1, 1, 0], "uv": [6, 1]},
					{"origin": [4, 7, 0], "size": [1, 1, 0], "uv": [6, 1]}
				]
			},
			{
				"name": "bone77",
				"parent": "bone70",
				"pivot": [4, 7, 0],
				"cubes": [
					{"origin": [6.07313, 9.07313, 0], "size": [1, 1, 0], "uv": [6, 1]},
					{"origin": [4, 7, 0], "size": [1, 1, 0], "uv": [6, 1]}
				]
			},
			{
				"name": "bone78",
				"parent": "bone70",
				"pivot": [4, 7, 0],
				"rotation": [0, 0, -30],
				"cubes": [
					{"origin": [4.86603, 6.5, 0], "size": [1, 1, 0], "uv": [6, 1]},
					{"origin": [6.33195, 7.62484, 0], "size": [1, 1, 0], "uv": [6, 1]}
				]
			},
			{
				"name": "bone79",
				"parent": "bone70",
				"pivot": [4, 7, 0],
				"rotation": [0, 0, -45],
				"cubes": [
					{"origin": [5.67303, 6.03407, 0], "size": [1, 1, 0], "uv": [6, 1]},
					{"origin": [5.67303, 6.96593, 0], "size": [1, 1, 0], "uv": [6, 1]}
				]
			},
			{
				"name": "bone80",
				"parent": "bone70",
				"pivot": [4, 7, 0],
				"rotation": [0, 0, -60],
				"cubes": [
					{"origin": [4.86603, 6.5, 0], "size": [1, 1, 0], "uv": [6, 1]},
					{"origin": [6.33195, 5.37516, 0], "size": [1, 1, 0], "uv": [6, 1]}
				]
			},
			{
				"name": "bone66",
				"parent": "fan",
				"pivot": [4, 7, 0],
				"rotation": [0, 0, 45]
			},
			{
				"name": "bone69",
				"parent": "bone66",
				"pivot": [4, 7, 0],
				"cubes": [
					{"origin": [0.40923, 9.59077, 0], "size": [1, 1, 0], "uv": [6, 1], "mirror": true},
					{"origin": [3, 7, 0], "size": [1, 1, 0], "uv": [6, 1], "mirror": true}
				]
			},
			{
				"name": "bone72",
				"parent": "bone66",
				"pivot": [4, 7, 0],
				"rotation": [0, 0, 15],
				"cubes": [
					{"origin": [2.03407, 6.74118, 0], "size": [1, 1, 0], "uv": [6, 1], "mirror": true},
					{"origin": [0.56815, 8.79788, 0], "size": [1, 1, 0], "uv": [6, 1], "mirror": true}
				]
			},
			{
				"name": "bone73",
				"parent": "bone66",
				"pivot": [4, 7, 0],
				"rotation": [0, 0, 30],
				"cubes": [
					{"origin": [1.16805, 6.24118, 0], "size": [1, 1, 0], "uv": [6, 1], "mirror": true},
					{"origin": [0.92687, 8.07313, 0], "size": [1, 1, 0], "uv": [6, 1], "mirror": true}
				]
			},
			{
				"name": "bone74",
				"parent": "bone66",
				"pivot": [4, 7, 0],
				"rotation": [0, 0, 60],
				"cubes": [
					{"origin": [1.16805, 6.75882, -0.001], "size": [1, 1, 0], "uv": [6, 1], "mirror": true},
					{"origin": [0.92687, 4.92687, 0], "size": [1, 1, 0], "uv": [6, 1], "mirror": true}
				]
			},
			{
				"name": "bone75",
				"parent": "bone66",
				"pivot": [4, 7, 0],
				"rotation": [0, 0, 75],
				"cubes": [
					{"origin": [2.03407, 6.25882, -0.001], "size": [1, 1, 0], "uv": [6, 1], "mirror": true},
					{"origin": [0.56815, 4.20212, 0], "size": [1, 1, 0], "uv": [6, 1], "mirror": true}
				]
			},
			{
				"name": "right_arm_c",
				"pivot": [-3, 17.5, 0],
				"cubes": [
					{"origin": [-5, 8.5, -1], "size": [2, 8, 2], "uv": [46, 46]},
					{"origin": [-5.5, 14.5, -1.5], "size": [3, 3, 3], "uv": [42, 27]}
				]
			},
			{
				"name": "body_c",
				"pivot": [0, 10.5, 0],
				"cubes": [
					{"origin": [-3, 14, -3], "size": [6, 4, 6], "uv": [27, 10]},
					{"origin": [-2.5, 11.5, -2.5], "size": [5, 7, 5], "uv": [27, 30]},
					{"origin": [-2.5, 9.5, -2.5], "size": [5, 2, 5], "uv": [27, 30]},
					{"origin": [-3.5, 8, -2], "size": [7, 2, 4], "uv": [0, 35], "inflate": -0.1}
				]
			},
			{
				"name": "bone3",
				"parent": "body_c",
				"pivot": [0, 17, 0],
				"rotation": [0, 0, -65],
				"cubes": [
					{"origin": [-1, 17, -3.5], "size": [1, 3, 1], "uv": [18, 35], "mirror": true}
				]
			},
			{
				"name": "bone4",
				"parent": "body_c",
				"pivot": [0, 17, 0],
				"rotation": [0, 0, 65],
				"cubes": [
					{"origin": [0, 17, -3.5], "size": [1, 3, 1], "uv": [18, 35]}
				]
			},
			{
				"name": "bone",
				"parent": "body_c",
				"pivot": [0, 14, 0],
				"rotation": [0, 0, 10],
				"cubes": [
					{"origin": [-3, 11, -3.001], "size": [3, 3, 6], "uv": [0, 41], "mirror": true}
				]
			},
			{
				"name": "bone2",
				"parent": "body_c",
				"pivot": [0, 14, 0],
				"rotation": [0, 0, -10],
				"cubes": [
					{"origin": [0, 11, -3.001], "size": [3, 3, 6], "uv": [0, 41]}
				]
			},
			{
				"name": "decoration",
				"parent": "body_c",
				"pivot": [0, 10.5, 0]
			},
			{
				"name": "bone8",
				"parent": "decoration",
				"pivot": [0, 17, 0],
				"rotation": [0, 0, 53],
				"cubes": [
					{"origin": [-0.5501, 15.05126, -3.25], "size": [0.5, 1, 0], "uv": [9, 17], "mirror": true},
					{"origin": [-0.0501, 15.05126, -3.25], "size": [0.5, 0.5, 0], "uv": [9, 17], "mirror": true}
				]
			},
			{
				"name": "bone10",
				"parent": "decoration",
				"pivot": [0, 17, 0],
				"rotation": [0, 0, -53],
				"cubes": [
					{"origin": [0.0501, 15.05126, -3.25], "size": [0.5, 1, 0], "uv": [9, 17]},
					{"origin": [-0.4499, 15.05126, -3.25], "size": [0.5, 0.5, 0], "uv": [9, 17]}
				]
			},
			{
				"name": "bone9",
				"parent": "decoration",
				"pivot": [0, 17, 0],
				"rotation": [0, 0, 40],
				"cubes": [
					{"origin": [0, 15, -3.25], "size": [0.5, 2, 0], "uv": [9, 17], "mirror": true}
				]
			},
			{
				"name": "bone7",
				"parent": "decoration",
				"pivot": [0, 17, 0],
				"rotation": [0, 0, -40],
				"cubes": [
					{"origin": [-0.5, 15, -3.25], "size": [0.5, 2, 0], "uv": [9, 17]}
				]
			},
			{
				"name": "bone5",
				"parent": "decoration",
				"pivot": [0, 17, 0],
				"rotation": [0, 0, 5],
				"cubes": [
					{"origin": [-0.5, 14, -3.25], "size": [0.5, 3, 0], "uv": [9, 17], "mirror": true}
				]
			},
			{
				"name": "bone6",
				"parent": "decoration",
				"pivot": [0, 17, 0],
				"rotation": [0, 0, -5],
				"cubes": [
					{"origin": [0, 14, -3.25], "size": [0.5, 3, 0], "uv": [9, 17]}
				]
			},
			{
				"name": "sittingRotationSkirt",
				"parent": "body_c",
				"pivot": [0, 10.5, 0]
			},
			{
				"name": "skirt",
				"parent": "sittingRotationSkirt",
				"pivot": [-1, 0, -1],
				"cubes": [
					{"origin": [-3, 10.5, -3], "size": [6, 1, 6], "uv": [30, 20]},
					{"origin": [-3.5, 9.5, -3.5], "size": [7, 1, 7], "uv": [24, 0]},
					{"origin": [-4, 8.5, -4], "size": [8, 1, 8], "uv": [0, 26]},
					{"origin": [-4.5, 7.5, -4.5], "size": [9, 1, 9], "uv": [0, 16]}
				]
			},
			{
				"name": "lace3",
				"parent": "sittingRotationSkirt",
				"pivot": [0, 17.5, 0],
				"rotation": [0, 180, 0]
			},
			{
				"name": "lacePart3",
				"parent": "lace3",
				"pivot": [0, 8, 0],
				"rotation": [0, 0, 25],
				"cubes": [
					{"origin": [-2.83654, 4.76268, -3], "size": [0, 2, 7], "uv": [24, 20]},
					{"origin": [-3.83654, 4.76268, 2], "size": [1, 2, 1], "uv": [40, 27]},
					{"origin": [-3.83654, 4.76268, 0], "size": [1, 2, 1], "uv": [40, 27]},
					{"origin": [-3.83654, 4.76268, -2], "size": [1, 2, 1], "uv": [40, 27]},
					{"origin": [-3.83654, 4.76268, -4], "size": [1, 2, 1], "uv": [40, 27]}
				]
			},
			{
				"name": "lace4",
				"parent": "sittingRotationSkirt",
				"pivot": [0, 17.5, 0],
				"rotation": [0, 90, 0]
			},
			{
				"name": "lacePart4",
				"parent": "lace4",
				"pivot": [0, 8, 0],
				"rotation": [0, 0, 25],
				"cubes": [
					{"origin": [-2.83654, 4.76268, -3], "size": [0, 2, 7], "uv": [24, 20]},
					{"origin": [-3.83654, 4.76268, 2], "size": [1, 2, 1], "uv": [40, 27]},
					{"origin": [-3.83654, 4.76268, 0], "size": [1, 2, 1], "uv": [40, 27]},
					{"origin": [-3.83654, 4.76268, -2], "size": [1, 2, 1], "uv": [40, 27]},
					{"origin": [-3.83654, 4.76268, -4], "size": [1, 2, 1], "uv": [40, 27]}
				]
			},
			{
				"name": "lace2",
				"parent": "sittingRotationSkirt",
				"pivot": [0, 17.5, 0],
				"rotation": [0, -90, 0]
			},
			{
				"name": "lacePart2",
				"parent": "lace2",
				"pivot": [0, 8, 0],
				"rotation": [0, 0, 25],
				"cubes": [
					{"origin": [-2.83654, 4.76268, -3], "size": [0, 2, 7], "uv": [24, 20]},
					{"origin": [-3.83654, 4.76268, 2], "size": [1, 2, 1], "uv": [40, 27]},
					{"origin": [-3.83654, 4.76268, 0], "size": [1, 2, 1], "uv": [40, 27]},
					{"origin": [-3.83654, 4.76268, -2], "size": [1, 2, 1], "uv": [40, 27]},
					{"origin": [-3.83654, 4.76268, -4], "size": [1, 2, 1], "uv": [40, 27]}
				]
			},
			{
				"name": "lace1",
				"parent": "sittingRotationSkirt",
				"pivot": [0, 17.5, 0]
			},
			{
				"name": "lacePart1",
				"parent": "lace1",
				"pivot": [0, 8, 0],
				"rotation": [0, 0, 25],
				"cubes": [
					{"origin": [-2.83654, 4.76268, -3], "size": [0, 2, 7], "uv": [24, 20]},
					{"origin": [-3.83654, 4.76268, 2], "size": [1, 2, 1], "uv": [40, 27]},
					{"origin": [-3.83654, 4.76268, 0], "size": [1, 2, 1], "uv": [40, 27]},
					{"origin": [-3.83654, 4.76268, -2], "size": [1, 2, 1], "uv": [40, 27]},
					{"origin": [-3.83654, 4.76268, -4], "size": [1, 2, 1], "uv": [40, 27]}
				]
			},
			{
				"name": "wingRight",
				"parent": "body_c",
				"pivot": [-2, 15, 3],
				"rotation": [0, -60, 0]
			},
			{
				"name": "wingLayer1",
				"parent": "wingRight",
				"pivot": [-3, 16, 3],
				"cubes": [
					{"origin": [-3, 13, 3], "size": [1, 3, 1], "uv": [0, 35], "mirror": true}
				]
			},
			{
				"name": "bone14",
				"parent": "wingLayer1",
				"pivot": [-2, 5, 0],
				"rotation": [5, 0, 0],
				"cubes": [
					{"origin": [-3, 12.60952, 4.94349], "size": [1, 3, 1], "uv": [28, 30], "mirror": true}
				]
			},
			{
				"name": "bone15",
				"parent": "wingLayer1",
				"pivot": [-2, 5, 0],
				"rotation": [15, 0, 0],
				"cubes": [
					{"origin": [-3, 11.41626, 7.69552], "size": [1, 3, 1], "uv": [24, 30], "mirror": true}
				]
			},
			{
				"name": "bone16",
				"parent": "wingLayer1",
				"pivot": [-2, 5, 0],
				"rotation": [30, 0, 0],
				"cubes": [
					{"origin": [-3, 7.84484, 10.83634], "size": [1, 4, 1], "uv": [14, 57], "mirror": true}
				]
			},
			{
				"name": "bone17",
				"parent": "wingLayer1",
				"pivot": [-2, 5, 0],
				"rotation": [40, 0, 0],
				"cubes": [
					{"origin": [-3, 5.6855, 12.84511], "size": [1, 4, 1], "uv": [10, 57], "mirror": true}
				]
			},
			{
				"name": "bone18",
				"parent": "wingLayer1",
				"pivot": [-2, 5, 0],
				"rotation": [50, 0, 0],
				"cubes": [
					{"origin": [-3, 3.21013, 14.4484], "size": [1, 4, 1], "uv": [6, 57], "mirror": true}
				]
			},
			{
				"name": "bone19",
				"parent": "wingLayer1",
				"pivot": [-2, 5, 0],
				"rotation": [60, 0, 0],
				"cubes": [
					{"origin": [-3, -0.50603, 15.59749], "size": [1, 5, 1], "uv": [55, 32], "mirror": true}
				]
			},
			{
				"name": "bone20",
				"parent": "wingLayer1",
				"pivot": [-2, 5, 0],
				"rotation": [65, 0, 0],
				"cubes": [
					{"origin": [-3, -1.95067, 16.49023], "size": [1, 5, 1], "uv": [55, 12], "mirror": true}
				]
			},
			{
				"name": "bone21",
				"parent": "wingLayer1",
				"pivot": [-2, 5, 0],
				"rotation": [70, 0, 0],
				"cubes": [
					{"origin": [-3, -3.46762, 17.25366], "size": [1, 5, 1], "uv": [54, 45], "mirror": true}
				]
			},
			{
				"name": "bone22",
				"parent": "wingLayer1",
				"pivot": [-2, 5, 0],
				"rotation": [75, 0, 0],
				"cubes": [
					{"origin": [-3, -6.04534, 17.88198], "size": [1, 6, 1], "uv": [26, 50], "mirror": true}
				]
			},
			{
				"name": "bone23",
				"parent": "wingLayer1",
				"pivot": [-2, 5, 0],
				"rotation": [80, 0, 0],
				"cubes": [
					{"origin": [-3, -7.67181, 18.37039], "size": [1, 6, 1], "uv": [22, 50], "mirror": true}
				]
			},
			{
				"name": "bone24",
				"parent": "wingLayer1",
				"pivot": [-2, 5, 0],
				"rotation": [100, 0, 0],
				"cubes": [
					{"origin": [-3, -13.89452, 14.92032], "size": [1, 6, 1], "uv": [18, 50], "mirror": true}
				]
			},
			{
				"name": "wingLayer2",
				"parent": "wingRight",
				"pivot": [-3, 15, 3],
				"rotation": [-5, 0, 0],
				"cubes": [
					{"origin": [-2.5, 11, 3], "size": [1, 4, 1], "uv": [56, 38], "mirror": true}
				]
			},
			{
				"name": "bone25",
				"parent": "wingLayer2",
				"pivot": [-2, 3.74118, 0.03407],
				"rotation": [5, 0, 0],
				"cubes": [
					{"origin": [-2.5, 10.6115, 4.96618], "size": [1, 4, 1], "uv": [50, 56], "mirror": true}
				]
			},
			{
				"name": "bone26",
				"parent": "wingLayer2",
				"pivot": [-2, 3.74118, 0.03407],
				"rotation": [15, 0, 0],
				"cubes": [
					{"origin": [-2.5, 8.9163, 7.76367], "size": [1, 4, 1], "uv": [46, 56], "mirror": true}
				]
			},
			{
				"name": "bone27",
				"parent": "wingLayer2",
				"pivot": [-2, 3.74118, 0.03407],
				"rotation": [30, 0, 0],
				"cubes": [
					{"origin": [-2.5, 5.8272, 10.97031], "size": [1, 5, 1], "uv": [54, 26], "mirror": true}
				]
			},
			{
				"name": "bone28",
				"parent": "wingLayer2",
				"pivot": [-2, 3.74118, 0.03407],
				"rotation": [35, 0, 0],
				"cubes": [
					{"origin": [-2.5, 4.75993, 12.54248], "size": [1, 5, 1], "uv": [54, 20], "mirror": true}
				]
			},
			{
				"name": "bone29",
				"parent": "wingLayer2",
				"pivot": [-2, 3.74118, 0.03407],
				"rotation": [40, 0, 0],
				"cubes": [
					{"origin": [-2.5, 3.55969, 14.01564], "size": [1, 5, 1], "uv": [54, 54], "mirror": true}
				]
			},
			{
				"name": "bone30",
				"parent": "wingLayer2",
				"pivot": [-2, 3.74118, 0.03407],
				"rotation": [45, 0, 0],
				"cubes": [
					{"origin": [-2.5, 2.23562, 15.37859], "size": [1, 5, 1], "uv": [42, 54], "mirror": true}
				]
			},
			{
				"name": "bone31",
				"parent": "wingLayer2",
				"pivot": [-2, 3.74118, 0.03407],
				"rotation": [50, 0, 0],
				"cubes": [
					{"origin": [-2.5, 0.79781, 16.62096], "size": [1, 5, 1], "uv": [38, 54], "mirror": true}
				]
			},
			{
				"name": "bone32",
				"parent": "wingLayer2",
				"pivot": [-2, 3.74118, 0.03407],
				"rotation": [55, 0, 0],
				"cubes": [
					{"origin": [-2.5, -0.74282, 17.73328], "size": [1, 5, 1], "uv": [34, 54], "mirror": true}
				]
			},
			{
				"name": "bone33",
				"parent": "wingLayer2",
				"pivot": [-2, 3.74118, 0.03407],
				"rotation": [60, 0, 0],
				"cubes": [
					{"origin": [-2.5, -2.8745, 18.7071], "size": [1, 5, 1], "uv": [53, 6], "mirror": true}
				]
			},
			{
				"name": "bone34",
				"parent": "wingLayer2",
				"pivot": [-2, 3.74118, 0.03407],
				"rotation": [70, 0, 0],
				"cubes": [
					{"origin": [-2.5, -6.77376, 19.21448], "size": [1, 6, 1], "uv": [14, 50], "mirror": true}
				]
			},
			{
				"name": "bone35",
				"parent": "wingLayer2",
				"pivot": [-2, 3.74118, 0.03407],
				"rotation": [75, 0, 0],
				"cubes": [
					{"origin": [-2.5, -8.51541, 19.74419], "size": [1, 6, 1], "uv": [10, 50], "mirror": true}
				]
			},
			{
				"name": "bone36",
				"parent": "wingLayer2",
				"pivot": [-2, 3.74118, 0.03407],
				"rotation": [80, 0, 0],
				"cubes": [
					{"origin": [-2.5, -10.29661, 20.12008], "size": [1, 6, 1], "uv": [6, 50], "mirror": true}
				]
			},
			{
				"name": "bone39",
				"parent": "wingLayer2",
				"pivot": [-2, 3.74118, 0.03407],
				"rotation": [83, 0, 0],
				"cubes": [
					{"origin": [-2.5, -11.38915, 20.67052], "size": [1, 6, 1], "uv": [49, 8], "mirror": true}
				]
			},
			{
				"name": "bone37",
				"parent": "wingLayer2",
				"pivot": [-2, 3.74118, 0.03407],
				"rotation": [95, 0, 0],
				"cubes": [
					{"origin": [-2.5, -15.48019, 18.32126], "size": [1, 6, 1], "uv": [49, 0], "mirror": true}
				]
			},
			{
				"name": "bone38",
				"parent": "wingLayer2",
				"pivot": [-2, 3.74118, 0.03407],
				"rotation": [110, 0, 0],
				"cubes": [
					{"origin": [-2.5, -20.02157, 14.24212], "size": [1, 6, 1], "uv": [45, 8], "mirror": true}
				]
			},
			{
				"name": "wingLayer3",
				"parent": "wingRight",
				"pivot": [-2, 14, 3],
				"rotation": [-15, 0, 0],
				"cubes": [
					{"origin": [-2, 10, 3], "size": [1, 4, 1], "uv": [29, 56], "mirror": true}
				]
			},
			{
				"name": "bone40",
				"parent": "wingLayer3",
				"pivot": [-1, 2.74118, 0.03407],
				"rotation": [5, 0, 0],
				"cubes": [
					{"origin": [-2, 9.6115, 4.96618], "size": [1, 4, 1], "uv": [31, 20], "mirror": true}
				]
			},
			{
				"name": "bone41",
				"parent": "wingLayer3",
				"pivot": [-1, 2.74118, 0.03407],
				"rotation": [15, 0, 0],
				"cubes": [
					{"origin": [-2, 7.9163, 7.76367], "size": [1, 4, 1], "uv": [27, 20], "mirror": true}
				]
			},
			{
				"name": "bone42",
				"parent": "wingLayer3",
				"pivot": [-1, 2.74118, 0.03407],
				"rotation": [25, 0, 0],
				"cubes": [
					{"origin": [-2, 5.7534, 10.31111], "size": [1, 5, 1], "uv": [53, 0], "mirror": true}
				]
			},
			{
				"name": "bone43",
				"parent": "wingLayer3",
				"pivot": [-1, 2.74118, 0.03407],
				"rotation": [30, 0, 0],
				"cubes": [
					{"origin": [-2, 4.74005, 11.9665], "size": [1, 5, 1], "uv": [51, 33], "mirror": true}
				]
			},
			{
				"name": "bone44",
				"parent": "wingLayer3",
				"pivot": [-1, 2.74118, 0.03407],
				"rotation": [35, 0, 0],
				"cubes": [
					{"origin": [-2, 3.58628, 13.52728], "size": [1, 5, 1], "uv": [51, 15], "mirror": true}
				]
			},
			{
				"name": "bone45",
				"parent": "wingLayer3",
				"pivot": [-1, 2.74118, 0.03407],
				"rotation": [40, 0, 0],
				"cubes": [
					{"origin": [-2, 2.30087, 14.98157], "size": [1, 5, 1], "uv": [30, 50], "mirror": true}
				]
			},
			{
				"name": "bone46",
				"parent": "wingLayer3",
				"pivot": [-1, 2.74118, 0.03407],
				"rotation": [45, 0, 0],
				"cubes": [
					{"origin": [-2, 0.8936, 16.31829], "size": [1, 5, 1], "uv": [48, 20], "mirror": true}
				]
			},
			{
				"name": "bone47",
				"parent": "wingLayer3",
				"pivot": [-1, 2.74118, 0.03407],
				"rotation": [50, 0, 0],
				"cubes": [
					{"origin": [-2, -0.62481, 17.52727], "size": [1, 5, 1], "uv": [47, 33], "mirror": true}
				]
			},
			{
				"name": "bone48",
				"parent": "wingLayer3",
				"pivot": [-1, 2.74118, 0.03407],
				"rotation": [55, 0, 0],
				"cubes": [
					{"origin": [-2, -2.24282, 18.59931], "size": [1, 5, 1], "uv": [12, 41], "mirror": true}
				]
			},
			{
				"name": "bone49",
				"parent": "wingLayer3",
				"pivot": [-1, 2.74118, 0.03407],
				"rotation": [60, 0, 0],
				"cubes": [
					{"origin": [-2, -4.4481, 19.52625], "size": [1, 5, 1], "uv": [0, 41], "mirror": true}
				]
			},
			{
				"name": "bone50",
				"parent": "wingLayer3",
				"pivot": [-1, 2.74118, 0.03407],
				"rotation": [65, 0, 0],
				"cubes": [
					{"origin": [-2, -6.72768, 20.30104], "size": [1, 6, 1], "uv": [45, 0], "mirror": true}
				]
			},
			{
				"name": "bone51",
				"parent": "wingLayer3",
				"pivot": [-1, 2.74118, 0.03407],
				"rotation": [70, 0, 0],
				"cubes": [
					{"origin": [-2, -8.56802, 20.91778], "size": [1, 6, 1], "uv": [22, 35], "mirror": true}
				]
			},
			{
				"name": "bone52",
				"parent": "wingLayer3",
				"pivot": [-1, 2.74118, 0.03407],
				"rotation": [75, 0, 0],
				"cubes": [
					{"origin": [-2, -10.45511, 21.37178], "size": [1, 6, 1], "uv": [4, 26], "mirror": true}
				]
			},
			{
				"name": "bone53",
				"parent": "wingLayer3",
				"pivot": [-1, 2.74118, 0.03407],
				"rotation": [85, 0, 0],
				"cubes": [
					{"origin": [-2, -14.22468, 20.7828], "size": [1, 6, 1], "uv": [0, 26], "mirror": true}
				]
			},
			{
				"name": "bone54",
				"parent": "wingLayer3",
				"pivot": [-1, 2.74118, 0.03407],
				"rotation": [95, 0, 0],
				"cubes": [
					{"origin": [-2, -18.5347, 19.54818], "size": [1, 6, 1], "uv": [24, 0], "mirror": true}
				]
			},
			{
				"name": "bone55",
				"parent": "wingLayer3",
				"pivot": [-1, 2.74118, 0.03407],
				"rotation": [110, 0, 0],
				"cubes": [
					{"origin": [-2, -23.64749, 15.07666], "size": [1, 7, 2], "uv": [0, 50], "mirror": true}
				]
			},
			{
				"name": "bone56",
				"parent": "wingLayer3",
				"pivot": [-1, 2.74118, 0.03407],
				"rotation": [125, 0, 0],
				"cubes": [
					{"origin": [-2, -27.39779, 10.47779], "size": [1, 7, 2], "uv": [0, 16], "mirror": true}
				]
			},
			{
				"name": "wingLeft",
				"parent": "body_c",
				"pivot": [2, 15, 3],
				"rotation": [0, 60, 0]
			},
			{
				"name": "wingLayer4",
				"parent": "wingLeft",
				"pivot": [3, 16, 3],
				"cubes": [
					{"origin": [2, 13, 3], "size": [1, 3, 1], "uv": [0, 35]}
				]
			},
			{
				"name": "bone108",
				"parent": "wingLayer4",
				"pivot": [2, 5, 0],
				"rotation": [5, 0, 0],
				"cubes": [
					{"origin": [2, 12.60952, 4.94349], "size": [1, 3, 1], "uv": [28, 30]}
				]
			},
			{
				"name": "bone109",
				"parent": "wingLayer4",
				"pivot": [2, 5, 0],
				"rotation": [15, 0, 0],
				"cubes": [
					{"origin": [2, 11.41626, 7.69552], "size": [1, 3, 1], "uv": [24, 30]}
				]
			},
			{
				"name": "bone110",
				"parent": "wingLayer4",
				"pivot": [2, 5, 0],
				"rotation": [30, 0, 0],
				"cubes": [
					{"origin": [2, 7.84484, 10.83634], "size": [1, 4, 1], "uv": [14, 57]}
				]
			},
			{
				"name": "bone111",
				"parent": "wingLayer4",
				"pivot": [2, 5, 0],
				"rotation": [40, 0, 0],
				"cubes": [
					{"origin": [2, 5.6855, 12.84511], "size": [1, 4, 1], "uv": [10, 57]}
				]
			},
			{
				"name": "bone112",
				"parent": "wingLayer4",
				"pivot": [2, 5, 0],
				"rotation": [50, 0, 0],
				"cubes": [
					{"origin": [2, 3.21013, 14.4484], "size": [1, 4, 1], "uv": [6, 57]}
				]
			},
			{
				"name": "bone113",
				"parent": "wingLayer4",
				"pivot": [2, 5, 0],
				"rotation": [60, 0, 0],
				"cubes": [
					{"origin": [2, -0.50603, 15.59749], "size": [1, 5, 1], "uv": [55, 32]}
				]
			},
			{
				"name": "bone114",
				"parent": "wingLayer4",
				"pivot": [2, 5, 0],
				"rotation": [65, 0, 0],
				"cubes": [
					{"origin": [2, -1.95067, 16.49023], "size": [1, 5, 1], "uv": [55, 12]}
				]
			},
			{
				"name": "bone115",
				"parent": "wingLayer4",
				"pivot": [2, 5, 0],
				"rotation": [70, 0, 0],
				"cubes": [
					{"origin": [2, -3.46762, 17.25366], "size": [1, 5, 1], "uv": [54, 45]}
				]
			},
			{
				"name": "bone116",
				"parent": "wingLayer4",
				"pivot": [2, 5, 0],
				"rotation": [75, 0, 0],
				"cubes": [
					{"origin": [2, -6.04534, 17.88198], "size": [1, 6, 1], "uv": [26, 50]}
				]
			},
			{
				"name": "bone117",
				"parent": "wingLayer4",
				"pivot": [2, 5, 0],
				"rotation": [80, 0, 0],
				"cubes": [
					{"origin": [2, -7.67181, 18.37039], "size": [1, 6, 1], "uv": [22, 50]}
				]
			},
			{
				"name": "bone118",
				"parent": "wingLayer4",
				"pivot": [2, 5, 0],
				"rotation": [100, 0, 0],
				"cubes": [
					{"origin": [2, -13.89452, 14.92032], "size": [1, 6, 1], "uv": [18, 50]}
				]
			},
			{
				"name": "wingLayer5",
				"parent": "wingLeft",
				"pivot": [3, 15, 3],
				"rotation": [-5, 0, 0],
				"cubes": [
					{"origin": [1.5, 11, 3], "size": [1, 4, 1], "uv": [56, 38]}
				]
			},
			{
				"name": "bone119",
				"parent": "wingLayer5",
				"pivot": [2, 3.74118, 0.03407],
				"rotation": [5, 0, 0],
				"cubes": [
					{"origin": [1.5, 10.6115, 4.96618], "size": [1, 4, 1], "uv": [50, 56]}
				]
			},
			{
				"name": "bone120",
				"parent": "wingLayer5",
				"pivot": [2, 3.74118, 0.03407],
				"rotation": [15, 0, 0],
				"cubes": [
					{"origin": [1.5, 8.9163, 7.76367], "size": [1, 4, 1], "uv": [46, 56]}
				]
			},
			{
				"name": "bone121",
				"parent": "wingLayer5",
				"pivot": [2, 3.74118, 0.03407],
				"rotation": [30, 0, 0],
				"cubes": [
					{"origin": [1.5, 5.8272, 10.97031], "size": [1, 5, 1], "uv": [54, 26]}
				]
			},
			{
				"name": "bone122",
				"parent": "wingLayer5",
				"pivot": [2, 3.74118, 0.03407],
				"rotation": [35, 0, 0],
				"cubes": [
					{"origin": [1.5, 4.75993, 12.54248], "size": [1, 5, 1], "uv": [54, 20]}
				]
			},
			{
				"name": "bone123",
				"parent": "wingLayer5",
				"pivot": [2, 3.74118, 0.03407],
				"rotation": [40, 0, 0],
				"cubes": [
					{"origin": [1.5, 3.55969, 14.01564], "size": [1, 5, 1], "uv": [54, 54]}
				]
			},
			{
				"name": "bone124",
				"parent": "wingLayer5",
				"pivot": [2, 3.74118, 0.03407],
				"rotation": [45, 0, 0],
				"cubes": [
					{"origin": [1.5, 2.23562, 15.37859], "size": [1, 5, 1], "uv": [42, 54]}
				]
			},
			{
				"name": "bone125",
				"parent": "wingLayer5",
				"pivot": [2, 3.74118, 0.03407],
				"rotation": [50, 0, 0],
				"cubes": [
					{"origin": [1.5, 0.79781, 16.62096], "size": [1, 5, 1], "uv": [38, 54]}
				]
			},
			{
				"name": "bone126",
				"parent": "wingLayer5",
				"pivot": [2, 3.74118, 0.03407],
				"rotation": [55, 0, 0],
				"cubes": [
					{"origin": [1.5, -0.74282, 17.73328], "size": [1, 5, 1], "uv": [34, 54]}
				]
			},
			{
				"name": "bone127",
				"parent": "wingLayer5",
				"pivot": [2, 3.74118, 0.03407],
				"rotation": [60, 0, 0],
				"cubes": [
					{"origin": [1.5, -2.8745, 18.7071], "size": [1, 5, 1], "uv": [53, 6]}
				]
			},
			{
				"name": "bone128",
				"parent": "wingLayer5",
				"pivot": [2, 3.74118, 0.03407],
				"rotation": [70, 0, 0],
				"cubes": [
					{"origin": [1.5, -6.77376, 19.21448], "size": [1, 6, 1], "uv": [14, 50]}
				]
			},
			{
				"name": "bone129",
				"parent": "wingLayer5",
				"pivot": [2, 3.74118, 0.03407],
				"rotation": [75, 0, 0],
				"cubes": [
					{"origin": [1.5, -8.51541, 19.74419], "size": [1, 6, 1], "uv": [10, 50]}
				]
			},
			{
				"name": "bone130",
				"parent": "wingLayer5",
				"pivot": [2, 3.74118, 0.03407],
				"rotation": [80, 0, 0],
				"cubes": [
					{"origin": [1.5, -10.29661, 20.12008], "size": [1, 6, 1], "uv": [6, 50]}
				]
			},
			{
				"name": "bone131",
				"parent": "wingLayer5",
				"pivot": [2, 3.74118, 0.03407],
				"rotation": [83, 0, 0],
				"cubes": [
					{"origin": [1.5, -11.38915, 20.67052], "size": [1, 6, 1], "uv": [49, 8]}
				]
			},
			{
				"name": "bone132",
				"parent": "wingLayer5",
				"pivot": [2, 3.74118, 0.03407],
				"rotation": [95, 0, 0],
				"cubes": [
					{"origin": [1.5, -15.48019, 18.32126], "size": [1, 6, 1], "uv": [49, 0]}
				]
			},
			{
				"name": "bone133",
				"parent": "wingLayer5",
				"pivot": [2, 3.74118, 0.03407],
				"rotation": [110, 0, 0],
				"cubes": [
					{"origin": [1.5, -20.02157, 14.24212], "size": [1, 6, 1], "uv": [45, 8]}
				]
			},
			{
				"name": "wingLayer6",
				"parent": "wingLeft",
				"pivot": [2, 14, 3],
				"rotation": [-15, 0, 0],
				"cubes": [
					{"origin": [1, 10, 3], "size": [1, 4, 1], "uv": [29, 56]}
				]
			},
			{
				"name": "bone134",
				"parent": "wingLayer6",
				"pivot": [1, 2.74118, 0.03407],
				"rotation": [5, 0, 0],
				"cubes": [
					{"origin": [1, 9.6115, 4.96618], "size": [1, 4, 1], "uv": [31, 20]}
				]
			},
			{
				"name": "bone135",
				"parent": "wingLayer6",
				"pivot": [1, 2.74118, 0.03407],
				"rotation": [15, 0, 0],
				"cubes": [
					{"origin": [1, 7.9163, 7.76367], "size": [1, 4, 1], "uv": [27, 20]}
				]
			},
			{
				"name": "bone136",
				"parent": "wingLayer6",
				"pivot": [1, 2.74118, 0.03407],
				"rotation": [25, 0, 0],
				"cubes": [
					{"origin": [1, 5.7534, 10.31111], "size": [1, 5, 1], "uv": [53, 0]}
				]
			},
			{
				"name": "bone137",
				"parent": "wingLayer6",
				"pivot": [1, 2.74118, 0.03407],
				"rotation": [30, 0, 0],
				"cubes": [
					{"origin": [1, 4.74005, 11.9665], "size": [1, 5, 1], "uv": [51, 33]}
				]
			},
			{
				"name": "bone138",
				"parent": "wingLayer6",
				"pivot": [1, 2.74118, 0.03407],
				"rotation": [35, 0, 0],
				"cubes": [
					{"origin": [1, 3.58628, 13.52728], "size": [1, 5, 1], "uv": [51, 15]}
				]
			},
			{
				"name": "bone139",
				"parent": "wingLayer6",
				"pivot": [1, 2.74118, 0.03407],
				"rotation": [40, 0, 0],
				"cubes": [
					{"origin": [1, 2.30087, 14.98157], "size": [1, 5, 1], "uv": [30, 50]}
				]
			},
			{
				"name": "bone140",
				"parent": "wingLayer6",
				"pivot": [1, 2.74118, 0.03407],
				"rotation": [45, 0, 0],
				"cubes": [
					{"origin": [1, 0.8936, 16.31829], "size": [1, 5, 1], "uv": [48, 20]}
				]
			},
			{
				"name": "bone141",
				"parent": "wingLayer6",
				"pivot": [1, 2.74118, 0.03407],
				"rotation": [50, 0, 0],
				"cubes": [
					{"origin": [1, -0.62481, 17.52727], "size": [1, 5, 1], "uv": [47, 33]}
				]
			},
			{
				"name": "bone142",
				"parent": "wingLayer6",
				"pivot": [1, 2.74118, 0.03407],
				"rotation": [55, 0, 0],
				"cubes": [
					{"origin": [1, -2.24282, 18.59931], "size": [1, 5, 1], "uv": [12, 41]}
				]
			},
			{
				"name": "bone143",
				"parent": "wingLayer6",
				"pivot": [1, 2.74118, 0.03407],
				"rotation": [60, 0, 0],
				"cubes": [
					{"origin": [1, -4.4481, 19.52625], "size": [1, 5, 1], "uv": [0, 41]}
				]
			},
			{
				"name": "bone144",
				"parent": "wingLayer6",
				"pivot": [1, 2.74118, 0.03407],
				"rotation": [65, 0, 0],
				"cubes": [
					{"origin": [1, -6.72768, 20.30104], "size": [1, 6, 1], "uv": [45, 0]}
				]
			},
			{
				"name": "bone145",
				"parent": "wingLayer6",
				"pivot": [1, 2.74118, 0.03407],
				"rotation": [70, 0, 0],
				"cubes": [
					{"origin": [1, -8.56802, 20.91778], "size": [1, 6, 1], "uv": [22, 35]}
				]
			},
			{
				"name": "bone146",
				"parent": "wingLayer6",
				"pivot": [1, 2.74118, 0.03407],
				"rotation": [75, 0, 0],
				"cubes": [
					{"origin": [1, -10.45511, 21.37178], "size": [1, 6, 1], "uv": [4, 26]}
				]
			},
			{
				"name": "bone147",
				"parent": "wingLayer6",
				"pivot": [1, 2.74118, 0.03407],
				"rotation": [85, 0, 0],
				"cubes": [
					{"origin": [1, -14.22468, 20.7828], "size": [1, 6, 1], "uv": [0, 26]}
				]
			},
			{
				"name": "bone148",
				"parent": "wingLayer6",
				"pivot": [1, 2.74118, 0.03407],
				"rotation": [95, 0, 0],
				"cubes": [
					{"origin": [1, -18.5347, 19.54818], "size": [1, 6, 1], "uv": [24, 0]}
				]
			},
			{
				"name": "bone149",
				"parent": "wingLayer6",
				"pivot": [1, 2.74118, 0.03407],
				"rotation": [110, 0, 0],
				"cubes": [
					{"origin": [1, -23.64749, 15.07666], "size": [1, 7, 2], "uv": [0, 50]}
				]
			},
			{
				"name": "bone150",
				"parent": "wingLayer6",
				"pivot": [1, 2.74118, 0.03407],
				"rotation": [125, 0, 0],
				"cubes": [
					{"origin": [1, -27.39779, 10.47779], "size": [1, 7, 2], "uv": [0, 16]}
				]
			},
			{
				"name": "left_leg_c",
				"pivot": [2, 9, 0],
				"cubes": [
					{"origin": [0.25, -0.001, -1.5], "size": [3, 9, 3], "uv": [34, 42]}
				]
			},
			{
				"name": "right_leg_c",
				"pivot": [-2, 9, 0],
				"cubes": [
					{"origin": [-3.25, 0, -1.5], "size": [3, 9, 3], "uv": [34, 42]}
				]
			}
		]
	}
}