{
	"name": "zoroark_1.16.5_v2",
	"version": "3.0",
	"author": [ "zerustu" ],
	"description": "zoroark for 1.16.5, using _c bone parents",
	"skeleton": {
		"type": "biped",
		"param": {
			"leg_length": 12,
			"leg_interval": 4,
			"leg_offset": 0,
			"body_pivot_height": 24,
			"body_offset": 0,
			"arm_pivot_height": 23.5,
			"arm_interval": 13,
			"arm_offset": 0,
			"arm_length": 11.8,
			"head_pivot_height": 24,
			"head_offset": 0
		},
		"attachments": {
			"helmet":[],
			"item_left":["left_item_c"],
			"item_right":["right_item_c"]
		}
	},
	"parts": [
		{
		"name": "zoroark.geo",
		"texture": "zoroark_tex"
		}
	]
}