{
	"modelId": "wolfgirl",
	"modelName": "WolfGirl",
	"author": "emmie_4",
	"version": "1.0.1",
	"hide": ["model_all", "feature_all"],
	"skeleton": {
		"body_all": [0, "if(is_sneaking,-12.0000,is_riding,-6,-13.0000)", -2],
		"head_all": [0, "if(is_riding,-6,-13)", 0],
		"right_arm_all": [3.5, "if(is_riding,-6,-13)", 0],
		"left_arm_all": [-3.5, "if(is_riding,-6,-13)", 0],
		"right_leg_all": [1.5, "if(is_sneaking,-17.0000,is_riding,-14,-20.0000)", "if(is_sneaking,4.0000,is_riding,-1,0.0000)"],
		"left_leg_all": [-1.5, "if(is_sneaking,-17.0000,is_riding,-14,-20.0000)", "if(is_sneaking,4.0000,is_riding,-1,0.0000)"]
	},
	"eyeHeight": {
		"standing": 0.825,
		"dying": 0.825,
		"sneaking": 0.45
	},
	"boundingBox": {
		"standing": [0.55, 1.185],
		"dying": [0.55, 1.185],
		"sneaking": [0.55, 0.9]
	},
	"bones": [
		{
			"id": "body_c",
			"parent": "body",
			"texture": "tex.wolf",
			"boxes": [
				{
					"textureOffset": [26, 8],
					"coordinates": [-2.5, 2, 4.5, 5, 2, 5]
				},
				{
					"textureOffset": [26, 28],
					"coordinates": [-2.5, -1, 3.5, 5, 3, 3]
				},
				{
					"textureOffset": [0, 35],
					"coordinates": [-3.5, -3, 4, 7, 2, 4]
				},
				{
					"textureOffset": [0, 41],
					"coordinates": [-4, -6, 4.5, 8, 3, 5]
				}
			],
			"position": [0, -3, 0]
		},
		{
			"id": "body_c_chestplate_body",
			"parent": "body_c",
			"attached": ["armor_body_all"],
			"scale": [0.51, 0.5, 0.575],
			"position": [0, 7, 3.175]
		},
		{
			"id": "body_c_cape_elytra",
			"parent": "body_c_chestplate_body",
			"attached": ["cape", "elytra"],
			"texture": "tex.skin"
		},
		{
			"id": "body_c_parrot_left",
			"parent": "body_c",
			"scale": [0.5, 0.5, 0.5],
			"attached": ["shoulder_parrot_left"],
			"position": [-10, 8, 0]
		},
		{
			"id": "body_c_parrot_right",
			"parent": "body_c",
			"scale": [0.5, 0.5, 0.5],
			"attached": ["shoulder_parrot_right"],
			"position": [10, 8, 0]
		},
		{
			"id": "tail2_cpm_dummy",
			"parent": "body_c",
			"position": [0, -3, 3.5]
		},
		{
			"id": "tail2",
			"parent": "tail2_cpm_dummy",
			"rotation": [0, "sin(age/1.5)+35", 0],
			"boxes": [
				{
					"textureOffset": [48, 7],
					"coordinates": [-1, -3.9283, 0.75891, 2, 7.06308, 1.72618]
				}
			]
		},
		{
			"id": "head_c",
			"parent": "head",
			"texture": "tex.wolf",
			"boxes": [
				{
					"textureOffset": [0, 0],
					"coordinates": [-3.5, 0, 3, 7, 7, 6]
				},
				{
					"textureOffset": [0, 13],
					"coordinates": [-4, -0.5, 3.5, 8, 8, 7]
				},
				{
					"textureOffset": [30, 17],
					"coordinates": [-5, 0.5, 2.5, 10, 5, 6]
				},
				{
					"textureOffset": [0, 28],
					"coordinates": [-3.5, 7.5, 3, 7, 1, 6]
				},
				{
					"textureOffset": [26, 0],
					"coordinates": [1.5, 7.5, 1, 2, 3, 1]
				},
				{
					"textureOffset": [26, 4],
					"coordinates": [-4, 7.5, 1, 2, 3, 1]
				}
			]
		},
		{
			"id": "eye_holderL",
			"parent": "head_c",
			"position": [-2, 1.5, -3.1]
		},
		{
			"id": "eye_holderR",
			"parent": "head_c",
			"position": [1, 1.5, -3.1]
		},
		{
			"id": "eyenL",
			"parent": "eye_holderL",
			"texture": "tex.eyen",
			"visible": "!is_hurt&&(food_level>=5)",
			"textureSize": [1,2],
			"boxes": [
				{
					"textureOffset": [0, 0],
					"coordinates": [0, 0, 0, 1, 2, 0.01]
				}
			]
		},
		{
			"id": "eyenR",
			"parent": "eye_holderR",
			"texture": "tex.eyen",
			"visible": "!is_hurt&&(food_level>=5)",
			"textureSize": [1,2],
			"boxes": [
				{
					"textureOffset": [0, 0],
					"coordinates": [0, 0, 0, 1, 2, 0.01]
				}
			]
		},
		{
			"id": "eyehL",
			"parent": "eye_holderL",
			"texture": "tex.eyeh",
			"visible": "is_hurt&&(food_level>=5)",
			"textureSize": [1,2],
			"boxes": [
				{
					"textureOffset": [0, 0],
					"coordinates": [0, 0, 0, 1, 2, 0.01],
					"mirror": "true"
				}
			]
		},
		{
			"id": "eyehR",
			"parent": "eye_holderR",
			"texture": "tex.eyeh",
			"visible": "is_hurt&&(food_level>=5)",
			"textureSize": [1,2],
			"boxes": [
				{
					"textureOffset": [0, 0],
					"coordinates": [0, 0, 0, 1, 2, 0.01]
				}
			]
		},
		{
			"id": "eyerL",
			"parent": "eye_holderL",
			"texture": "tex.eyer",
			"visible": "!is_hurt&&(food_level<5)",
			"textureSize": [1,2],
			"emissive": "true",
			"boxes": [
				{
					"textureOffset": [0, 0],
					"coordinates": [0, 0, 0, 1, 2, 0.01]
				}
			]
		},
		{
			"id": "eyerR",
			"parent": "eye_holderR",
			"texture": "tex.eyer",
			"visible": "!is_hurt&&(food_level<5)",
			"textureSize": [1,2],
			"emissive": "true",
			"boxes": [
				{
					"textureOffset": [0, 0],
					"coordinates": [0, 0, 0, 1, 2, 0.01]
				}
			]
		},
		{
			"id": "eyehrL",
			"parent": "eye_holderL",
			"texture": "tex.eyehr",
			"visible": "is_hurt&&(food_level<5)",
			"textureSize": [1,2],
			"boxes": [
				{
					"textureOffset": [0, 0],
					"coordinates": [0, 0, 0, 1, 2, 0.01],
					"mirror": "true"
				}
			]
		},
		{
			"id": "eyehrR",
			"parent": "eye_holderR",
			"texture": "tex.eyehr",
			"visible": "is_hurt&&(food_level<5)",
			"textureSize": [1,2],
			"boxes": [
				{
					"textureOffset": [0, 0],
					"coordinates": [0, 0, 0, 1, 2, 0.01]
				}
			]
		},
		{
			"id": "head_c_helmet_hat",
			"parent": "head_c",
			"attached": ["helmet_all", "head_wearing"]
		},
		{
			"id": "right_arm_c",
			"parent": "right_arm",
			"texture": "tex.wolf",
			"rotation": [0, "-todeg(right_arm.ry)/2", 10],
			"boxes": [
				{
					"textureOffset": [32, 0],
					"coordinates": [-1.08716, -5.99619, 1, 2, 6, 2]
				}
			]
		},
		{
			"id": "right_arm_c_chestplate_right",
			"parent": "right_arm_c",
			"attached": ["chestplate_right_arm"],
			"scale": [0.5, 0.5, 0.5],
			"position": [0, -2, 0]
		},
		{
			"id": "right_arm_c_item_right",
			"parent": "right_arm_c",
			"attached": ["held_item_right"],
			"scale": [0.5, 0.5, 0.5],
			"position": [0, -12,-2]
		},
		{
			"id": "left_arm_c",
			"parent": "left_arm",
			"texture": "tex.wolf",
			"rotation": [0, "-todeg(left_arm.ry)/2.5", -10],
			"boxes": [
				{
					"textureOffset": [40, 0],
					"coordinates": [-1.08716, -5.99619, 1, 2, 6, 2]
				}
			]
		},
		{
			"id": "left_arm_c_chestplate_left",
			"parent": "left_arm_c",
			"attached": ["chestplate_left_arm"],
			"scale": [0.5, 0.5, 0.5],
			"position": [0, -2, 0]
		},
		{
			"id": "left_arm_c_item_left",
			"parent": "left_arm_c",
			"attached": ["held_item_left"],
			"scale": [0.5, 0.5, 0.5],
			"position": [0, -12,-2]
		},
		{
			"id": "right_leg_c",
			"parent": "right_leg",
			"texture": "tex.wolf",
			"rotation": [0, "if(is_riding,-5,-todeg(right_leg.ry)/2.5)", 0],
			"boxes": [
				{
					"textureOffset": [48, 0],
					"coordinates": [-1, -4, 1, 2, 5, 2]
				}
			]
		},
		{
			"id": "right_leg_c_legging_right",
			"parent": "right_leg_c",
			"attached": ["armor_right_leg_all"],
			"scale": [0.41, 0.2, 0.41],
			"position": [0, -7.5, 0]
		},
		{
			"id": "left_leg_c",
			"parent": "left_leg",
			"rotation": [0, "if(is_riding,-5,-todeg(left_leg.ry)/2.5)", 0],
			"texture": "tex.wolf",
			"boxes": [
				{
					"textureOffset": [56, 0],
					"coordinates": [-1, -4, 1, 2, 5, 2]
				}
			]
		},
		{
			"id": "left_leg_c_legging_left",
			"parent": "left_leg_c",
			"attached": ["armor_left_leg_all"],
			"scale": [0.41, 0.2, 0.41],
			"position": [0, -7.5, 0]
		}
	]
}