{
	"modelId": "rumia",
	"modelName": "Rumia",
	"version": "1.0.0",
	"author": "Succinum, ZeniCrow, Paulzzh, Tian_mi",
	"hide": ["model_all", "feature_all"],
	"skeleton": {
		"right_arm_all": [4, 0, 0],
		"left_arm_all": [-4, 0, 0]
	},
	"variables": {
		"left_arm_roll": "if(is_first_person,0,-25)",
		"right_arm_roll": "if(is_first_person,0,25)"
	},
	"bones": [
		{
			"id": "head_c",
			"parent": "head",
			"texture": "tex.rumia",
			"scale": [1.33333, 1.33333, 1.33333],
			"boxes": [
				{
					"textureOffset": [0, 0],
					"coordinates": [-4, 0, 4, 8, 8, 8]
				}
			]
		},
		{
			"id": "head_c_helmet_hat",
			"parent": "head_c",
			"attached": ["helmet_all", "head_wearing"]
		},
		{
			"id": "blink",
			"parent": "head_c",
			"visible": "fmod(age,60)<5",
			"boxes": [
				{
					"textureOffset": [44, 28],
					"coordinates": [-4, 0, -4.001, 8, 8, 0.001]
				}
			]
		},
		{
			"id": "hair_cpm_dummy",
			"parent": "head_c",
			"position": [-4, 6, 0]
		},
		{
			"id": "hair",
			"parent": "hair_cpm_dummy",
			"rotation": [0, 0, -25],
			"boxes": []
		},
		{
			"id": "decoration",
			"parent": "head_c",
			"rotation": [0, 0, -45],
			"boxes": []
		},
		{
			"id": "band2",
			"parent": "decoration",
			"rotation": [-45, 0, 0],
			"boxes": [
				{
					"textureOffset": [0, 52],
					"coordinates": [-5.93935, 1.32841, -5.93935, 1, 3, 3]
				}
			]
		},
		{
			"id": "band",
			"parent": "decoration",
			"rotation": [-45, 0, 0],
			"boxes": [
				{
					"textureOffset": [40, 40],
					"coordinates": [-8.93935, 1.32841, -4.93935, 4, 3, 1]
				}
			]
		},
		{
			"id": "right_arm_c",
			"parent": "right_arm",
			"texture": "tex.rumia",
			"scale": [1.33333, 1.33333, 1.33333],
			"rotation": [0, 0, "var.right_arm_roll"],
			"boxes": [
				{
					"textureOffset": [32, 40],
					"coordinates": [0, -9, 1, 2, 8, 2]
				},
				{
					"textureOffset": [12, 46],
					"coordinates": [-0.5, -3, 1.5, 3, 3, 3]
				}
			]
		},
		{
			"id": "right_arm_c_chestplate_right",
			"parent": "right_arm_c",
			"attached": ["chestplate_right_arm"],
			"position": [0, -2, 0],
			"scale": [0.75, 0.75, 0.75]
		},
		{
			"id": "right_arm_c_item_right",
			"parent": "right_arm_c",
			"attached": ["held_item_right"],
			"position": [1, -12, -1],
			"scale": [0.75, 0.75, 0.75]
		},
		{
			"id": "left_arm_c",
			"parent": "left_arm",
			"texture": "tex.rumia",
			"scale": [1.33333, 1.33333, 1.33333],
			"rotation": [0, 0, "var.left_arm_roll"],
			"boxes": [
				{
					"textureOffset": [12, 40],
					"coordinates": [-2.5, -3, 1.5, 3, 3, 3]
				},
				{
					"textureOffset": [24, 40],
					"coordinates": [-2, -9, 1, 2, 8, 2]
				}
			]
		},
		{
			"id": "left_arm_c_chestplate_left",
			"parent": "left_arm_c",
			"attached": ["chestplate_left_arm"],
			"position": [0, -2, 0],
			"scale": [0.75, 0.75, 0.75]
		},
		{
			"id": "left_arm_c_item_left",
			"parent": "left_arm_c",
			"attached": ["held_item_left"],
			"position": [-1, -12, -1],
			"scale": [0.75, 0.75, 0.75]
		},
		{
			"id": "body_c",
			"parent": "body",
			"texture": "tex.rumia",
			"scale": [1.33333, 1.33333, 1.33333],
			"boxes": [
				{
					"textureOffset": [56, 16],
					"coordinates": [-3, 1.499, 3, 6, 6, 6]
				},
				{
					"textureOffset": [0, 28],
					"coordinates": [-2.5, 1.499, 2.5, 5, 6, 5]
				},
				{
					"textureOffset": [28, 16],
					"coordinates": [-3.5, -0.5, 3.5, 7, 2, 7]
				},
				{
					"textureOffset": [68, 0],
					"coordinates": [-4, -2.5, 4, 8, 2, 8]
				},
				{
					"textureOffset": [32, 0],
					"coordinates": [-4.5, -4.5, 4.5, 9, 2, 9]
				},
				{
					"textureOffset": [20, 28],
					"coordinates": [-4, -2.501, 2, 8, 2, 4]
				}
			],
			"position": [0, -7.5, 0]
		},
		{
			"id": "body_c_chestplate_body",
			"parent": "body_c",
			"attached": ["armor_body_all"],
			"scale": [0.75, 0.75, 1.05],
			"position": [0, 10, 0]
		},
		{
			"id": "body_c_cape_elytra",
			"parent": "body_c_chestplate_body",
			"attached": ["cape", "elytra"],
			"texture": "tex.skin"
		},
		{
			"id": "body_c_parrot_left",
			"parent": "body_c",
			"attached": ["shoulder_parrot_left"],
			"position": [-6.5, 10, 0],
			"scale": [0.75, 0.75, 0.75]
		},
		{
			"id": "body_c_parrot_right",
			"parent": "body_c",
			"attached": ["shoulder_parrot_right"],
			"position": [6.5, 10, 0],
			"scale": [0.75, 0.75, 0.75]
		},
		{
			"id": "decoration2",
			"parent": "body_c",
			"boxes": [
				{
					"textureOffset": [18, 55],
					"coordinates": [-0.5, 5, -2.25, 1, 1, 1]
				},
				{
					"textureOffset": [18, 52],
					"coordinates": [-0.5, 5.5, -2.5, 1, 2, 1]
				}
			]
		},
		{
			"id": "bone2_cpm_dummy",
			"parent": "decoration2",
			"position": [0, 7.5, -4]
		},
		{
			"id": "bone2",
			"parent": "bone2_cpm_dummy",
			"rotation": [0, 0, 23],
			"boxes": [
				{
					"textureOffset": [14, 52],
					"coordinates": [-0.32121, -2.03638, 1.5, 1, 2, 1]
				},
				{
					"textureOffset": [18, 55],
					"coordinates": [-0.51658, -2.49663, 1.75, 1, 1, 1]
				},
				{
					"textureOffset": [8, 52],
					"coordinates": [0.501, -1, 1.75, 2, 1, 1]
				}
			]
		},
		{
			"id": "bone_cpm_dummy",
			"parent": "decoration2",
			"position": [0, 7.5, -4]
		},
		{
			"id": "bone",
			"parent": "bone_cpm_dummy",
			"rotation": [0, 0, -23],
			"boxes": [
				{
					"textureOffset": [14, 55],
					"coordinates": [-0.67879, -2.03638, 1.5, 1, 2, 1]
				},
				{
					"textureOffset": [8, 52],
					"coordinates": [-2.501, -1, 1.75, 2, 1, 1]
				},
				{
					"textureOffset": [18, 55],
					"coordinates": [-0.48342, -2.49663, 1.75, 1, 1, 1]
				}
			]
		},
		{
			"id": "decoration3_cpm_dummy",
			"parent": "body_c",
			"position": [0, -10.5, 0]
		},
		{
			"id": "decoration3",
			"parent": "decoration3_cpm_dummy",
			"boxes": [
				{
					"textureOffset": [0, 16],
					"coordinates": [-3.5, 5, 3.5, 7, 2, 7]
				}
			]
		},
		{
			"id": "lace4",
			"parent": "decoration3",
			"rotation": [90, 0, 0],
			"boxes": [
				{
					"textureOffset": [8, 54],
					"coordinates": [-4, 5, 3.5, 1, 2, 1]
				},
				{
					"textureOffset": [8, 54],
					"coordinates": [-4, 5, 1.5, 1, 2, 1]
				},
				{
					"textureOffset": [8, 54],
					"coordinates": [-4, 5, -0.5, 1, 2, 1]
				},
				{
					"textureOffset": [8, 54],
					"coordinates": [-4, 5, -2.5, 1, 2, 1]
				}
			]
		},
		{
			"id": "lace3",
			"parent": "decoration3",
			"rotation": [180, 0, 0],
			"boxes": [
				{
					"textureOffset": [8, 54],
					"coordinates": [-4, 5, 3.5, 1, 2, 1]
				},
				{
					"textureOffset": [8, 54],
					"coordinates": [-4, 5, 1.499, 1, 2, 1]
				},
				{
					"textureOffset": [8, 54],
					"coordinates": [-4, 5, -0.499, 1, 2, 1]
				},
				{
					"textureOffset": [8, 54],
					"coordinates": [-4, 5, -2.5, 1, 2, 1]
				}
			]
		},
		{
			"id": "lace2",
			"parent": "decoration3",
			"rotation": [-90, 0, 0],
			"boxes": [
				{
					"textureOffset": [8, 54],
					"coordinates": [-4, 5, 3.5, 1, 2, 1]
				},
				{
					"textureOffset": [8, 54],
					"coordinates": [-4, 5, 1.5, 1, 2, 1]
				},
				{
					"textureOffset": [8, 54],
					"coordinates": [-4, 5, -0.5, 1, 2, 1]
				},
				{
					"textureOffset": [8, 54],
					"coordinates": [-4, 5, -2.5, 1, 2, 1]
				}
			]
		},
		{
			"id": "lace",
			"parent": "decoration3",
			"boxes": [
				{
					"textureOffset": [8, 54],
					"coordinates": [-4, 5, 3.5, 1, 2, 1]
				},
				{
					"textureOffset": [8, 54],
					"coordinates": [-4, 5, 1.499, 1, 2, 1]
				},
				{
					"textureOffset": [8, 54],
					"coordinates": [-4, 5, -0.499, 1, 2, 1]
				},
				{
					"textureOffset": [8, 54],
					"coordinates": [-4, 5, -2.5, 1, 2, 1]
				}
			]
		},
		{
			"id": "left_leg_c",
			"parent": "left_leg",
			"texture": "tex.rumia",
			"scale": [1.33333, 1.33333, 1.33333],
			"boxes": [
				{
					"textureOffset": [0, 40],
					"coordinates": [-1.499, -9, 1.5, 3, 9, 3]
				}
			]
		},
		{
			"id": "left_leg_c_legging_left",
			"parent": "left_leg_c",
			"attached": ["armor_left_leg_all"],
			"scale": [0.75, 0.75, 0.75]
		},
		{
			"id": "right_leg_c",
			"parent": "right_leg",
			"texture": "tex.rumia",
			"scale": [1.33333, 1.33333, 1.33333],
			"boxes": [
				{
					"textureOffset": [60, 28],
					"coordinates": [-1.501, -9, 1.5, 3, 9, 3]
				}
			]
		},
		{
			"id": "right_leg_c_legging_right",
			"parent": "right_leg_c",
			"attached": ["armor_right_leg_all"],
			"scale": [0.75, 0.75, 0.75]
		}
	]
}