{
    "id": 164,
    "name": "Dryad [Rose] (Grimoire of Gaia 3)",
    "version": "1.0.2",
    "author": "Model by Silentine, ported by V972",
    "desc": "### Dryad mob model\\r\\nfrom the mod [Grimoire of Gaia 3](https://www.curseforge.com/minecraft/mc-mods/grimoire-of-gaia).  \\r\\n**_Rose\\'n\\'Oak variant_** (or poppy\\'n\\'oak, idk)  \\r\\n\\r\\n#### Model features:\\r\\n-- Supports all player features.  \\r\\n-- Custom fitting armor. Supports vanilla and (in theory) modded armor. Flower is hidden and ears are closer to the body while wearing anything (so that they won\\'t stick out).  \\r\\n-- Parrots sit on head and shoulder.    \\r\\n\\r\\n#### Credit\\r\\n-- Original model by Silentine  \\r\\n\\r\\nPorted and uploaded [with developer\\'s permission](https://discordapp.com/channels/488774215961542666/488774215961542668/708450777311608854) (link to Discord message).  \\r\\nIf you find any bugs or have suggestions, find me on Discord: **`V972#8352`**.  \\r\\n\\r\\n**WARNING!**  \\r\\nDoes not actually make you a plant. The company is not liable for any starvation deaths, caused by photosynthesis attempts!  \\r\\n\\r\\n#### Changelog:\\r\\n-- V 1.0.2  \\r\\nInitial upload.",
    "tags": "dryad;rose;poppy;plant;tree;oak;monstergirl;monster;girl;grimoireofgaia;grimoireofgaia3;grimoire;gaia",
    "likes": 21,
    "legacy": true
}