{
	"modelId": "gaia_dryad_dandelion",
	"modelName": "Dryad [Dandelion] (Grimoire of Gaia 3)",
	"version": "1.0.2",
	"author": "Model by Silentine, ported by V972",
	
	"hide": ["model_all", "held_item_all", "armor_all", "head_wearing", "cape"],
	"fpLeft": ["left_arm_c"],
	"fpRight": ["right_arm_c"],
	
	"skeleton": {
		"head_all": [0, "if(is_riding, -2.5410, if(is_sneaking, -0.4590, 0.5410))", "if(is_riding, 3, 0)"],
		"body_all": [0, "if(is_riding, -2.541, 0.541)", "if(is_riding, 3, 0)"],
		"left_arm_all": [-2.6675, "if(is_riding, -4.0595,-1.0595)", "if(is_riding, 3, 0)"],
		"right_arm_all": [2.6675, "if(is_riding, -4.0595,-1.0595)", "if(is_riding, 3, 0)"],
		"left_leg_all": [-2.134, "if(is_riding, -13.129, if(is_sneaking, -8.729,-10.129))", "if(is_riding, 3, if(is_sneaking,5,0))"],
		"right_leg_all": [2.134, "if(is_riding, -13.129, if(is_sneaking, -8.729,-10.129))", "if(is_riding, 3, if(is_sneaking,5,0))"]
	},
	
	"variables": {
		"is_flying": "current_pose==pose.fall_flying",
		"is_swimming": "current_pose==pose.swimming"
	},
	
	"bones": [
		{
			"id": "head_c",
			"parent": "head",
			"texture": "tex.dryad02",
			"scale": [1.067, 1.067, 1.067],
			"boxes": [
				{
					"textureOffset": [0, 0],
					"coordinates": [-3, 0, 3, 6, 6, 6]
				},
				{
					"textureOffset": [36, 0],
					"coordinates": [-3.5, -0.5, 3.5, 7, 7, 7]
				}
			]
		},
		{
			"id": "head_eyes",
			"parent": "head_c",
			"visible": "fmod(age,60)<1",
			"boxes": [
				{
					"textureOffset": [24, 0],
					"coordinates": [-3, 0, -3.02, 6, 6, 0.001]
				}
			]
		},
		{
			"id": "hair1_cpm_dummy",
			"parent": "head_c",
			"position": [0, 4, 2.5]
		},
		{
			"id": "hair1",
			"parent": "hair1_cpm_dummy",
			"position": [0, -4, -0.5],
			"rotation": [
				0,
				"if( var.is_flying || var.is_swimming, 25, 0 - if(head_pitch < 12.5, head_pitch, 12.5) )",
				0
			],
			"boxes": [
				{
					"textureOffset": [36, 14],
					"coordinates": [-4, -2, 2, 8, 8, 3]
				}
			]
		},
		{
			"id": "hair2",
			"parent": "hair1",
			"rotation": [
				0,
				"if( var.is_flying || var.is_swimming, 15, 0 + if(is_sneaking, if(head_pitch<-80,15,10), 0) - if(head_pitch<12.5, 0, if(head_pitch>70, 57.5, head_pitch-12.5)) )",
				0
			],
			"boxes": [
				{
					"textureOffset": [36, 25],
					"coordinates": [-4.5, -8, 2.5, 9, 9, 3]
				}
			]
		},
		{
			"id": "head_ear_right_cpm_dummy",
			"parent": "head_c",
			"position": [2.95, 3, -2.875]
		},
		{
			"id": "head_ear_right",
			"parent": "head_ear_right_cpm_dummy",
			"rotation": ["if(inv.helmet>0,-8.5,-30)", 0, 0],
			"boxes": [
				{
					"textureOffset": [36, 33],
					"coordinates": [0.00773, -1, 4.01482, 0.001, 2, 4]
				}
			]
		},
		{
			"id": "head_ear_left_cpm_dummy",
			"parent": "head_c",
			"position": [-2.95, 3, -2.875]
		},
		{
			"id": "head_ear_left",
			"parent": "head_ear_left_cpm_dummy",
			"rotation": ["if(inv.helmet>0,8.5,30)", 0, 0],
			"boxes": [
				{
					"textureOffset": [36, 33],
					"coordinates": [-0.00773, -1, 4.01482, 0.001, 2, 4],
					"mirror": true
				}
			]
		},
		{
			"id": "head_flower",
			"parent": "head_c",
			"rotation": [0, 0, -45],
			"visible": "inv.helmet==0",
			"boxes": [
				{
					"textureOffset": [36, 39],
					"coordinates": [-4, 5.5, 2, 4, 2, 4]
				}
			]
		},
		{
			"id": "body_c",
			"parent": "body",
			"texture": "tex.dryad02",
			"scale": [1.067, 1.067, 1.067],
			"position": [0, -23, 0]
		},
		{
			"id": "bodytop_cpm_dummy",
			"parent": "body_c",
			"position": [0, 23, 0]
		},
		{
			"id": "bodytop",
			"parent": "bodytop_cpm_dummy",
			"rotation": [0, -5, 0],
			"boxes": [
				{
					"textureOffset": [0, 16],
					"coordinates": [-2.5, -6, 1.5, 5, 6, 3]
				}
			]
		},
		{
			"id": "neck",
			"parent": "bodytop",
			"rotation": [0, 5, 0],
			"boxes": [
				{
					"textureOffset": [0, 12],
					"coordinates": [-1, -1, 1, 2, 2, 2]
				}
			]
		},
		{
			"id": "rightchest_cpm_dummy",
			"parent": "body_c",
			"position": [1.3, 21, -1.5]
		},
		{
			"id": "rightchest",
			"parent": "rightchest_cpm_dummy",
			"rotation": [10, 45, 5],
			"boxes": [
				{
					"textureOffset": [0, 36],
					"coordinates": [-1, -1, 1, 2, 2, 2]
				}
			]
		},
		{
			"id": "leftchest_cpm_dummy",
			"parent": "body_c",
			"position": [-1.3, 21, -1.5]
		},
		{
			"id": "leftchest",
			"parent": "leftchest_cpm_dummy",
			"rotation": [-5, 45, -5],
			"boxes": [
				{
					"textureOffset": [0, 36],
					"coordinates": [-1, -1, 1, 2, 2, 2],
					"mirror": true
				}
			]
		},
		{
			"id": "bodymid_cpm_dummy",
			"parent": "body_c",
			"position": [0, 23, 0]
		},
		{
			"id": "bodymid",
			"parent": "bodymid_cpm_dummy",
			"boxes": [
				{
					"textureOffset": [0, 25],
					"coordinates": [-2, -8.5, 0.5, 4, 3, 2]
				}
			]
		},
		{
			"id": "bodymidbutton",
			"parent": "bodymid",
			"boxes": [
				{
					"textureOffset": [0, 25],
					"coordinates": [-0.5, -8, -1.6, 1, 2, 0.001]
				}
			]
		},
		{
			"id": "bodybottom_cpm_dummy",
			"parent": "body_c",
			"position": [0, 23, 0]
		},
		{
			"id": "bodybottom",
			"parent": "bodybottom_cpm_dummy",
			"rotation": [0, 5, 0],
			"boxes": [
				{
					"textureOffset": [0, 30],
					"coordinates": [-3, -11, 0.5, 6, 3, 3]
				}
			]
		},
		{
			"id": "waist1_cpm_dummy",
			"parent": "body_c",
			"position": [0, 23, 0]
		},
		{
			"id": "waist1",
			"parent": "waist1_cpm_dummy",
			"rotation": [0, 5, 0],
			"boxes": [
				{
					"textureOffset": [64, 0],
					"coordinates": [-3.53333, -13.5, 1, 7, 6, 4]
				}
			]
		},
		{
			"id": "waist2_cpm_dummy",
			"parent": "body_c",
			"position": [0, 13, 0]
		},
		{
			"id": "waist2",
			"parent": "waist2_cpm_dummy",
			"rotation": [0, "if(is_sneaking, -10, if(var.is_flying, 2, if(is_riding, 60, 10)))", 0],
			"boxes": [
				{
					"textureOffset": [64, 10],
					"coordinates": [-4, -6.65192, 2.23648, 8, 8, 4]
				}
			]
		},
		{
			"id": "left_arm_c",
			"parent": "left_arm",
			"texture": "tex.dryad02",
			"scale": [1.067, 1.067, 1.067],
			"rotation": [0, 0, "if(is_first_person,0,-13.86479)"],
			"boxes": [
				{
					"textureOffset": [16, 12],
					"coordinates": [-2, -11, 1, 2, 12, 2]
				}
			]
		},
		{
			"id": "right_arm_c",
			"parent": "right_arm",
			"texture": "tex.dryad02",
			"scale": [1.067, 1.067, 1.067],
			"rotation": [0, 0, "if(is_first_person,0,13.86479)"],
			"boxes": [
				{
					"textureOffset": [16, 12],
					"coordinates": [0, -11, 1, 2, 12, 2]
				}
			]
		},
		{
			"id": "left_leg_c",
			"parent": "left_leg",
			"texture": "tex.dryad02",
			"scale": [1.067, 1.067, 1.067],
			"rotation": [0, 0, 2],
			"boxes": [
				{
					"textureOffset": [24, 12],
					"coordinates": [-1.5, -13, 1.5, 3, 14, 3]
				}
			]
		},
		{
			"id": "right_leg_c",
			"parent": "right_leg",
			"texture": "tex.dryad02",
			"scale": [1.067, 1.067, 1.067],
			"rotation": [0, 0, -2],
			"boxes": [
				{
					"textureOffset": [24, 12],
					"coordinates": [-1.5, -13, 1.5, 3, 14, 3]
				}
			]
		},
		
		{
			"id": "held_item_right_attach",
			"parent": "right_arm_c",
			"position": [1,-12.25,-1.5],
			"scale": [0.9,0.9,0.9],
			"attached": ["held_item_right"]
		},
		{
			"id": "held_item_left_attach",
			"parent": "left_arm_c",
			"attached": ["held_item_left"],
			"position": [-1,-12.25,-1.5],
			"scale": [0.9,0.9,0.9]
		},
		
		{
			"id": "helmet_attach",
			"parent": "head_c",
			"attached": ["helmet_all"],
			"position": [0,0.1,0],
			"scale": [0.76,0.77,0.76]
		},
		{
			"id": "head_wearing_attach",
			"parent": "head_c",
			"attached": ["head_wearing"],
			"position": [0,-0.3,0],
			"scale": [0.75,0.75,0.75]
		},
		
		{
			"id": "shoulder_parrot_right_attach",
			"parent": "body_c",
			"attached": ["shoulder_parrot_right"],
			"position": [-2,23.02,0],
			"rotation": [0,0,-15]
		},
		{
			"id": "shoulder_parrot_left_attach",
			"parent": "head_c",
			"attached": ["shoulder_parrot_left"],
			"position": [-2,6.02,-1.5],
			"rotation": [0,0,0]
		},
		
		{
			"id": "chestplate_body_attach",
			"parent": "bodytop_cpm_dummy",
			"attached": ["chestplate_body"],
			"position": [0,-1,0],
			"rotation": [0,-5,0],
			"scale": [0.57,0.67,0.57]
		},
		{
			"id": "chestplate_right_arm_attach",
			"parent": "right_arm_c",
			"attached": ["chestplate_right_arm"],
			"position": [1,0,0],
			"scale": [0.45,0.45,0.45]
		},
		{
			"id": "chestplate_left_arm_attach",
			"parent": "left_arm_c",
			"attached": ["chestplate_left_arm"],
			"position": [-1,0,0],
			"scale": [0.45,0.45,0.45]
		},
		{
			"id": "chestplate_right_breast_attach",
			"parent": "chestplate_body_attach",
			"attached": ["chestplate_right_arm"],
			"position": [1.7, -0.1, -4.5],
			"rotation": [8, 50, 5],
			"scale": [0.7,0.7,0.75]
		},
		{
			"id": "chestplate_left_breast_attach",
			"parent": "chestplate_body_attach",
			"attached": ["chestplate_left_arm"],
			"position": [-1.7, -0.1, -4.5],
			"rotation": [-5.5, 50, -5],
			"scale": [0.7,0.7,0.75]
		},
		
		{
			"id": "leggings_body_attach",
			"parent": "bodybottom_cpm_dummy",
			"attached": ["leggings_body"],
			"position": [0,-6.75,-1.5],
			"rotation": [0,5,0],
			"scale": [0.7,0.55,0.7]
		},
		{
			"id": "leggings_right_leg_attach",
			"parent": "right_leg_c",
			"attached": ["leggings_right_leg"],
			"scale": [0.65,0.85,0.65],
			"position": [0,-1,0]
		},
		{
			"id": "leggings_left_leg_attach",
			"parent": "left_leg_c",
			"attached": ["leggings_left_leg"],
			"scale": [0.65,0.85,0.65],
			"position": [0,-1,0]
		},
		
		{
			"id": "boots_right_leg_attach",
			"parent": "right_leg_c",
			"attached": ["boots_right_leg"],
			"scale": [0.6, 0.7, 0.6],
			"position": [0,-5.7,0]
		},
		{
			"id": "boots_left_leg_attach",
			"parent": "left_leg_c",
			"attached": ["boots_left_leg"],
			"scale": [0.6, 0.7, 0.6],
			"position": [0,-5.7,0]
		}
	]
}