{
    "id": 100,
    "name": "Dragonoid",
    "version": "1.0.2",
    "author": "0x00FF00",
    "desc": "A humanoid dragon model with fire breath and many custom animations. The model crawls when sneaking and breaths fire when using fire charges and flints & steels.\\r\\n\\r\\nContact me via my discord, ????????#3463, if you intend to use this model commercially.\\r\\nCredits for fragments of the skin go to DearFox and pau101, for the base skin and wing segments respectively.",
    "tags": "Dragon; Humanoid; Dragonoid; Scaly; Scalie; Tail; Digitigrade;",
    "likes": 76,
    "legacy": true
}