{
	"format_version": "1.10.0",
	"geometry.unknown": {
		"texturewidth": 128,
		"textureheight": 128,
		"visible_bounds_width": 3,
		"visible_bounds_height": 3.5,
		"visible_bounds_offset": [0, 1.25, 0],
		"bones": [
			{
				"name": "head_c",
				"pivot": [0, 24, 0],
				"cubes": [
					{"origin": [-4, 24, -4], "size": [8, 8, 8], "uv": [0, 0]},
					{"origin": [-4, 24, -4], "size": [8, 8, 8], "uv": [32, 0], "inflate": 0.25}
				]
			},
			{
				"name": "ear_right",
				"parent": "head_c",
				"pivot": [-4, 27, 0],
				"rotation": [10, -80, 0],
				"cubes": [
					{"origin": [-4, 24, -1], "size": [0, 6, 6], "uv": [51, 22]}
				]
			},
			{
				"name": "ear_left",
				"parent": "head_c",
				"pivot": [4, 27, 0],
				"rotation": [180, 100, 170],
				"cubes": [
					{"origin": [4, 24, -1], "size": [0, 6, 6], "uv": [51, 22]}
				]
			},
			{
				"name": "nose",
				"parent": "head_c",
				"pivot": [0, 25, -4],
				"cubes": [
					{"origin": [-1.5, 23.99, -4.5], "size": [3, 2, 1], "uv": [36, 28]},
					{"origin": [-1.5, 23.99, -4.5], "size": [3, 2, 1], "uv": [36, 31], "inflate": 0.25}
				]
			},
			{
				"name": "body_c",
				"pivot": [0, 24, 0],
				"cubes": [
					{"origin": [-2, 22.75, -1.6], "size": [4, 2, 4], "uv": [64, 0]},
					{"origin": [-2, 22.75, -1.6], "size": [4, 2, 4], "uv": [80, 0], "inflate": 0.25}
				]
			},
			{
				"name": "bone",
				"parent": "body_c",
				"pivot": [0, 12, 0],
				"rotation": [15, 0, 0],
				"cubes": [
					{"origin": [-4, 11.82899, -1.53015], "size": [8, 4, 4], "uv": [64, 23]},
					{"origin": [-4, 11.82899, -1.53015], "size": [8, 4, 4], "uv": [88, 23], "inflate": 0.25}
				]
			},
			{
				"name": "bone2",
				"parent": "body_c",
				"pivot": [0, 16, -1],
				"cubes": [
					{"origin": [-3.5, 15.1, -2.4], "size": [7, 5, 4], "uv": [64, 14]},
					{"origin": [-3.5, 15.1, -2.4], "size": [7, 5, 4], "uv": [86, 14], "inflate": 0.25}
				]
			},
			{
				"name": "bone3",
				"parent": "body_c",
				"pivot": [0, 20, -1],
				"rotation": [-15, 0, 0],
				"cubes": [
					{"origin": [-4, 19.7, -2.4], "size": [8, 4, 4], "uv": [64, 6]},
					{"origin": [-4, 19.7, -2.4], "size": [8, 4, 4], "uv": [88, 6], "inflate": 0.25}
				]
			},
			{
				"name": "bone4",
				"parent": "bone3",
				"pivot": [0, 22, -2.5],
				"rotation": [-10, 0, 0],
				"cubes": [
					{"origin": [-3.25, 19, -2.4], "size": [3, 3, 2], "uv": [96, 1]},
					{"origin": [0.25, 19, -2.4], "size": [3, 3, 2], "uv": [106, 1]}
				]
			},
			{
				"name": "tale",
				"parent": "body_c",
				"pivot": [0, 13, 1.75],
				"rotation": [5, 0, 0],
				"cubes": [
					{"origin": [-1.5, 11.5, 0.65], "size": [3, 3, 4], "uv": [78, 46], "inflate": 0.25},
					{"origin": [-1.5, 11.5, 0.65], "size": [3, 3, 4], "uv": [64, 46]}
				]
			},
			{
				"name": "tale_1",
				"parent": "tale",
				"pivot": [0, 13, 4.15],
				"rotation": [30, 0, 0],
				"cubes": [
					{"origin": [-2, 11, 3.15], "size": [4, 4, 4], "uv": [64, 53]},
					{"origin": [-2, 11, 3.15], "size": [4, 4, 4], "uv": [80, 53], "inflate": 0.25}
				]
			},
			{
				"name": "tale_2",
				"parent": "tale_1",
				"pivot": [0, 13, 6.15],
				"rotation": [12.5, 0, 0],
				"cubes": [
					{"origin": [-1, 12, 5.9], "size": [2, 2, 2], "uv": [112, 16]},
					{"origin": [-1, 12, 5.9], "size": [2, 2, 2], "uv": [120, 16], "inflate": 0.25}
				]
			},
			{
				"name": "right_arm_c",
				"pivot": [-5, 22, 0],
				"cubes": [
					{"origin": [-7, 12, -1.5], "size": [3, 12, 3], "uv": [64, 31]},
					{"origin": [-7, 12, -1.5], "size": [3, 12, 3], "uv": [88, 31], "inflate": 0.25}
				]
			},
			{
				"name": "left_arm_c",
				"pivot": [5, 22, 0],
				"cubes": [
					{"origin": [4, 12, -1.5], "size": [3, 12, 3], "uv": [76, 31]},
					{"origin": [4, 12, -1.5], "size": [3, 12, 3], "uv": [100, 31], "inflate": 0.25}
				]
			},
			{
				"name": "right_leg_c",
				"pivot": [-2, 12, 0],
				"rotation": [-30, -10, 5],
				"cubes": [
					{"origin": [-4, 6, -2], "size": [4, 7, 4], "uv": [0, 16]},
					{"origin": [-4, 6, -2], "size": [4, 7, 4], "uv": [32, 16], "inflate": 0.25}
				]
			},
			{
				"name": "right_leg_arm_0",
				"parent": "right_leg_c",
				"pivot": [0, 0, 0],
				"cubes": [
					{"origin": [-4, 6, -2], "size": [4, 7, 4], "uv": [32, 16], "inflate": 0.35}
				]
			},
			{
				"name": "right_leg_c_1",
				"parent": "right_leg_c",
				"pivot": [-2, 6, 0],
				"rotation": [80, 0, 0],
				"cubes": [
					{"origin": [-3, 2.75, -0.25], "size": [2, 5, 2], "uv": [0, 27]},
					{"origin": [-3, 2.75, -0.25], "size": [2, 5, 2], "uv": [16, 27], "inflate": 0.25}
				]
			},
			{
				"name": "right_leg_arm_1",
				"parent": "right_leg_c_1",
				"pivot": [-2, 6, 0],
				"cubes": [
					{"origin": [-3, 2.75, -0.25], "size": [2, 5, 2], "uv": [16, 27], "inflate": 0.35}
				]
			},
			{
				"name": "right_leg_c_2",
				"parent": "right_leg_c_1",
				"pivot": [-2, 2, 1],
				"rotation": [-65, 0, 0],
				"cubes": [
					{"origin": [-3.5, -3, -1.5], "size": [3, 6, 3], "uv": [0, 34]},
					{"origin": [-3.5, -3, -1.5], "size": [3, 6, 3], "uv": [24, 34], "inflate": 0.25}
				]
			},
			{
				"name": "right_leg_arm_2",
				"parent": "right_leg_c_2",
				"pivot": [-2, 2, 1],
				"cubes": [
					{"origin": [-3.5, -3, -1.5], "size": [3, 6, 3], "uv": [24, 34], "inflate": 0.35}
				]
			},
			{
				"name": "right_leg_c_3",
				"parent": "right_leg_c_2",
				"pivot": [-2, -3, 0],
				"rotation": [15, 0, -5],
				"cubes": [
					{"origin": [-3.5, -3.5, -1.5], "size": [3, 1, 3], "uv": [0, 43]},
					{"origin": [-3.5, -3.5, -1.5], "size": [3, 1, 3], "uv": [24, 43], "inflate": 0.25}
				]
			},
			{
				"name": "right_leg_arm_3",
				"parent": "right_leg_c_3",
				"pivot": [-2, -3, 0],
				"cubes": [
					{"origin": [-3.5, -3.5, -1.5], "size": [3, 1, 3], "uv": [24, 43], "inflate": 0.35}
				]
			},
			{
				"name": "left_leg_c",
				"pivot": [2, 12, 0],
				"rotation": [-30, 10, -5],
				"cubes": [
					{"origin": [0, 6, -2], "size": [4, 7, 4], "uv": [16, 16]},
					{"origin": [0, 6, -2], "size": [4, 7, 4], "uv": [48, 16], "inflate": 0.25}
				]
			},
			{
				"name": "left_leg_arm_0",
				"parent": "left_leg_c",
				"pivot": [0, 0, 0],
				"cubes": [
					{"origin": [0, 6, -2], "size": [4, 7, 4], "uv": [48, 16], "inflate": 0.35}
				]
			},
			{
				"name": "left_leg_c_1",
				"parent": "left_leg_c",
				"pivot": [2, 6, 0],
				"rotation": [80, 0, 0],
				"cubes": [
					{"origin": [1, 2.75, -0.25], "size": [2, 5, 2], "uv": [8, 27]},
					{"origin": [1, 2.75, -0.25], "size": [2, 5, 2], "uv": [24, 27], "inflate": 0.25}
				]
			},
			{
				"name": "left_leg_arm_1",
				"parent": "left_leg_c_1",
				"pivot": [-2, 6, 0],
				"cubes": [
					{"origin": [1, 2.75, -0.25], "size": [2, 5, 2], "uv": [24, 27], "inflate": 0.35}
				]
			},
			{
				"name": "left_leg_c_2",
				"parent": "left_leg_c_1",
				"pivot": [2, 2, 1],
				"rotation": [-65, 0, 0],
				"cubes": [
					{"origin": [0.5, -3, -1.5], "size": [3, 6, 3], "uv": [12, 34]},
					{"origin": [0.5, -3, -1.5], "size": [3, 6, 3], "uv": [36, 34], "inflate": 0.25}
				]
			},
			{
				"name": "left_leg_arm_2",
				"parent": "left_leg_c_2",
				"pivot": [2, 2, 1],
				"cubes": [
					{"origin": [0.5, -3, -1.5], "size": [3, 6, 3], "uv": [36, 34], "inflate": 0.35}
				]
			},
			{
				"name": "left_leg_c_3",
				"parent": "left_leg_c_2",
				"pivot": [2, -3, 0],
				"rotation": [15, 0, 5],
				"cubes": [
					{"origin": [0.5, -3.5, -1.5], "size": [3, 1, 3], "uv": [12, 43]},
					{"origin": [0.5, -3.5, -1.5], "size": [3, 1, 3], "uv": [36, 43], "inflate": 0.25}
				]
			},
			{
				"name": "left_leg_arm_3",
				"parent": "left_leg_c_3",
				"pivot": [2, -3, 0],
				"cubes": [
					{"origin": [0.5, -3.5, -1.5], "size": [3, 1, 3], "uv": [36, 43], "inflate": 0.35}
				]
			}
		]
	}
}