{
    "id": 167,
    "name": "Minotaurus Archer (Grimoire of Gaia 3)",
    "version": "1.0.0",
    "author": "Model by Silentine, ported by V972",
    "desc": "### Minotaurus mob model\\r\\nfrom the mod [Grimoire of Gaia 3](https://www.curseforge.com/minecraft/mc-mods/grimoire-of-gaia).  \\r\\n**_Archer Variant_**\\r\\n\\r\\n#### Model features:\\r\\n-- Supports all player features.  \\r\\n-- Custom fitting armor. Supports vanilla and (in theory) modded armor.  \\r\\n-- Ring on the neck respects gravity. Try jumping.  \\r\\n-- Ears and tail animations.\\r\\n-- Parrots sit on horns.    \\r\\n\\r\\n#### Credit\\r\\n-- Original model by Silentine  \\r\\n\\r\\nPorted and uploaded [with developer\\'s permission](https://discordapp.com/channels/488774215961542666/488774215961542668/708450777311608854) (link to Discord message).  \\r\\nIf you find any bugs or have suggestions, find me on Discord: **`V972#8352`**.  \\r\\n\\r\\n#### Changelog:\\r\\n-- V 1.0.0  \\r\\nInitial upload.",
    "tags": "minotaurus;minotaur;bull;archer;ranged;monstergirl;monster;girl;grimoireofgaia;grimoireofgaia3;grimoire;gaia",
    "likes": 17,
    "legacy": true
}