{
	"modelId": "alice_margatroid",
	"modelName": "Alice Margatroid",
	"version": "1.0.0",
	"author": "Succinum, ZeniCrow, Paulzzh, Tian_mi",
	"hide": ["model_all", "feature_all"],
	"skeleton": {
		"right_arm_all": [4, -0.66667, 0],
		"left_arm_all": [-4, -0.66667, 0]
	},
	"variables": {
		"left_arm_roll": "if(is_first_person,0,-25)",
		"right_arm_roll": "if(is_first_person,0,25)"
	},
	"bones": [
		{
			"id": "head_c",
			"parent": "head",
			"texture": "tex.alice_margatroid",
			"scale": [1.33333, 1.33333, 1.33333],
			"boxes": [
				{
					"textureOffset": [36, 0],
					"coordinates": [-4, 0, 4, 8, 8, 8]
				}
			]
		},
		{
			"id": "head_c_helmet_hat",
			"parent": "head_c",
			"attached": ["helmet_all", "head_wearing"]
		},
		{
			"id": "blink",
			"parent": "head_c",
			"visible": "fmod(age,60)<5",
			"boxes": [
				{
					"textureOffset": [32, 73],
					"coordinates": [-4, 0, -4.001, 8, 8, 0.001]
				}
			]
		},
		{
			"id": "ahoge",
			"parent": "head_c",
			"boxes": []
		},
		{
			"id": "decoration3",
			"parent": "head_c",
			"boxes": [
				{
					"textureOffset": [32, 69],
					"coordinates": [-3.5, 7.25, 1, 7, 1, 3]
				},
				{
					"textureOffset": [8, 111],
					"coordinates": [1.5, 7.75, -1, 1, 1, 1]
				},
				{
					"textureOffset": [60, 109],
					"coordinates": [1.5, 7.75, 1, 1, 1, 1]
				},
				{
					"textureOffset": [4, 111],
					"coordinates": [-0.5, 7.75, -1, 1, 1, 1]
				},
				{
					"textureOffset": [64, 109],
					"coordinates": [-0.5, 7.75, 1, 1, 1, 1]
				},
				{
					"textureOffset": [0, 111],
					"coordinates": [-2.5, 7.75, -1, 1, 1, 1]
				},
				{
					"textureOffset": [68, 109],
					"coordinates": [-2.5, 7.75, 1, 1, 1, 1]
				}
			]
		},
		{
			"id": "right_arm_c",
			"parent": "right_arm",
			"texture": "tex.alice_margatroid",
			"scale": [1.33333, 1.33333, 1.33333],
			"rotation": [0, 0, "var.right_arm_roll"],
			"boxes": [
				{
					"textureOffset": [20, 95],
					"coordinates": [0, -10, 1, 2, 8, 2]
				},
				{
					"textureOffset": [24, 88],
					"coordinates": [-0.5, -5, 1.5, 3, 4, 3]
				}
			]
		},
		{
			"id": "right_arm_c_item_right",
			"parent": "right_arm_c",
			"attached": ["held_item_right"],
			"position": [1, -12, -1],
			"scale": [0.75, 0.75, 0.75]
		},
		{
			"id": "left_arm_c",
			"parent": "left_arm",
			"texture": "tex.alice_margatroid",
			"scale": [1.33333, 1.33333, 1.33333],
			"rotation": [0, 0, "var.left_arm_roll"],
			"boxes": [
				{
					"textureOffset": [12, 95],
					"coordinates": [-2, -10, 1, 2, 8, 2]
				},
				{
					"textureOffset": [40, 83],
					"coordinates": [-2.5, -5, 1.5, 3, 4, 3]
				}
			]
		},
		{
			"id": "left_arm_c_item_left",
			"parent": "left_arm_c",
			"attached": ["held_item_left"],
			"position": [-1, -12, -1],
			"scale": [0.75, 0.75, 0.75]
		},
		{
			"id": "body_c",
			"parent": "body",
			"texture": "tex.alice_margatroid",
			"scale": [1.33333, 1.33333, 1.33333],
			"boxes": [
				{
					"textureOffset": [0, 27],
					"coordinates": [-3, 1.5, 3, 6, 6, 6]
				},
				{
					"textureOffset": [68, 0],
					"coordinates": [-5.5, 1.5, 3.499, 11, 6, 6]
				},
				{
					"textureOffset": [38, 57],
					"coordinates": [-5.5, 1.5, 3.501, 11, 6, 0.001]
				},
				{
					"textureOffset": [0, 69],
					"coordinates": [-2.5, -0.5, 2.501, 5, 2, 5]
				},
				{
					"textureOffset": [64, 16],
					"coordinates": [-3.5, -3.5, 3.5, 7, 3, 7]
				},
				{
					"textureOffset": [32, 16],
					"coordinates": [-4, -9, 4, 8, 1, 8]
				},
				{
					"textureOffset": [0, 16],
					"coordinates": [-4, -6, 4, 8, 3, 8]
				},
				{
					"textureOffset": [0, 0],
					"coordinates": [-4.5, -8.5, 4.5, 9, 3, 9]
				}
			],
			"position": [0, -7.5, 0]
		},
		{
			"id": "body_c_chestplate_body",
			"parent": "body_c",
			"attached": ["armor_body_all"],
			"scale": [0.75, 0.75, 1.05],
			"position": [0, 10, 0]
		},
		{
			"id": "body_c_cape_elytra",
			"parent": "body_c_chestplate_body",
			"attached": ["cape", "elytra"],
			"texture": "tex.skin"
		},
		{
			"id": "body_c_parrot_left",
			"parent": "body_c",
			"attached": ["shoulder_parrot_left"],
			"position": [-6.5, 10, 0],
			"scale": [0.75, 0.75, 0.75]
		},
		{
			"id": "body_c_parrot_right",
			"parent": "body_c",
			"attached": ["shoulder_parrot_right"],
			"position": [6.5, 10, 0],
			"scale": [0.75, 0.75, 0.75]
		},
		{
			"id": "left_cpm_dummy",
			"parent": "body_c",
			"position": [0, -10.5, 0]
		},
		{
			"id": "left",
			"parent": "left_cpm_dummy",
			"rotation": [0, 0, -25],
			"boxes": [
				{
					"textureOffset": [60, 43],
					"coordinates": [-13.47873, 8.4576, 3.5, 3, 6, 6]
				}
			]
		},
		{
			"id": "right_cpm_dummy",
			"parent": "body_c",
			"position": [0, -10.5, 0]
		},
		{
			"id": "right",
			"parent": "right_cpm_dummy",
			"rotation": [0, 0, 25],
			"boxes": [
				{
					"textureOffset": [0, 57],
					"coordinates": [10.47873, 8.4576, 3.5, 3, 6, 6]
				}
			]
		},
		{
			"id": "bone20_cpm_dummy",
			"parent": "body_c",
			"position": [0, 0.5, 0]
		},
		{
			"id": "bone20",
			"parent": "bone20_cpm_dummy",
			"rotation": [0, 0, 5],
			"boxes": [
				{
					"textureOffset": [36, 43],
					"coordinates": [-3, -0.5, 3, 6, 1, 6]
				}
			]
		},
		{
			"id": "decoration1_cpm_dummy",
			"parent": "body_c",
			"position": [-2, 0.5, -3]
		},
		{
			"id": "decoration1",
			"parent": "decoration1_cpm_dummy",
			"rotation": [180, 30, 0],
			"boxes": [
				{
					"textureOffset": [16, 111],
					"coordinates": [-1, -0.86603, 0.75, 1, 1, 1]
				}
			]
		},
		{
			"id": "bone9_cpm_dummy",
			"parent": "decoration1",
			"position": [-7, -0.5, -2]
		},
		{
			"id": "bone9",
			"parent": "bone9_cpm_dummy",
			"rotation": [-30, 0, 0],
			"boxes": []
		},
		{
			"id": "bone5_cpm_dummy",
			"parent": "bone9",
			"position": [0, -10.5, 0]
		},
		{
			"id": "bone5",
			"parent": "bone5_cpm_dummy",
			"rotation": [0, 0, -30],
			"boxes": [
				{
					"textureOffset": [42, 109],
					"coordinates": [-3.64952, 10.74936, 5.16506, 2, 1, 1]
				}
			]
		},
		{
			"id": "bone8_cpm_dummy",
			"parent": "bone9",
			"position": [0, -10.5, 0]
		},
		{
			"id": "bone8",
			"parent": "bone8_cpm_dummy",
			"rotation": [0, 0, 30],
			"boxes": [
				{
					"textureOffset": [24, 109],
					"coordinates": [6.98446, 6.66923, 5.16506, 2, 1, 1]
				}
			]
		},
		{
			"id": "bone10_cpm_dummy",
			"parent": "decoration1",
			"position": [0, -0.5, -2]
		},
		{
			"id": "bone10",
			"parent": "bone10_cpm_dummy",
			"rotation": [30, 0, 0],
			"boxes": []
		},
		{
			"id": "bone6_cpm_dummy",
			"parent": "bone10",
			"position": [0, -10.5, 0]
		},
		{
			"id": "bone6",
			"parent": "bone6_cpm_dummy",
			"rotation": [0, 0, 30],
			"boxes": [
				{
					"textureOffset": [36, 109],
					"coordinates": [6.14952, 8.15128, 2.16506, 2, 1, 1]
				}
			]
		},
		{
			"id": "bone7_cpm_dummy",
			"parent": "bone10",
			"position": [0, -10.5, 0]
		},
		{
			"id": "bone7",
			"parent": "bone7_cpm_dummy",
			"rotation": [0, 0, -30],
			"boxes": [
				{
					"textureOffset": [30, 109],
					"coordinates": [-4.48446, 9.2673, 2.16506, 2, 1, 1]
				}
			]
		},
		{
			"id": "decoration2",
			"parent": "body_c",
			"boxes": [
				{
					"textureOffset": [12, 111],
					"coordinates": [-0.5, 7, -2.75, 1, 1, 1]
				}
			]
		},
		{
			"id": "bone11_cpm_dummy",
			"parent": "decoration2",
			"position": [0, 6.5, -3]
		},
		{
			"id": "bone11",
			"parent": "bone11_cpm_dummy",
			"rotation": [0, -15, 75],
			"boxes": [
				{
					"textureOffset": [30, 111],
					"coordinates": [0.49608, -1.71423, -0.59421, 1, 2, 0.001]
				}
			]
		},
		{
			"id": "bone2_cpm_dummy",
			"parent": "decoration2",
			"position": [0, 6.5, -3]
		},
		{
			"id": "bone2",
			"parent": "bone2_cpm_dummy",
			"rotation": [0, -15, 20],
			"boxes": [
				{
					"textureOffset": [24, 111],
					"coordinates": [-0.12783, -2.05655, -0.77043, 1, 3, 0.001]
				}
			]
		},
		{
			"id": "bone12_cpm_dummy",
			"parent": "decoration2",
			"position": [0, 6.5, -3]
		},
		{
			"id": "bone12",
			"parent": "bone12_cpm_dummy",
			"rotation": [0, -15, -75],
			"boxes": [
				{
					"textureOffset": [28, 111],
					"coordinates": [-1.48296, -1.75441, -0.58344, 1, 2, 0.001]
				}
			]
		},
		{
			"id": "bone_cpm_dummy",
			"parent": "decoration2",
			"position": [0, 6.5, -3]
		},
		{
			"id": "bone",
			"parent": "bone_cpm_dummy",
			"rotation": [0, -15, -20],
			"boxes": [
				{
					"textureOffset": [26, 111],
					"coordinates": [-0.85906, -2.09674, -0.75967, 1, 3, 0.001]
				}
			]
		},
		{
			"id": "decoration4_cpm_dummy",
			"parent": "body_c",
			"position": [-1.5, 0.5, -3]
		},
		{
			"id": "decoration4",
			"parent": "decoration4_cpm_dummy",
			"rotation": [-15, -5, 0],
			"boxes": []
		},
		{
			"id": "bone14_cpm_dummy",
			"parent": "decoration4",
			"position": [1.5, -0.5, 3]
		},
		{
			"id": "bone14",
			"parent": "bone14_cpm_dummy",
			"rotation": [0, 90, 0],
			"boxes": [
				{
					"textureOffset": [0, 105],
					"coordinates": [-2, 6.0288, -3.97511, 1, 0.001, 3]
				}
			]
		},
		{
			"id": "bone4_cpm_dummy",
			"parent": "decoration4",
			"position": [1.5, -0.5, 3]
		},
		{
			"id": "bone4",
			"parent": "bone4_cpm_dummy",
			"rotation": [0, 75, 0],
			"boxes": [
				{
					"textureOffset": [12, 109],
					"coordinates": [-2, 4.79354, -3.40003, 1, 0.001, 2]
				}
			]
		},
		{
			"id": "bone3_cpm_dummy",
			"parent": "decoration4",
			"position": [1.5, -0.5, 3]
		},
		{
			"id": "bone3",
			"parent": "bone3_cpm_dummy",
			"rotation": [0, 45, 0],
			"boxes": [
				{
					"textureOffset": [18, 109],
					"coordinates": [-2, 2.45031, -3.34128, 1, 0.001, 2]
				}
			]
		},
		{
			"id": "bone17_cpm_dummy",
			"parent": "decoration4",
			"position": [1.5, -0.5, 3]
		},
		{
			"id": "bone17",
			"parent": "bone17_cpm_dummy",
			"rotation": [0, 15, 0],
			"boxes": [
				{
					"textureOffset": [16, 113],
					"coordinates": [-2, 0.45039, -3.11879, 1, 0.001, 1]
				}
			]
		},
		{
			"id": "decoration5_cpm_dummy",
			"parent": "body_c",
			"position": [-1.5, 0.5, -3]
		},
		{
			"id": "decoration5",
			"parent": "decoration5_cpm_dummy",
			"rotation": [15, 5, 0],
			"boxes": []
		},
		{
			"id": "bone15_cpm_dummy",
			"parent": "decoration5",
			"position": [1.5, -0.5, 3]
		},
		{
			"id": "bone15",
			"parent": "bone15_cpm_dummy",
			"rotation": [0, 60, 0],
			"boxes": [
				{
					"textureOffset": [6, 109],
					"coordinates": [-2, 3.38256, -2.6804, 1, 0.001, 2]
				}
			]
		},
		{
			"id": "bone13_cpm_dummy",
			"parent": "decoration5",
			"position": [1.5, -0.5, 3]
		},
		{
			"id": "bone13",
			"parent": "bone13_cpm_dummy",
			"rotation": [0, 15, 0],
			"boxes": [
				{
					"textureOffset": [20, 111],
					"coordinates": [-2, 0.4955, -3.28716, 1, 0.001, 1]
				}
			]
		},
		{
			"id": "bone16_cpm_dummy",
			"parent": "decoration5",
			"position": [1.5, -0.5, 3]
		},
		{
			"id": "bone16",
			"parent": "bone16_cpm_dummy",
			"rotation": [0, 90, 0],
			"boxes": [
				{
					"textureOffset": [48, 99],
					"coordinates": [-2, 5.26959, -2.36206, 1, 0.001, 3]
				}
			]
		},
		{
			"id": "bone18",
			"parent": "body_c",
			"rotation": [0, 45, 0],
			"boxes": [
				{
					"textureOffset": [0, 109],
					"coordinates": [-1, 3, 0.5, 2, 1, 1]
				},
				{
					"textureOffset": [54, 107],
					"coordinates": [-1, 4, 1.5, 2, 1, 1]
				},
				{
					"textureOffset": [54, 105],
					"coordinates": [-1, 5, 2.5, 2, 1, 1]
				}
			]
		},
		{
			"id": "left_leg_c",
			"parent": "left_leg",
			"texture": "tex.alice_margatroid",
			"scale": [1.33333, 1.33333, 1.33333],
			"boxes": [
				{
					"textureOffset": [12, 83],
					"coordinates": [-1.499, -9, 1.5, 3, 9, 3]
				}
			]
		},
		{
			"id": "left_leg_c_legging_left",
			"parent": "left_leg_c",
			"attached": ["armor_left_leg_all"],
			"scale": [0.75, 0.75, 0.75]
		},
		{
			"id": "right_leg_c",
			"parent": "right_leg",
			"texture": "tex.alice_margatroid",
			"scale": [1.33333, 1.33333, 1.33333],
			"boxes": [
				{
					"textureOffset": [0, 83],
					"coordinates": [-1.501, -9, 1.5, 3, 9, 3]
				}
			]
		},
		{
			"id": "right_leg_c_legging_right",
			"parent": "right_leg_c",
			"attached": ["armor_right_leg_all"],
			"scale": [0.75, 0.75, 0.75]
		},
		{
			"id": "cosFloat_cpm_dummy",
			"position": [-2, 15, 2]
		},
		{
			"id": "cosFloat",
			"texture": "tex.alice_margatroid",
			"parent": "cosFloat_cpm_dummy",
			"rotation": [0, -30, 0],
			"position": [0, "cos(age/10)*0.8", 0],
			"boxes": []
		},
		{
			"id": "book_cpm_dummy",
			"parent": "cosFloat",
			"position": [12, -1, 11]
		},
		{
			"id": "book",
			"parent": "book_cpm_dummy",
			"rotation": [0, 90, 0],
			"boxes": [
				{
					"textureOffset": [60, 57],
					"coordinates": [-1, 0, 4, 1, 1, 8]
				},
				{
					"textureOffset": [18, 57],
					"coordinates": [-1, -0.001, 4.5, 1, 0.001, 9]
				}
			]
		},
		{
			"id": "bookRight",
			"parent": "book",
			"rotation": [0, 0, -60],
			"boxes": [
				{
					"textureOffset": [18, 43],
					"coordinates": [-1.002, 0.501, 4, 1, 6, 8]
				},
				{
					"textureOffset": [42, 27],
					"coordinates": [-0.001, 0.001, 4.5, 0.001, 7, 9]
				},
				{
					"textureOffset": [40, 95],
					"coordinates": [0, 1.5, 0, 1, 4, 3]
				},
				{
					"textureOffset": [26, 105],
					"coordinates": [-0.5, 2, 2, 1, 1, 2]
				},
				{
					"textureOffset": [20, 105],
					"coordinates": [-0.5, 4, 2, 1, 1, 2]
				},
				{
					"textureOffset": [56, 109],
					"coordinates": [-0.5, 3, 2, 1, 1, 1]
				}
			]
		},
		{
			"id": "bookLeft_cpm_dummy",
			"parent": "book",
			"position": [-1, 0, 0]
		},
		{
			"id": "bookLeft",
			"parent": "bookLeft_cpm_dummy",
			"rotation": [180, 0, 60],
			"boxes": [
				{
					"textureOffset": [0, 43],
					"coordinates": [-1.002, 0.5, 4, 1, 6, 8]
				},
				{
					"textureOffset": [24, 27],
					"coordinates": [-0.001, 0, 4.5, 0.001, 7, 9]
				}
			]
		},
		{
			"id": "wingLeft_cpm_dummy",
			"parent": "cosFloat",
			"position": [11.5, -5, 10]
		},
		{
			"id": "wingLeft",
			"parent": "wingLeft_cpm_dummy",
			"rotation": ["todeg(cos(age*0.3)*0.2+0.5)", 0, 0],
			"boxes": [
				{
					"textureOffset": [20, 69],
					"coordinates": [0, 0, 0, 0.001, 8, 6]
				}
			]
		},
		{
			"id": "sinFloat_cpm_dummy",
			"position": [-12, -7, 5]
		},
		{
			"id": "sinFloat",
			"texture": "tex.alice_margatroid",
			"parent": "sinFloat_cpm_dummy",
			"position": [0, "sin(age/10)*0.8", 0],
			"boxes": [
				{
					"textureOffset": [50, 105],
					"coordinates": [-1.5, 0, 0.5, 1, 3, 1]
				},
				{
					"textureOffset": [46, 105],
					"coordinates": [0.5, 0, 0.5, 1, 3, 1]
				},
				{
					"textureOffset": [24, 83],
					"coordinates": [-2, 2, 2, 4, 1, 4]
				},
				{
					"textureOffset": [28, 95],
					"coordinates": [-1.5, 3, 1.5, 3, 1, 3]
				},
				{
					"textureOffset": [34, 111],
					"coordinates": [0.5, 6.5, -1.501, 1, 1, 0.001]
				},
				{
					"textureOffset": [32, 113],
					"coordinates": [-1.5, 6.5, -1.501, 1, 1, 0.001]
				},
				{
					"textureOffset": [0, 95],
					"coordinates": [-1.5, 6, 1.5, 3, 3, 3]
				},
				{
					"textureOffset": [48, 95],
					"coordinates": [-1, 4, 1, 2, 2, 2]
				}
			]
		},
		{
			"id": "bone21_cpm_dummy",
			"parent": "sinFloat",
			"position": [1, 6, 0]
		},
		{
			"id": "bone21",
			"parent": "bone21_cpm_dummy",
			"rotation": [0, 0, 25],
			"boxes": [
				{
					"textureOffset": [42, 105],
					"coordinates": [0, -3, 0.5, 1, 3, 1]
				}
			]
		},
		{
			"id": "bone19_cpm_dummy",
			"parent": "sinFloat",
			"position": [-1, 6, 0]
		},
		{
			"id": "bone19",
			"parent": "bone19_cpm_dummy",
			"rotation": [0, 0, -25],
			"boxes": [
				{
					"textureOffset": [38, 105],
					"coordinates": [-1, -3, 0.5, 1, 3, 1]
				}
			]
		},
		{
			"id": "eye_cpm_dummy",
			"parent": "sinFloat",
			"position": [0.5, 7.5, -1.5]
		},
		{
			"id": "eye",
			"parent": "eye_cpm_dummy",
			"rotation": [-5, 0, 0],
			"boxes": [
				{
					"textureOffset": [34, 113],
					"coordinates": [-0.5, -1, 0, 1, 1, 0.001]
				}
			]
		},
		{
			"id": "eye2_cpm_dummy",
			"parent": "sinFloat",
			"position": [-0.5, 7.5, -1.5]
		},
		{
			"id": "eye2",
			"parent": "eye2_cpm_dummy",
			"rotation": [5, 0, 0],
			"boxes": [
				{
					"textureOffset": [34, 112],
					"coordinates": [-0.5, -1, 0, 1, 1, 0.001]
				}
			]
		},
		{
			"id": "hair_cpm_dummy",
			"parent": "sinFloat",
			"position": [0, 8, -1.5]
		},
		{
			"id": "hair",
			"parent": "hair_cpm_dummy",
			"rotation": [0, -5, 0],
			"boxes": [
				{
					"textureOffset": [32, 112],
					"coordinates": [-0.5, -0.5, 0, 1, 1, 0.001]
				}
			]
		},
		{
			"id": "bone24_cpm_dummy",
			"parent": "sinFloat",
			"position": [1, 0, -1]
		},
		{
			"id": "bone24",
			"parent": "bone24_cpm_dummy",
			"rotation": [0, -30, 0],
			"boxes": [
				{
					"textureOffset": [32, 105],
					"coordinates": [-2.5, 1.2141, -2.43301, 3, 2, 0.001]
				}
			]
		},
		{
			"id": "bone22_cpm_dummy",
			"parent": "sinFloat",
			"position": [0, 8, 0]
		},
		{
			"id": "bone22",
			"parent": "bone22_cpm_dummy",
			"rotation": [0, 0, -30],
			"boxes": [
				{
					"textureOffset": [14, 105],
					"coordinates": [0, 0, 2, 2, 2, 1]
				}
			]
		},
		{
			"id": "bone23_cpm_dummy",
			"parent": "sinFloat",
			"position": [0, 8, 0]
		},
		{
			"id": "bone23",
			"parent": "bone23_cpm_dummy",
			"rotation": [0, 0, 30],
			"boxes": [
				{
					"textureOffset": [8, 105],
					"coordinates": [-2, 0, 2, 2, 2, 1]
				}
			]
		},
		{
			"id": "bone25_cpm_dummy",
			"parent": "sinFloat",
			"position": [0, 4, 1]
		},
		{
			"id": "bone25",
			"parent": "bone25_cpm_dummy",
			"rotation": [0, 0, 30],
			"boxes": [
				{
					"textureOffset": [52, 109],
					"coordinates": [-1, 0, 1, 1, 1, 1]
				},
				{
					"textureOffset": [32, 111],
					"coordinates": [0, -1, 0.75, 1, 1, 0.001]
				}
			]
		},
		{
			"id": "bone26_cpm_dummy",
			"parent": "sinFloat",
			"position": [0, 4, 1]
		},
		{
			"id": "bone26",
			"parent": "bone26_cpm_dummy",
			"rotation": [0, 0, -30],
			"boxes": [
				{
					"textureOffset": [30, 113],
					"coordinates": [-1, -1, 0.75, 1, 1, 0.001]
				},
				{
					"textureOffset": [48, 109],
					"coordinates": [0, 0, 1, 1, 1, 1]
				}
			]
		}
	]
}