{
	"format_version": "1.8.0",
	"animations": {
		"walk": {
			"loop": true,
			"animation_length": 2,
			"bones": {
				"root": {
					"rotation": {
						"0.0": [0, 0, 6],
						"0.3333": [0, 0, 5],
						"0.5": [0, 0, 0],
						"0.6667": [0, 0, -5],
						"1.3333": [0, 0, -5],
						"1.5": [0, 0, 0],
						"1.6667": [0, 0, 5],
						"2.0": [0, 0, 6]
					},
					"position": {
						"0.0": [0, 0, 0],
						"0.5": [5, 0, 0],
						"1.5": [-5, 0, 0],
						"2.0": [0, 0, 0]
					}
				},
				"lock1": {
					"rotation": [0, -17.5, 0]
				},
				"lock3": {
					"rotation": [0, 17.5, 0]
				},
				"lock2": {
					"rotation": [0, -25, 0]
				},
				"lock4": {
					"rotation": [0, 25, 0]
				},
				"cat": {
					"rotation": {
						"0.0": [-20, 0, 6],
						"0.2917": [-20, 0, 5],
						"0.4583": [-20, 0, 0],
						"0.5833": [-20, 0, -5],
						"1.2917": [-20, 0, -5],
						"1.4583": [-20, 0, 0],
						"1.5833": [-20, 0, 5],
						"2.0": [-20, 0, 6]
					},
					"position": {
						"0.0": [0, 0, 0],
						"0.2083": [0.56308, 0, 0],
						"0.3333": [0.8648, 0, 0],
						"0.4583": [0.99231, 0, 0],
						"0.5": [1, 0, 0],
						"0.6667": [0.89648, 0, 0],
						"0.9167": [0.26125, 0, 0],
						"1.0": [0, 0, 0],
						"1.2083": [-0.57179, 0, 0],
						"1.3333": [-0.87589, 0, 0],
						"1.4583": [-0.99756, 0, 0],
						"1.5": [-1, 0, 0],
						"1.6667": [-0.89557, 0, 0],
						"1.8333": [-0.50806, 0, 0],
						"2.0": [0, 0, 0]
					}
				},
				"tail2": {
					"rotation": [-2.44544, 0.51962, -0.01109]
				},
				"tail3": {
					"rotation": [-14.7028, 2.92542, -1.05638]
				},
				"tail4": {
					"rotation": [-17.17939, 2.27729, -2.82104]
				},
				"head_c": {
					"rotation": {
						"0.0": [21.60633, -6.21897, 3.19144],
						"0.25": [21.84666, -5.33035, 2.56429],
						"0.4167": [27.45616, -1.48124, -0.98894],
						"0.5417": [24.7221, 3.77338, -3.47831],
						"1.25": [29.25672, 6.69017, -1.42852],
						"1.4167": [29.95411, 1.5891, 1.11179],
						"1.5417": [24.7221, -3.77338, 3.47831],
						"2.0": [21.6063, -6.219, 3.1914]
					},
					"position": {
						"0.0": [0.5, -0.25, -1.5],
						"0.25": [0.5, -0.25, -1.5],
						"0.4167": [-0.5, -0.25, -1.5],
						"1.25": [-0.5, -0.25, -1.5],
						"1.4167": [0.5, -0.25, -1.5],
						"2.0": [0.5, -0.25, -1.5]
					}
				},
				"Left_Leg": {
					"rotation": {
						"0.0": [0, 0, -6],
						"0.375": [-3.26, 20.39, -6.79],
						"0.6667": [-4.35143, 27.1801, -7.0524],
						"1.0": [0, 0, 6],
						"1.5": [-1.09667, -24.97748, 0.24291],
						"2.0": [0, 0, -6]
					}
				},
				"Right_Leg": {
					"rotation": {
						"0.0": [0, 0, -6],
						"0.375": [-3.26, 20.39, -6.79],
						"0.6667": [-4.35143, 27.1801, -7.0524],
						"1.0": [0, 0, 6],
						"1.5": [-1.09667, -24.97748, 0.24291],
						"2.0": [0, 0, -6]
					}
				},
				"Left_front": {
					"rotation": {
						"0.0": [22.5, 0, -6],
						"0.375": [19.24, 20.39, -6.79],
						"0.6667": [23.14857, 27.1801, -7.0524],
						"1.0": [27.5, 0, 6],
						"1.5": [21.40333, -24.97748, 0.24291],
						"2.0": [25, 0, -6]
					}
				},
				"Right_front": {
					"rotation": {
						"0.0": [22.5, 0, 6],
						"0.375": [19.24, -20.39, 6.79],
						"0.6667": [23.14857, -27.1801, 7.0524],
						"1.0": [27.5, 0, -6],
						"1.5": [21.40333, 24.97748, -0.24291],
						"2.0": [25, 0, 6]
					}
				},
				"LeftBook": {
					"rotation": [0, 0, -10]
				},
				"RightBook": {
					"rotation": [0, 0, 10]
				},
				"colar": {
					"rotation": [23.10438, -10.45989, 2.69546],
					"position": [0, 0, -0.75]
				},
				"Left_Leg_2": {
					"rotation": [25, 0, 0]
				},
				"Left_paw": {
					"rotation": [-40.59558, 0.74744, -1.42457]
				},
				"Left_paw_2": {
					"rotation": [27.5, 0, 0]
				},
				"Right_Leg_2": {
					"rotation": [25, 0, 0]
				},
				"Right_paw": {
					"rotation": [-40.59558, -0.74744, 1.42457]
				},
				"Right_paw_2": {
					"rotation": [27.5, 0, 0]
				}
			}
		},
		"run": {
			"loop": true,
			"bones": {
				"lock1": {
					"rotation": [0, -35, 0]
				},
				"lock3": {
					"rotation": [0, 35, 0]
				},
				"lock2": {
					"rotation": [0, -42.5, 0]
				},
				"lock4": {
					"rotation": [0, 42.5, 0]
				},
				"cat": {
					"position": [0, -3, 0]
				},
				"tail2": {
					"rotation": [-7.5, 0, 0]
				},
				"tail3": {
					"rotation": [-27.5, 0, 0]
				},
				"tail4": {
					"rotation": [-25, 0, 0]
				},
				"head_c": {
					"rotation": [-5, 0, 0]
				},
				"Left_ear": {
					"rotation": [-49.51882, 8.5685, 5.73831],
					"position": [0, -1, 0]
				},
				"Right_ear": {
					"rotation": [-49.51882, -8.5685, -5.73831],
					"position": [0, -1, 0]
				},
				"antena": {
					"rotation": [-32.5, 0, 0]
				},
				"antena3": {
					"rotation": [20, 0, 0]
				},
				"antena4": {
					"rotation": [47.5, 0, 0]
				},
				"Left_Leg": {
					"rotation": [-57.5, 0, 0]
				},
				"Left_Leg_2": {
					"rotation": [25, 0, 0]
				},
				"Left_paw": {
					"rotation": [-12.5, 0, 0]
				},
				"Left_paw_2": {
					"rotation": [47.5, 0, 0]
				},
				"Right_Leg": {
					"rotation": [-57.5, 0, 0]
				},
				"Right_Leg_2": {
					"rotation": [25, 0, 0]
				},
				"Right_paw": {
					"rotation": [-12.5, 0, 0]
				},
				"Right_paw_2": {
					"rotation": [47.5, 0, 0]
				},
				"Left_front": {
					"rotation": [-32.5, 0, 0]
				},
				"Left_Front_2": {
					"rotation": [-17.5, 0, 0]
				},
				"Left_Front_paw": {
					"rotation": [50, 0, 0]
				},
				"Right_front": {
					"rotation": [-32.5, 0, 0]
				},
				"Right_Front_2": {
					"rotation": [-17.5, 0, 0]
				},
				"Right_Front_paw": {
					"rotation": [50, 0, 0]
				}
			}
		},
		"climbing": {
			"loop": true,
			"animation_length": 2,
			"bones": {
				"root": {
					"rotation": [-90, 0, 0],
					"position": [0, 5, -6]
				},
				"book": {
					"rotation": {
						"0.0": [72.86664, -10.50142, 183.75109],
						"0.5": [75.57945, 3.10417, 177.32988],
						"1.0": [80.37023, 8.07653, 179.39222],
						"1.4583": [77.23257, -1.60866, 180.87891],
						"2.0": [72.86664, -10.50142, 183.75109]
					},
					"position": {
						"0.0": [2, 12, 13],
						"0.5": [-1.62, 12.38, 13],
						"1.0": [-2.75, 8.75, 13],
						"1.4583": [0.92, 8.69, 13],
						"2.0": [2, 12, 13]
					}
				},
				"RightBook": {
					"rotation": {
						"0.0": [0, 0, 15],
						"0.7917": [0, 0, 5],
						"1.5": [0, 0, 15]
					}
				},
				"RightHand": {
					"position": [2, 0, 4]
				},
				"LeftBook": {
					"rotation": {
						"0.0": [0, 0, -15],
						"0.7917": [0, 0, -5],
						"1.5": [0, 0, -15]
					}
				},
				"LeftHand": {
					"position": [-3, 0, 3]
				},
				"Left_Leg": {
					"rotation": {
						"0.0": [0, 0, 0],
						"0.4583": [15.21, 0, 0],
						"1.0": [-5, 0, 0],
						"1.4583": [-25.21, 0, 0],
						"1.5833": [-21.89, 0, 0],
						"2.0": [0, 0, 0]
					}
				},
				"Left_Leg_2": {
					"rotation": {
						"0.0": [0, 0, 0],
						"0.4583": [-0.62, 0, 0],
						"0.5417": [11.78, 0, 0],
						"1.0": [15, 0, 0],
						"1.4583": [-6.87, 0, 0],
						"1.5833": [-15.28, 0, 0],
						"2.0": [0, 0, 0]
					}
				},
				"Left_paw": {
					"rotation": {
						"0.0": [0, 0, 0],
						"0.4583": [-0.73, 0, 0],
						"0.5417": [-12.54, 0, 0],
						"1.0": [-12.5, 0, 0],
						"1.4583": [0.73, 0, 0],
						"1.5833": [20.56, 0, 0],
						"2.0": [0, 0, 0]
					}
				},
				"Left_paw_2": {
					"rotation": {
						"0.0": [0, 0, 0],
						"0.4583": [-11.77, 0, 0],
						"1.0": [12.5, 0, 0],
						"1.5833": [20.21, 0, 0],
						"2.0": [0, 0, 0]
					}
				},
				"Right_Leg": {
					"rotation": {
						"0.0": [-5, 0, 0],
						"0.4583": [-25.21, 0, 0],
						"0.5833": [-21.89, 0, 0],
						"1.0": [0, 0, 0],
						"1.4583": [15.21, 0, 0],
						"2.0": [-5, 0, 0]
					}
				},
				"Right_Leg_2": {
					"rotation": {
						"0.0": [15, 0, 0],
						"0.4583": [-6.87, 0, 0],
						"0.5833": [-15.28, 0, 0],
						"1.0": [0, 0, 0],
						"1.4583": [-0.62, 0, 0],
						"1.5417": [11.78, 0, 0],
						"2.0": [15, 0, 0]
					}
				},
				"Right_paw": {
					"rotation": {
						"0.0": [-12.5, 0, 0],
						"0.4583": [0.73, 0, 0],
						"0.5833": [20.56, 0, 0],
						"1.0": [0, 0, 0],
						"1.4583": [-0.73, 0, 0],
						"1.5417": [-12.54, 0, 0],
						"2.0": [-12.5, 0, 0]
					}
				},
				"Right_paw_2": {
					"rotation": {
						"0.0": [12.5, 0, 0],
						"0.5833": [20.21, 0, 0],
						"1.0": [0, 0, 0],
						"1.4583": [-11.77, 0, 0],
						"2.0": [12.5, 0, 0]
					}
				},
				"Left_front": {
					"rotation": {
						"0.0": [-3.75, 0, 0],
						"0.0417": [-5, 0, 0],
						"0.5": [20, 0, 0],
						"1.0": [52.5, 0, 0],
						"1.0833": [65, 0, 0],
						"1.5": [35, 0, 0],
						"1.9583": [-2.5, 0, 0],
						"2.0": [-3.75, 0, 0]
					}
				},
				"Left_Front_2": {
					"rotation": {
						"0.0": [-3.75, 0, 0],
						"0.0417": [10, 0, 0],
						"0.5": [-15, 0, 0],
						"1.0": [-40, 0, 0],
						"1.0833": [-72.5, 0, 0],
						"1.5": [-72.5, 0, 0],
						"1.9583": [-17.5, 0, 0],
						"2.0": [-3.75, 0, 0]
					}
				},
				"Left_Front_paw": {
					"rotation": {
						"0.0": [32.5, 0, 0],
						"0.0417": [35, 0, 0],
						"0.5": [-7.5, 0, 0],
						"1.0": [-15, 0, 0],
						"1.5": [30, 0, 0],
						"1.9583": [30, 0, 0],
						"2.0": [32.5, 0, 0]
					}
				},
				"Right_front": {
					"rotation": {
						"0.0": [52.5, 0, 0],
						"0.0833": [65, 0, 0],
						"0.5": [35, 0, 0],
						"0.9583": [-2.5, 0, 0],
						"1.0417": [-5, 0, 0],
						"1.5": [20, 0, 0],
						"2.0": [52.5, 0, 0]
					}
				},
				"Right_Front_2": {
					"rotation": {
						"0.0": [-40, 0, 0],
						"0.0833": [-72.5, 0, 0],
						"0.5": [-72.5, 0, 0],
						"0.9583": [-17.5, 0, 0],
						"1.0417": [10, 0, 0],
						"1.5": [-15, 0, 0],
						"2.0": [-40, 0, 0]
					}
				},
				"Right_Front_paw": {
					"rotation": {
						"0.0": [-15, 0, 0],
						"0.5": [30, 0, 0],
						"0.9583": [30, 0, 0],
						"1.0417": [35, 0, 0],
						"1.5": [-7.5, 0, 0],
						"2.0": [-15, 0, 0]
					}
				}
			}
		},
		"sneaking": {
			"loop": true,
			"animation_length": 2,
			"bones": {
				"root": {
					"rotation": [-15, 0, 0],
					"position": {
						"0.0": [0, 0, 0],
						"0.5": [0, -4, 0],
						"1.0": [0, 0, 0],
						"1.5": [0, 4, 0],
						"2.0": [0, 0, 0]
					}
				},
				"RightBook": {
					"rotation": {
						"0.0": [0, 0, 10],
						"0.4583": [0, 0, 10],
						"0.7083": [0, 0, -10],
						"1.4583": [0, 0, -10],
						"1.7083": [0, 0, 10],
						"2.0": [0, 0, 10]
					}
				},
				"lock3": {
					"rotation": {
						"0.0": [0, 0, 10],
						"0.4583": [0, 0, 10],
						"0.7083": [0, 0, -10],
						"1.4583": [0, 0, -10],
						"1.7083": [0, 0, 10],
						"2.0": [0, 0, 10]
					}
				},
				"lock4": {
					"rotation": {
						"0.0": [0, 0, 10],
						"0.4583": [0, 0, 10],
						"0.7083": [0, 0, -10],
						"1.4583": [0, 0, -10],
						"1.7083": [0, 0, 10],
						"2.0": [0, 0, 10]
					}
				},
				"LeftBook": {
					"rotation": {
						"0.0": [0, 0, -10],
						"0.4583": [0, 0, -10],
						"0.7083": [0, 0, 10],
						"1.4583": [0, 0, 10],
						"1.7083": [0, 0, -10],
						"2.0": [0, 0, -10]
					}
				},
				"lock1": {
					"rotation": {
						"0.0": [0, 0, -10],
						"0.4583": [0, 0, -10],
						"0.7083": [0, 0, 10],
						"1.4583": [0, 0, 10],
						"1.7083": [0, 0, -10],
						"2.0": [0, 0, -10]
					}
				},
				"lock2": {
					"rotation": {
						"0.0": [0, 0, -10],
						"0.4583": [0, 0, -10],
						"0.7083": [0, 0, 10],
						"1.4583": [0, 0, 10],
						"1.7083": [0, 0, -10],
						"2.0": [0, 0, -10]
					}
				},
				"cat": {
					"position": [0, -3.25, 0]
				},
				"tail1": {
					"rotation": {
						"0.0": [-73.63781, -35.79744, 33.59794],
						"0.7083": [-73.64, -35.8, 33.6],
						"1.4583": [-73.64, -35.8, 33.6]
					}
				},
				"tail2": {
					"rotation": {
						"0.0": [-34.52039, -70.36224, 25.03526],
						"0.4583": [-34.52039, -70.36224, 25.03526],
						"0.7083": [-23.5, -29.79, 2.48],
						"1.4583": [-23.5, -29.79, 2.48],
						"1.7083": [-34.52039, -70.36224, 25.03526],
						"2.0": [-34.52039, -70.36224, 25.03526]
					}
				},
				"tail3": {
					"rotation": {
						"0.0": [-41.53313, -50.77606, -54.20886],
						"0.4583": [-41.53313, -50.77606, -54.20886],
						"0.7083": [-13.91, -70.37, -62.83],
						"1.4583": [-13.91, -70.37, -62.83],
						"1.7083": [-41.53313, -50.77606, -54.20886],
						"2.0": [-41.53313, -50.77606, -54.20886]
					}
				},
				"tail4": {
					"rotation": {
						"0.0": [-30.02154, -7.49282, 0.32902],
						"0.7083": [-30.02, -7.49, 0.33],
						"1.4583": [-30.02, -7.49, 0.33]
					}
				},
				"Left_Leg": {
					"rotation": [-70, 0, 0]
				},
				"Left_Leg_2": {
					"rotation": [40, 0, 0]
				},
				"Left_paw": {
					"rotation": [-15, 0, 0]
				},
				"Left_paw_2": {
					"rotation": [52.5, 0, 0]
				},
				"Right_Leg": {
					"rotation": [-70, 0, 0]
				},
				"Right_Leg_2": {
					"rotation": [40, 0, 0]
				},
				"Right_paw": {
					"rotation": [-15, 0, 0]
				},
				"Right_paw_2": {
					"rotation": [52.5, 0, 0]
				},
				"Left_front": {
					"rotation": [-47.5, 0, 0]
				},
				"Left_Front_2": {
					"rotation": [-5.72879, 62.08407, -9.50457]
				},
				"Left_Front_paw": {
					"rotation": [45, 0, 0]
				},
				"Right_front": {
					"rotation": [-47.5, 0, 0]
				},
				"Right_Front_2": {
					"rotation": [-5.72879, -62.08407, 9.50457]
				},
				"Right_Front_paw": {
					"rotation": [45, 0, 0]
				}
			}
		},
		"sneak": {
			"loop": true,
			"animation_length": 2,
			"bones": {
				"root": {
					"rotation": [-15, 0, 0],
					"position": {
						"0.0": [0, 0, 0],
						"0.5": [0, -4, 0],
						"1.0": [0, 0, 0],
						"1.5": [0, 4, 0],
						"2.0": [0, 0, 0]
					}
				},
				"RightBook": {
					"rotation": {
						"0.0": [0, 0, 10],
						"0.4583": [0, 0, 10],
						"0.7083": [0, 0, -10],
						"1.4583": [0, 0, -10],
						"1.7083": [0, 0, 10],
						"2.0": [0, 0, 10]
					}
				},
				"lock3": {
					"rotation": {
						"0.0": [0, 0, 10],
						"0.4583": [0, 0, 10],
						"0.7083": [0, 0, -10],
						"1.4583": [0, 0, -10],
						"1.7083": [0, 0, 10],
						"2.0": [0, 0, 10]
					}
				},
				"lock4": {
					"rotation": {
						"0.0": [0, 0, 10],
						"0.4583": [0, 0, 10],
						"0.7083": [0, 0, -10],
						"1.4583": [0, 0, -10],
						"1.7083": [0, 0, 10],
						"2.0": [0, 0, 10]
					}
				},
				"LeftBook": {
					"rotation": {
						"0.0": [0, 0, -10],
						"0.4583": [0, 0, -10],
						"0.7083": [0, 0, 10],
						"1.4583": [0, 0, 10],
						"1.7083": [0, 0, -10],
						"2.0": [0, 0, -10]
					}
				},
				"lock1": {
					"rotation": {
						"0.0": [0, 0, -10],
						"0.4583": [0, 0, -10],
						"0.7083": [0, 0, 10],
						"1.4583": [0, 0, 10],
						"1.7083": [0, 0, -10],
						"2.0": [0, 0, -10]
					}
				},
				"lock2": {
					"rotation": {
						"0.0": [0, 0, -10],
						"0.4583": [0, 0, -10],
						"0.7083": [0, 0, 10],
						"1.4583": [0, 0, 10],
						"1.7083": [0, 0, -10],
						"2.0": [0, 0, -10]
					}
				},
				"cat": {
					"position": [0, -3.25, 0]
				},
				"tail1": {
					"rotation": {
						"0.0": [-73.63781, -35.79744, 33.59794],
						"0.7083": [-73.64, -35.8, 33.6],
						"1.4583": [-73.64, -35.8, 33.6]
					}
				},
				"tail2": {
					"rotation": {
						"0.0": [-34.52039, -70.36224, 25.03526],
						"0.4583": [-34.52039, -70.36224, 25.03526],
						"0.7083": [-23.5, -29.79, 2.48],
						"1.4583": [-23.5, -29.79, 2.48],
						"1.7083": [-34.52039, -70.36224, 25.03526],
						"2.0": [-34.52039, -70.36224, 25.03526]
					}
				},
				"tail3": {
					"rotation": {
						"0.0": [-41.53313, -50.77606, -54.20886],
						"0.4583": [-41.53313, -50.77606, -54.20886],
						"0.7083": [-13.91, -70.37, -62.83],
						"1.4583": [-13.91, -70.37, -62.83],
						"1.7083": [-41.53313, -50.77606, -54.20886],
						"2.0": [-41.53313, -50.77606, -54.20886]
					}
				},
				"tail4": {
					"rotation": {
						"0.0": [-30.02154, -7.49282, 0.32902],
						"0.7083": [-30.02, -7.49, 0.33],
						"1.4583": [-30.02, -7.49, 0.33]
					}
				},
				"Left_Leg": {
					"rotation": [-70, 0, 0]
				},
				"Left_Leg_2": {
					"rotation": [40, 0, 0]
				},
				"Left_paw": {
					"rotation": [-15, 0, 0]
				},
				"Left_paw_2": {
					"rotation": [52.5, 0, 0]
				},
				"Right_Leg": {
					"rotation": [-70, 0, 0]
				},
				"Right_Leg_2": {
					"rotation": [40, 0, 0]
				},
				"Right_paw": {
					"rotation": [-15, 0, 0]
				},
				"Right_paw_2": {
					"rotation": [52.5, 0, 0]
				},
				"Left_front": {
					"rotation": [-47.5, 0, 0]
				},
				"Left_Front_2": {
					"rotation": [-5.72879, 62.08407, -9.50457]
				},
				"Left_Front_paw": {
					"rotation": [45, 0, 0]
				},
				"Right_front": {
					"rotation": [-47.5, 0, 0]
				},
				"Right_Front_2": {
					"rotation": [-5.72879, -62.08407, 9.50457]
				},
				"Right_Front_paw": {
					"rotation": [45, 0, 0]
				}
			}
		},
		"swim": {
			"loop": true,
			"bones": {
				"root": {
					"rotation": [-90, 0, 0],
					"position": [0, 4, -2]
				},
				"book": {
					"rotation": [0, 0, 90],
					"position": [-3, 0, 0]
				},
				"RightBook": {
					"rotation": [0, 0, 90],
					"position": [-2, 0, 0]
				},
				"lock3": {
					"rotation": [0, 0, 90]
				},
				"lock4": {
					"rotation": [0, 0, 90]
				},
				"LeftBook": {
					"rotation": [0, 0, -90],
					"position": [2, 0, 0]
				},
				"lock1": {
					"rotation": [0, 0, -90]
				},
				"lock2": {
					"rotation": [0, 0, -90]
				},
				"cat": {
					"position": [0, -1.5, -1]
				},
				"colar": {
					"rotation": [27.2419, -7.18353, 6.10046],
					"position": [0, -1, -1]
				},
				"tail2": {
					"rotation": [-7.5, 0, 0]
				},
				"tail3": {
					"rotation": [-27.5, 0, 0]
				},
				"tail4": {
					"rotation": [-25, 0, 0]
				},
				"head_c": {
					"position": [0, -1.5, -2]
				},
				"Left_ear": {
					"rotation": [-49.51882, 8.5685, 5.73831],
					"position": [0, -1, 0]
				},
				"Right_ear": {
					"rotation": [-49.51882, -8.5685, -5.73831],
					"position": [0, -1, 0]
				},
				"antena": {
					"rotation": [-32.5, 0, 0]
				},
				"antena3": {
					"rotation": [20, 0, 0]
				},
				"antena4": {
					"rotation": [47.5, 0, 0]
				},
				"Left_Leg": {
					"rotation": [-57.5, 0, 0]
				},
				"Left_paw": {
					"rotation": [10, 0, 0]
				},
				"Right_Leg": {
					"rotation": [-57.5, 0, 0]
				},
				"Right_paw": {
					"rotation": [10, 0, 0]
				},
				"Left_front": {
					"rotation": [-37.5, 0, 0]
				},
				"Left_Front_2": {
					"rotation": [7.5, 0, 0]
				},
				"Left_Front_paw": {
					"rotation": [82.5, 0, 0]
				},
				"Right_front": {
					"rotation": [-37.5, 0, 0]
				},
				"Right_Front_2": {
					"rotation": [7.5, 0, 0]
				},
				"Right_Front_paw": {
					"rotation": [82.5, 0, 0]
				}
			}
		},
		"swim_stand": {
			"loop": true,
			"bones": {
				"root": {
					"position": [0, -4, 0]
				},
				"book": {
					"rotation": [0, 0, 90],
					"position": [-3, 0, 0]
				},
				"RightBook": {
					"rotation": [0, 0, 90],
					"position": [-2, 0, 0]
				},
				"lock3": {
					"rotation": [0, 0, 90]
				},
				"lock4": {
					"rotation": [0, 0, 90]
				},
				"LeftBook": {
					"rotation": [0, 0, -90],
					"position": [2, 0, 0]
				},
				"lock1": {
					"rotation": [0, 0, -90]
				},
				"lock2": {
					"rotation": [0, 0, -90]
				},
				"cat": {
					"position": [0, -2, 0]
				},
				"tail1": {
					"rotation": [-73.63781, -35.79744, 33.59794]
				},
				"tail2": {
					"rotation": [-23.50146, -29.79274, 2.48217]
				},
				"tail3": {
					"rotation": [-13.90623, -70.37177, -62.82512]
				},
				"tail4": {
					"rotation": [-30.02154, -7.49282, 0.32902]
				},
				"Left_Leg": {
					"rotation": [-70, 0, 0]
				},
				"Left_Leg_2": {
					"rotation": [40, 0, 0]
				},
				"Left_paw": {
					"rotation": [-15, 0, 0]
				},
				"Left_paw_2": {
					"rotation": [52.5, 0, 0]
				},
				"Right_Leg": {
					"rotation": [-70, 0, 0]
				},
				"Right_Leg_2": {
					"rotation": [40, 0, 0]
				},
				"Right_paw": {
					"rotation": [-15, 0, 0]
				},
				"Right_paw_2": {
					"rotation": [52.5, 0, 0]
				},
				"Left_front": {
					"rotation": [-47.5, 0, 0]
				},
				"Left_Front_2": {
					"rotation": [-5.72879, 62.08407, -9.50457]
				},
				"Left_Front_paw": {
					"rotation": [45, 0, 0]
				},
				"Right_front": {
					"rotation": [-47.5, 0, 0]
				},
				"Right_Front_2": {
					"rotation": [-5.72879, -62.08407, 9.50457]
				},
				"Right_Front_paw": {
					"rotation": [45, 0, 0]
				}
			}
		},
		"attacked": {
			"loop": true,
			"animation_length": 0.70833,
			"bones": {
				"root": {
					"rotation": {
						"0.0": [-15, 0, 0],
						"0.7083": [-15, 0, 0]
					},
					"position": {
						"0.0": [0, 0, 0],
						"0.7083": [0, 0, 0]
					}
				},
				"RightBook": {
					"rotation": {
						"0.0": [0, 0, 10],
						"0.7083": [0, 0, 10]
					}
				},
				"lock3": {
					"rotation": {
						"0.0": [0, 0, 10],
						"0.7083": [0, 0, 10]
					}
				},
				"lock4": {
					"rotation": {
						"0.0": [0, 0, 10],
						"0.7083": [0, 0, 10]
					}
				},
				"LeftBook": {
					"rotation": {
						"0.0": [0, 0, -10],
						"0.7083": [0, 0, -10]
					}
				},
				"lock1": {
					"rotation": {
						"0.0": [0, 0, -10],
						"0.7083": [0, 0, -10]
					}
				},
				"lock2": {
					"rotation": {
						"0.0": [0, 0, -10],
						"0.7083": [0, 0, -10]
					}
				},
				"cat": {
					"rotation": {
						"0.0": [0, 0, 0],
						"0.1667": [-36.78135, -20.29348, 9.92926],
						"0.7083": [0, 0, 0]
					},
					"position": {
						"0.0": [0, -1, 0],
						"0.1667": [1, 0, 0],
						"0.7083": [0, -1, 0]
					}
				},
				"tail1": {
					"rotation": {
						"0.0": [0, 0, 0],
						"0.7083": [0, 0, 0]
					}
				},
				"tail2": {
					"rotation": {
						"0.0": [0, 0, 0],
						"0.7083": [0, 0, 0]
					}
				},
				"tail3": {
					"rotation": {
						"0.0": [0, 0, 0],
						"0.7083": [0, 0, 0]
					}
				},
				"tail4": {
					"rotation": {
						"0.0": [0, 0, 0],
						"0.7083": [0, 0, 0]
					}
				},
				"head_c": {
					"rotation": {
						"0.0": [0, 0, 0],
						"0.1667": [-20.16313, -25.75026, 16.29261],
						"0.7083": [0, 0, 0]
					}
				},
				"antena2": {
					"rotation": {
						"0.0": [0, 0, 0],
						"0.7083": [0, 0, 0]
					}
				},
				"antena3": {
					"rotation": {
						"0.0": [0, 0, 0],
						"0.7083": [0, 0, 0]
					}
				},
				"antena4": {
					"rotation": {
						"0.0": [0, 0, 0],
						"0.7083": [0, 0, 0]
					}
				},
				"Left_Leg": {
					"rotation": {
						"0.0": [-37.5, 0, 0],
						"0.1667": [-33.50337, 29.55388, -14.05147],
						"0.7083": [-37.5, 0, 0]
					}
				},
				"Left_Leg_2": {
					"rotation": {
						"0.0": [17.5, 0, 0],
						"0.1667": [0, 0, 0],
						"0.7083": [17.5, 0, 0]
					}
				},
				"Left_paw": {
					"rotation": {
						"0.0": [-20, 0, 0],
						"0.1667": [17.5, 0, 0],
						"0.7083": [-20, 0, 0]
					}
				},
				"Left_paw_2": {
					"rotation": {
						"0.0": [52.5, 0, 0],
						"0.7083": [52.5, 0, 0]
					}
				},
				"Right_Leg": {
					"rotation": {
						"0.0": [-37.5, 0, 0],
						"0.1667": [2.80383, 1.52696, 15.40197],
						"0.7083": [-37.5, 0, 0]
					}
				},
				"Right_Leg_2": {
					"rotation": {
						"0.0": [17.5, 0, 0],
						"0.7083": [17.5, 0, 0]
					}
				},
				"Right_paw": {
					"rotation": {
						"0.0": [-20, 0, 0],
						"0.1667": [-17.5, 0, 0],
						"0.7083": [-20, 0, 0]
					}
				},
				"Right_paw_2": {
					"rotation": {
						"0.0": [52.5, 0, 0],
						"0.1667": [15, 0, 0],
						"0.7083": [52.5, 0, 0]
					}
				},
				"Left_front": {
					"rotation": {
						"0.0": [0, 0, 0],
						"0.1667": [11.03427, 27.95795, 7.73549],
						"0.7083": [0, 0, 0]
					},
					"position": {
						"0.0": [0, 0, 0],
						"0.1667": [0, -0.75, 0],
						"0.7083": [0, 0, 0]
					}
				},
				"Left_Front_2": {
					"rotation": {
						"0.0": [-40, 0, 0],
						"0.1667": [15, 0, 0],
						"0.7083": [-40, 0, 0]
					}
				},
				"Left_Front_paw": {
					"rotation": {
						"0.0": [40, 0, 0],
						"0.7083": [40, 0, 0]
					}
				},
				"Right_Front_2": {
					"rotation": {
						"0.0": [-40, 0, 0],
						"0.7083": [-40, 0, 0]
					}
				},
				"Right_Front_paw": {
					"rotation": {
						"0.0": [40, 0, 0],
						"0.7083": [40, 0, 0]
					}
				}
			}
		},
		"jump": {
			"loop": true
		},
		"fly": {
			"loop": true,
			"bones": {
				"root": {
					"rotation": [-90, 0, 0],
					"position": [0, -18, 1]
				},
				"book": {
					"rotation": [0, 0, -90],
					"position": [3, 3, 10]
				},
				"RightBook": {
					"rotation": [0, 0, 90],
					"position": [-2, 0, 0]
				},
				"lock3": {
					"rotation": [0, 0, 90]
				},
				"lock4": {
					"rotation": [0, 0, 90]
				},
				"LeftBook": {
					"rotation": [0, 0, -90],
					"position": [2, 0, 0]
				},
				"lock1": {
					"rotation": [0, 0, -90]
				},
				"lock2": {
					"rotation": [0, 0, -90]
				},
				"cat": {
					"position": [0, -3, -10]
				},
				"colar": {
					"rotation": [29.64618, -7.95927, 6.46415],
					"position": [0, -0.5, -1]
				},
				"tail2": {
					"rotation": [-12.5, 0, 0]
				},
				"tail3": {
					"rotation": [-30, 0, 0]
				},
				"tail4": {
					"rotation": [-30, 0, 0]
				},
				"head_c": {
					"position": [0, -1.25, -2.5]
				},
				"Left_ear": {
					"rotation": [-49.51882, 8.5685, 5.73831],
					"position": [0, -1, 0]
				},
				"Right_ear": {
					"rotation": [-49.51882, -8.5685, -5.73831],
					"position": [0, -1, 0]
				},
				"antena": {
					"rotation": [-32.5, 0, 0]
				},
				"antena3": {
					"rotation": [20, 0, 0]
				},
				"antena4": {
					"rotation": [47.5, 0, 0]
				},
				"Left_Leg": {
					"rotation": [40, 0, 0]
				},
				"Left_paw": {
					"rotation": [85, 0, 0]
				},
				"Left_paw_2": {
					"rotation": [45, 0, 0]
				},
				"Right_Leg": {
					"rotation": [40, 0, 0]
				},
				"Right_paw": {
					"rotation": [85, 0, 0]
				},
				"Right_paw_2": {
					"rotation": [45, 0, 0]
				},
				"Left_front": {
					"rotation": [72.8335, -13.47157, 18.19144]
				},
				"Left_Front_2": {
					"rotation": [52.5, 0, 0]
				},
				"Left_Front_paw": {
					"rotation": [155, 0, 0]
				},
				"Right_front": {
					"rotation": [72.8335, 13.47157, -18.19144]
				},
				"Right_Front_2": {
					"rotation": [52.5, 0, 0]
				},
				"Right_Front_paw": {
					"rotation": [155, 0, 0]
				}
			}
		},
		"boat": {
			"loop": true,
			"animation_length": 1.5,
			"bones": {
				"root": {
					"position": [0, 5, 0]
				},
				"book": {
					"rotation": {
						"0.0": [72.5, -32.5, 180],
						"0.375": [72.5, -32.5, 180],
						"0.75": [77.5, -32.5, 180],
						"1.0833": [77.5, -32.5, 180],
						"1.5": [72.5, -32.5, 180]
					},
					"position": {
						"0.0": [13, 12, 13],
						"0.375": [8.38, 12.38, 13],
						"0.75": [9.25, 8.75, 13],
						"1.0833": [13.92, 8.69, 13],
						"1.5": [13, 12, 13]
					}
				},
				"RightBook": {
					"rotation": {
						"0.0": [0, 0, 15],
						"0.7917": [0, 0, 5],
						"1.5": [0, 0, 15]
					}
				},
				"RightHand": {
					"position": [2, 0, 4]
				},
				"LeftBook": {
					"rotation": {
						"0.0": [0, 0, -15],
						"0.7917": [0, 0, -5],
						"1.5": [0, 0, -15]
					}
				},
				"LeftHand": {
					"position": [-3, 0, 3]
				},
				"cat": {
					"rotation": [-35, 0, 0],
					"position": [0, -9, 0]
				},
				"colar": {
					"rotation": [24.8273, -6.42359, 5.70326],
					"position": [0, -1, -1]
				},
				"tail1": {
					"rotation": [29.55478, 49.45628, 44.59083]
				},
				"tail2": {
					"rotation": [6.13371, 51.15547, 7.79702]
				},
				"tail3": {
					"rotation": [-47.57818, 57.16037, -3.15107]
				},
				"tail4": {
					"rotation": [-25.03641, 2.0637, 10.0981]
				},
				"head_c": {
					"rotation": [37.5, 0, 0],
					"position": [0, -1.25, -2]
				},
				"Left_Leg": {
					"rotation": [-35, 0, 0]
				},
				"Left_Leg_2": {
					"rotation": [25, 0, 0]
				},
				"Left_paw_2": {
					"rotation": [50, 0, 0]
				},
				"Right_Leg": {
					"rotation": [-35, 0, 0]
				},
				"Right_Leg_2": {
					"rotation": [25, 0, 0]
				},
				"Right_paw_2": {
					"rotation": [50, 0, 0]
				},
				"Left_front": {
					"rotation": [42.5, 0, 0]
				},
				"Left_Front_paw": {
					"rotation": [-7.5, 0, 0]
				},
				"Right_front": {
					"rotation": [42.5, 0, 0]
				},
				"Right_Front_paw": {
					"rotation": [-7.5, 0, 0]
				}
			}
		},
		"use_righthand": {
			"loop": true,
			"animation_length": 1,
			"bones": {
				"Right_front": {
					"rotation": {
						"0.0": [0, 0, 0],
						"0.3333": [-27.5, 0, 0],
						"0.5": [-57.5, 0, 0],
						"1.0": [0, 0, 0]
					}
				},
				"Right_Front_2": {
					"rotation": {
						"0.0": [0, 0, 0],
						"0.3333": [-65, 0, 0],
						"0.5": [-10, 0, 0],
						"1.0": [0, 0, 0]
					}
				},
				"Right_Front_paw": {
					"rotation": {
						"0.0": [0, 0, 0],
						"0.3333": [85, 0, 0],
						"0.5": [47.5, 0, 0],
						"1.0": [0, 0, 0]
					}
				}
			}
		},
		"use_lefthand": {
			"loop": true,
			"animation_length": 1,
			"bones": {
				"Left_front": {
					"rotation": {
						"0.0": [0, 0, 0],
						"0.3333": [-27.5, 0, 0],
						"0.5": [-57.5, 0, 0],
						"1.0": [0, 0, 0]
					}
				},
				"Left_Front_2": {
					"rotation": {
						"0.0": [0, 0, 0],
						"0.3333": [-65, 0, 0],
						"0.5": [-10, 0, 0],
						"1.0": [0, 0, 0]
					}
				},
				"Left_Front_paw": {
					"rotation": {
						"0.0": [0, 0, 0],
						"0.3333": [85, 0, 0],
						"0.5": [47.5, 0, 0],
						"1.0": [0, 0, 0]
					}
				}
			}
		},
		"sleep": {
			"loop": true,
			"bones": {
				"root": {
					"position": [0, 0, 0]
				},
				"book": {
					"rotation": [0, 90, -90],
					"position": [3, -8, -2]
				},
				"RightBook": {
					"rotation": [0, 0, 90],
					"position": [-2, 0, 0]
				},
				"lock3": {
					"rotation": [0, 0, 90]
				},
				"lock4": {
					"rotation": [0, 0, 90]
				},
				"LeftBook": {
					"rotation": [0, 0, -90],
					"position": [2, 0, 0]
				},
				"lock1": {
					"rotation": [0, 0, -90]
				},
				"lock2": {
					"rotation": [0, 0, -90]
				},
				"cat": {
					"rotation": [90, 0, 180],
					"position": [-4, 4, 0]
				},
				"colar": {
					"rotation": [40.71147, 21.93252, 2.66428],
					"position": [0, -0.5, -0.5]
				},
				"tail1": {
					"rotation": [-8.33671, 60.67989, 19.7582]
				},
				"tail2": {
					"rotation": [-13.86629, 51.15547, 7.79702]
				},
				"tail3": {
					"rotation": [5.79715, 38.49266, 37.01122]
				},
				"tail4": {
					"rotation": [-21.27355, 15.15167, 5.51324]
				},
				"head_c": {
					"rotation": [59.21261, 48.61818, 55.22672],
					"position": [-1.25, -2, -1.75]
				},
				"Left_Leg": {
					"rotation": [-80, 0, 0]
				},
				"Left_Leg_2": {
					"rotation": [60, 0, 0]
				},
				"Right_Leg": {
					"rotation": [-80, 0, 0]
				},
				"Right_Leg_2": {
					"rotation": [60, 0, 0]
				},
				"Left_front": {
					"rotation": [-30, 0, 0]
				},
				"Left_Front_2": {
					"rotation": [0, 92.5, 0]
				},
				"Left_Front_paw": {
					"rotation": [47.5, 0, 0]
				},
				"Right_front": {
					"rotation": [-30, 0, 0]
				},
				"Right_Front_2": {
					"rotation": [0, -92.5, 0]
				},
				"Right_Front_paw": {
					"rotation": [47.5, 0, 0]
				}
			}
		},
		"ride": {
			"loop": true,
			"animation_length": 1.5,
			"bones": {
				"root": {
					"position": [0, 12, 0]
				},
				"book": {
					"rotation": {
						"0.0": [72.5, -32.5, 180],
						"0.375": [72.5, -32.5, 180],
						"0.75": [77.5, -32.5, 180],
						"1.0833": [77.5, -32.5, 180],
						"1.5": [72.5, -32.5, 180]
					},
					"position": {
						"0.0": [13, 12, 13],
						"0.375": [8.38, 12.38, 13],
						"0.75": [9.25, 8.75, 13],
						"1.0833": [13.92, 8.69, 13],
						"1.5": [13, 12, 13]
					}
				},
				"RightBook": {
					"rotation": {
						"0.0": [0, 0, 15],
						"0.7917": [0, 0, 5],
						"1.5": [0, 0, 15]
					}
				},
				"RightHand": {
					"position": [2, 0, 4]
				},
				"LeftBook": {
					"rotation": {
						"0.0": [0, 0, -15],
						"0.7917": [0, 0, -5],
						"1.5": [0, 0, -15]
					}
				},
				"LeftHand": {
					"position": [-3, 0, 3]
				},
				"cat": {
					"rotation": [-35, 0, 0],
					"position": [0, -9, 0]
				},
				"colar": {
					"rotation": [24.8273, -6.42359, 5.70326],
					"position": [0, -1, -1]
				},
				"tail1": {
					"rotation": [29.55478, 49.45628, 44.59083]
				},
				"tail2": {
					"rotation": [6.13371, 51.15547, 7.79702]
				},
				"tail3": {
					"rotation": [-47.57818, 57.16037, -3.15107]
				},
				"tail4": {
					"rotation": [-25.03641, 2.0637, 10.0981]
				},
				"head_c": {
					"rotation": [37.5, 0, 0],
					"position": [0, -1.25, -2]
				},
				"Left_Leg": {
					"rotation": [-35, 0, 0]
				},
				"Left_Leg_2": {
					"rotation": [25, 0, 0]
				},
				"Left_paw_2": {
					"rotation": [50, 0, 0]
				},
				"Right_Leg": {
					"rotation": [-35, 0, 0]
				},
				"Right_Leg_2": {
					"rotation": [25, 0, 0]
				},
				"Right_paw_2": {
					"rotation": [50, 0, 0]
				},
				"Left_front": {
					"rotation": [42.5, 0, 0]
				},
				"Left_Front_paw": {
					"rotation": [-7.5, 0, 0]
				},
				"Right_front": {
					"rotation": [42.5, 0, 0]
				},
				"Right_Front_paw": {
					"rotation": [-7.5, 0, 0]
				}
			}
		},
		"ride_pig": {
			"loop": true,
			"animation_length": 1.5,
			"bones": {
				"root": {
					"position": [0, 12, 0]
				},
				"book": {
					"rotation": {
						"0.0": [72.5, -32.5, 180],
						"0.375": [72.5, -32.5, 180],
						"0.75": [77.5, -32.5, 180],
						"1.0833": [77.5, -32.5, 180],
						"1.5": [72.5, -32.5, 180]
					},
					"position": {
						"0.0": [13, 12, 13],
						"0.375": [8.38, 12.38, 13],
						"0.75": [9.25, 8.75, 13],
						"1.0833": [13.92, 8.69, 13],
						"1.5": [13, 12, 13]
					}
				},
				"RightBook": {
					"rotation": {
						"0.0": [0, 0, 15],
						"0.7917": [0, 0, 5],
						"1.5": [0, 0, 15]
					}
				},
				"RightHand": {
					"position": [2, 0, 4]
				},
				"LeftBook": {
					"rotation": {
						"0.0": [0, 0, -15],
						"0.7917": [0, 0, -5],
						"1.5": [0, 0, -15]
					}
				},
				"LeftHand": {
					"position": [-3, 0, 3]
				},
				"cat": {
					"rotation": [-35, 0, 0],
					"position": [0, -9, 0]
				},
				"colar": {
					"rotation": [24.8273, -6.42359, 5.70326],
					"position": [0, -1, -1]
				},
				"tail1": {
					"rotation": [29.55478, 49.45628, 44.59083]
				},
				"tail2": {
					"rotation": [6.13371, 51.15547, 7.79702]
				},
				"tail3": {
					"rotation": [-47.57818, 57.16037, -3.15107]
				},
				"tail4": {
					"rotation": [-25.03641, 2.0637, 10.0981]
				},
				"head_c": {
					"rotation": [37.5, 0, 0],
					"position": [0, -1.25, -2]
				},
				"Left_Leg": {
					"rotation": [-35, 0, 0]
				},
				"Left_Leg_2": {
					"rotation": [25, 0, 0]
				},
				"Left_paw_2": {
					"rotation": [50, 0, 0]
				},
				"Right_Leg": {
					"rotation": [-35, 0, 0]
				},
				"Right_Leg_2": {
					"rotation": [25, 0, 0]
				},
				"Right_paw_2": {
					"rotation": [50, 0, 0]
				},
				"Left_front": {
					"rotation": [42.5, 0, 0]
				},
				"Left_Front_paw": {
					"rotation": [-7.5, 0, 0]
				},
				"Right_front": {
					"rotation": [42.5, 0, 0]
				},
				"Right_Front_paw": {
					"rotation": [-7.5, 0, 0]
				}
			}
		},
		"sit": {
			"loop": true,
			"animation_length": 1.5,
			"bones": {
				"root": {
					"position": [0, 12, 0]
				},
				"book": {
					"rotation": {
						"0.0": [72.5, -32.5, 180],
						"0.375": [72.5, -32.5, 180],
						"0.75": [77.5, -32.5, 180],
						"1.0833": [77.5, -32.5, 180],
						"1.5": [72.5, -32.5, 180]
					},
					"position": {
						"0.0": [13, 12, 13],
						"0.375": [8.38, 12.38, 13],
						"0.75": [9.25, 8.75, 13],
						"1.0833": [13.92, 8.69, 13],
						"1.5": [13, 12, 13]
					}
				},
				"RightBook": {
					"rotation": {
						"0.0": [0, 0, 15],
						"0.7917": [0, 0, 5],
						"1.5": [0, 0, 15]
					}
				},
				"RightHand": {
					"position": [2, 0, 4]
				},
				"LeftBook": {
					"rotation": {
						"0.0": [0, 0, -15],
						"0.7917": [0, 0, -5],
						"1.5": [0, 0, -15]
					}
				},
				"LeftHand": {
					"position": [-3, 0, 3]
				},
				"cat": {
					"rotation": [-35, 0, 0],
					"position": [0, -9, 0]
				},
				"colar": {
					"rotation": [24.8273, -6.42359, 5.70326],
					"position": [0, -1, -1]
				},
				"tail1": {
					"rotation": [29.55478, 49.45628, 44.59083]
				},
				"tail2": {
					"rotation": [6.13371, 51.15547, 7.79702]
				},
				"tail3": {
					"rotation": [-47.57818, 57.16037, -3.15107]
				},
				"tail4": {
					"rotation": [-25.03641, 2.0637, 10.0981]
				},
				"head_c": {
					"rotation": [37.5, 0, 0],
					"position": [0, -1.25, -2]
				},
				"Left_Leg": {
					"rotation": [-35, 0, 0]
				},
				"Left_Leg_2": {
					"rotation": [25, 0, 0]
				},
				"Left_paw_2": {
					"rotation": [50, 0, 0]
				},
				"Right_Leg": {
					"rotation": [-35, 0, 0]
				},
				"Right_Leg_2": {
					"rotation": [25, 0, 0]
				},
				"Right_paw_2": {
					"rotation": [50, 0, 0]
				},
				"Left_front": {
					"rotation": [42.5, 0, 0]
				},
				"Left_Front_paw": {
					"rotation": [-7.5, 0, 0]
				},
				"Right_front": {
					"rotation": [42.5, 0, 0]
				},
				"Right_Front_paw": {
					"rotation": [-7.5, 0, 0]
				}
			}
		},
		"idle": {
			"loop": true,
			"animation_length": 2,
			"bones": {
				"root": {
					"rotation": [-15, 0, 0],
					"position": {
						"0.0": [0, 0, 0],
						"0.5": [0, -4, 0],
						"1.0": [0, 0, 0],
						"1.5": [0, 4, 0],
						"2.0": [0, 0, 0]
					}
				},
				"lock1": {
					"rotation": {
						"0.0": [0, 0, -10],
						"0.4583": [0, 0, -10],
						"0.7083": [0, 0, 10],
						"1.4583": [0, 0, 10],
						"1.7083": [0, 0, -10],
						"2.0": [0, 0, -10]
					}
				},
				"lock3": {
					"rotation": {
						"0.0": [0, 0, 10],
						"0.4583": [0, 0, 10],
						"0.7083": [0, 0, -10],
						"1.4583": [0, 0, -10],
						"1.7083": [0, 0, 10],
						"2.0": [0, 0, 10]
					}
				},
				"lock2": {
					"rotation": {
						"0.0": [0, 0, -10],
						"0.4583": [0, 0, -10],
						"0.7083": [0, 0, 10],
						"1.4583": [0, 0, 10],
						"1.7083": [0, 0, -10],
						"2.0": [0, 0, -10]
					}
				},
				"lock4": {
					"rotation": {
						"0.0": [0, 0, 10],
						"0.4583": [0, 0, 10],
						"0.7083": [0, 0, -10],
						"1.4583": [0, 0, -10],
						"1.7083": [0, 0, 10],
						"2.0": [0, 0, 10]
					}
				},
				"cat": {
					"position": {
						"0.0": [0, -1, 0],
						"0.4583": [0, -1, 0],
						"0.7917": [0, -2, 0],
						"1.2083": [0, -2, 0],
						"1.4583": [0, -2, 0],
						"1.625": [0, -1, 0],
						"2.0": [0, -1, 0]
					}
				},
				"tail1": {
					"rotation": {
						"0.0": [0, 0, 0],
						"0.4583": [0, 0, 0],
						"0.7083": [-7.5, 0, 0],
						"1.4583": [-7.5, 0, 0],
						"1.7083": [0, 0, 0],
						"2.0": [0, 0, 0]
					}
				},
				"tail2": {
					"rotation": {
						"0.0": [0, 0, 0],
						"0.4583": [0, 0, 0],
						"0.7083": [-15, 0, 0],
						"0.8333": [-27.5, 0, 0],
						"1.4583": [-27.5, 0, 0],
						"1.7083": [0, 0, 0],
						"2.0": [0, 0, 0]
					}
				},
				"tail3": {
					"rotation": {
						"0.0": [0, 0, 0],
						"0.4583": [0, 0, 0],
						"0.7083": [-17.5, 0, 0],
						"0.8333": [-37.5, 0, 0],
						"1.4583": [-37.5, 0, 0],
						"1.7083": [0, 0, 0],
						"2.0": [0, 0, 0]
					}
				},
				"tail4": {
					"rotation": {
						"0.0": [0, 0, 0],
						"0.4583": [0, 0, 0],
						"0.7083": [-40, 0, 0],
						"1.4583": [-40, 0, 0],
						"1.7083": [0, 0, 0],
						"2.0": [0, 0, 0]
					}
				},
				"antena2": {
					"rotation": {
						"0.0": [0, 0, 0],
						"0.4583": [0, 0, 0],
						"0.7083": [-10, 0, 0],
						"1.4583": [-10, 0, 0],
						"1.7083": [0, 0, 0],
						"2.0": [0, 0, 0]
					}
				},
				"antena3": {
					"rotation": {
						"0.0": [0, 0, 0],
						"0.4583": [0, 0, 0],
						"0.7083": [-10, 0, 0],
						"1.4583": [-10, 0, 0],
						"1.7083": [0, 0, 0],
						"2.0": [0, 0, 0]
					}
				},
				"antena4": {
					"rotation": {
						"0.0": [0, 0, 0],
						"0.4583": [0, 0, 0],
						"0.7083": [2.5, 0, 0],
						"1.4583": [2.5, 0, 0],
						"1.7083": [0, 0, 0],
						"2.0": [0, 0, 0]
					}
				},
				"Left_Leg": {
					"rotation": [-37.5, 0, 0]
				},
				"Left_Leg_2": {
					"rotation": [17.5, 0, 0]
				},
				"Left_paw": {
					"rotation": [-20, 0, 0]
				},
				"Left_paw_2": {
					"rotation": [52.5, 0, 0]
				},
				"Right_Leg": {
					"rotation": [-37.5, 0, 0]
				},
				"Right_Leg_2": {
					"rotation": [17.5, 0, 0]
				},
				"Right_paw": {
					"rotation": [-20, 0, 0]
				},
				"Right_paw_2": {
					"rotation": [52.5, 0, 0]
				},
				"Left_Front_2": {
					"rotation": [-40, 0, 0]
				},
				"Left_Front_paw": {
					"rotation": [40, 0, 0]
				},
				"Right_Front_2": {
					"rotation": [-40, 0, 0]
				},
				"Right_Front_paw": {
					"rotation": [40, 0, 0]
				},
				"LeftBook": {
					"rotation": {
						"0.0": [0, 0, -10],
						"0.4583": [0, 0, -10],
						"0.7083": [0, 0, 10],
						"1.4583": [0, 0, 10],
						"1.7083": [0, 0, -10],
						"2.0": [0, 0, -10]
					}
				},
				"RightBook": {
					"rotation": {
						"0.0": [0, 0, 10],
						"0.4583": [0, 0, 10],
						"0.7083": [0, 0, -10],
						"1.4583": [0, 0, -10],
						"1.7083": [0, 0, 10],
						"2.0": [0, 0, 10]
					}
				}
			}
		}
	}
}