{
	"name": "yuumi",
	"version": "0.2",
	"author": [ "val9k" ],
	"description": "the magical cat in minecraft",
	"skeleton": {
		"type": "biped",
		"attachments": {
			"item_left":["LeftHandLocator"],
			"item_right":["RightHandLocator"],
			"chestplate_left": [],
			"leggings_left": [],
			"chestplate_right": [],
			"leggings_right": [],
			"helmet":[],
			"cape":[],
			"elytra":[]
		}
	},
	"size":{
		"standing": [0.8, 1.5],
		"sneaking": [0.8, 1.3],
		"swimming": [0.5, 0.6]
	},
	"eye_height":{
		"standing": [1.3, 1],
		"sneaking": [1.1, 1],
		"swimming": [0.5, 1]
	},
	"parts": [
		{
		"name": "yuumi.geo",
		"texture": "yuumi_tex"
		}
	]
}