{
    "id": 101,
    "name": "Elora",
    "version": "0.2 pre",
    "author": "DearFox",
    "desc": "Character Model Preview - Elora\\r\\n(the model is still in development, it is planned to add clothes and armor.)\\r\\n\\r\\nThis model is for guidance only.\\r\\nYou cannot use this model for commerce.\\r\\n\\r\\nIf you want me to make a model of your character or your favorite character from some universe, contact me through https://www.furaffinity.net/user/dearfox/ or through https://vk.com/mrdearfox",
    "tags": "Elora; Deer; Faun; Goat; Furry; Kemono; Spyro Reignited; DearFox;",
    "likes": 50,
    "legacy": true
}