{
	"modelId": "tetris",
	"modelName": "Tetris",
	"version": "1.0",
	"author": "Gamepiaynmo",
	"hide": ["model_all"],
	"tickVars": {
		"start": ["float", 0, "1"],
		"sr": ["boolean", false, "tvl.start==0&&tvc.start==1"],

		"wx": ["float", 0, "if(tvc.iswg>0,tvc.wgx,if(tvc.iswb>0,if(tvc.iswbr,tvc.wbx,tvc.wbx),if(tvc.iscl>0,tvc.clx,0)))"],
		"wy": ["float", 0, "if(tvc.iswg>0,tvc.wgy,if(tvc.iswb>0,if(tvc.iswbr,tvc.wby-1,tvc.wby),if(tvc.iscl>0,tvc.cly,0)))"],
		"wv": ["float", 0, "if(tvc.iswg>0,1,if(tvc.iswb>0,if(tvc.iswbr,1,0),0))"],

		"v000": ["float", 0, "if(tvc.wx==0&&tvc.wy==0,tvc.wv,tvl.v000)"],
		"v001": ["float", 0, "if(tvc.wx==0&&tvc.wy==1,tvc.wv,tvl.v001)"],
		"v002": ["float", 0, "if(tvc.wx==0&&tvc.wy==2,tvc.wv,tvl.v002)"],
		"v003": ["float", 0, "if(tvc.wx==0&&tvc.wy==3,tvc.wv,tvl.v003)"],
		"v004": ["float", 0, "if(tvc.wx==0&&tvc.wy==4,tvc.wv,tvl.v004)"],
		"v005": ["float", 0, "if(tvc.wx==0&&tvc.wy==5,tvc.wv,tvl.v005)"],
		"v006": ["float", 0, "if(tvc.wx==0&&tvc.wy==6,tvc.wv,tvl.v006)"],
		"v007": ["float", 0, "if(tvc.wx==0&&tvc.wy==7,tvc.wv,tvl.v007)"],
		"v008": ["float", 0, "if(tvc.wx==0&&tvc.wy==8,tvc.wv,tvl.v008)"],
		"v009": ["float", 0, "if(tvc.wx==0&&tvc.wy==9,tvc.wv,tvl.v009)"],
		"v100": ["float", 0, "if(tvc.wx==1&&tvc.wy==0,tvc.wv,tvl.v100)"],
		"v101": ["float", 0, "if(tvc.wx==1&&tvc.wy==1,tvc.wv,tvl.v101)"],
		"v102": ["float", 0, "if(tvc.wx==1&&tvc.wy==2,tvc.wv,tvl.v102)"],
		"v103": ["float", 0, "if(tvc.wx==1&&tvc.wy==3,tvc.wv,tvl.v103)"],
		"v104": ["float", 0, "if(tvc.wx==1&&tvc.wy==4,tvc.wv,tvl.v104)"],
		"v105": ["float", 0, "if(tvc.wx==1&&tvc.wy==5,tvc.wv,tvl.v105)"],
		"v106": ["float", 0, "if(tvc.wx==1&&tvc.wy==6,tvc.wv,tvl.v106)"],
		"v107": ["float", 0, "if(tvc.wx==1&&tvc.wy==7,tvc.wv,tvl.v107)"],
		"v108": ["float", 0, "if(tvc.wx==1&&tvc.wy==8,tvc.wv,tvl.v108)"],
		"v109": ["float", 0, "if(tvc.wx==1&&tvc.wy==9,tvc.wv,tvl.v109)"],
		"v200": ["float", 0, "if(tvc.wx==2&&tvc.wy==0,tvc.wv,tvl.v200)"],
		"v201": ["float", 0, "if(tvc.wx==2&&tvc.wy==1,tvc.wv,tvl.v201)"],
		"v202": ["float", 0, "if(tvc.wx==2&&tvc.wy==2,tvc.wv,tvl.v202)"],
		"v203": ["float", 0, "if(tvc.wx==2&&tvc.wy==3,tvc.wv,tvl.v203)"],
		"v204": ["float", 0, "if(tvc.wx==2&&tvc.wy==4,tvc.wv,tvl.v204)"],
		"v205": ["float", 0, "if(tvc.wx==2&&tvc.wy==5,tvc.wv,tvl.v205)"],
		"v206": ["float", 0, "if(tvc.wx==2&&tvc.wy==6,tvc.wv,tvl.v206)"],
		"v207": ["float", 0, "if(tvc.wx==2&&tvc.wy==7,tvc.wv,tvl.v207)"],
		"v208": ["float", 0, "if(tvc.wx==2&&tvc.wy==8,tvc.wv,tvl.v208)"],
		"v209": ["float", 0, "if(tvc.wx==2&&tvc.wy==9,tvc.wv,tvl.v209)"],
		"v300": ["float", 0, "if(tvc.wx==3&&tvc.wy==0,tvc.wv,tvl.v300)"],
		"v301": ["float", 0, "if(tvc.wx==3&&tvc.wy==1,tvc.wv,tvl.v301)"],
		"v302": ["float", 0, "if(tvc.wx==3&&tvc.wy==2,tvc.wv,tvl.v302)"],
		"v303": ["float", 0, "if(tvc.wx==3&&tvc.wy==3,tvc.wv,tvl.v303)"],
		"v304": ["float", 0, "if(tvc.wx==3&&tvc.wy==4,tvc.wv,tvl.v304)"],
		"v305": ["float", 0, "if(tvc.wx==3&&tvc.wy==5,tvc.wv,tvl.v305)"],
		"v306": ["float", 0, "if(tvc.wx==3&&tvc.wy==6,tvc.wv,tvl.v306)"],
		"v307": ["float", 0, "if(tvc.wx==3&&tvc.wy==7,tvc.wv,tvl.v307)"],
		"v308": ["float", 0, "if(tvc.wx==3&&tvc.wy==8,tvc.wv,tvl.v308)"],
		"v309": ["float", 0, "if(tvc.wx==3&&tvc.wy==9,tvc.wv,tvl.v309)"],
		"v400": ["float", 0, "if(tvc.wx==4&&tvc.wy==0,tvc.wv,tvl.v400)"],
		"v401": ["float", 0, "if(tvc.wx==4&&tvc.wy==1,tvc.wv,tvl.v401)"],
		"v402": ["float", 0, "if(tvc.wx==4&&tvc.wy==2,tvc.wv,tvl.v402)"],
		"v403": ["float", 0, "if(tvc.wx==4&&tvc.wy==3,tvc.wv,tvl.v403)"],
		"v404": ["float", 0, "if(tvc.wx==4&&tvc.wy==4,tvc.wv,tvl.v404)"],
		"v405": ["float", 0, "if(tvc.wx==4&&tvc.wy==5,tvc.wv,tvl.v405)"],
		"v406": ["float", 0, "if(tvc.wx==4&&tvc.wy==6,tvc.wv,tvl.v406)"],
		"v407": ["float", 0, "if(tvc.wx==4&&tvc.wy==7,tvc.wv,tvl.v407)"],
		"v408": ["float", 0, "if(tvc.wx==4&&tvc.wy==8,tvc.wv,tvl.v408)"],
		"v409": ["float", 0, "if(tvc.wx==4&&tvc.wy==9,tvc.wv,tvl.v409)"],
		"v500": ["float", 0, "if(tvc.wx==5&&tvc.wy==0,tvc.wv,tvl.v500)"],
		"v501": ["float", 0, "if(tvc.wx==5&&tvc.wy==1,tvc.wv,tvl.v501)"],
		"v502": ["float", 0, "if(tvc.wx==5&&tvc.wy==2,tvc.wv,tvl.v502)"],
		"v503": ["float", 0, "if(tvc.wx==5&&tvc.wy==3,tvc.wv,tvl.v503)"],
		"v504": ["float", 0, "if(tvc.wx==5&&tvc.wy==4,tvc.wv,tvl.v504)"],
		"v505": ["float", 0, "if(tvc.wx==5&&tvc.wy==5,tvc.wv,tvl.v505)"],
		"v506": ["float", 0, "if(tvc.wx==5&&tvc.wy==6,tvc.wv,tvl.v506)"],
		"v507": ["float", 0, "if(tvc.wx==5&&tvc.wy==7,tvc.wv,tvl.v507)"],
		"v508": ["float", 0, "if(tvc.wx==5&&tvc.wy==8,tvc.wv,tvl.v508)"],
		"v509": ["float", 0, "if(tvc.wx==5&&tvc.wy==9,tvc.wv,tvl.v509)"],
		"v600": ["float", 0, "if(tvc.wx==6&&tvc.wy==0,tvc.wv,tvl.v600)"],
		"v601": ["float", 0, "if(tvc.wx==6&&tvc.wy==1,tvc.wv,tvl.v601)"],
		"v602": ["float", 0, "if(tvc.wx==6&&tvc.wy==2,tvc.wv,tvl.v602)"],
		"v603": ["float", 0, "if(tvc.wx==6&&tvc.wy==3,tvc.wv,tvl.v603)"],
		"v604": ["float", 0, "if(tvc.wx==6&&tvc.wy==4,tvc.wv,tvl.v604)"],
		"v605": ["float", 0, "if(tvc.wx==6&&tvc.wy==5,tvc.wv,tvl.v605)"],
		"v606": ["float", 0, "if(tvc.wx==6&&tvc.wy==6,tvc.wv,tvl.v606)"],
		"v607": ["float", 0, "if(tvc.wx==6&&tvc.wy==7,tvc.wv,tvl.v607)"],
		"v608": ["float", 0, "if(tvc.wx==6&&tvc.wy==8,tvc.wv,tvl.v608)"],
		"v609": ["float", 0, "if(tvc.wx==6&&tvc.wy==9,tvc.wv,tvl.v609)"],
		"v700": ["float", 0, "if(tvc.wx==7&&tvc.wy==0,tvc.wv,tvl.v700)"],
		"v701": ["float", 0, "if(tvc.wx==7&&tvc.wy==1,tvc.wv,tvl.v701)"],
		"v702": ["float", 0, "if(tvc.wx==7&&tvc.wy==2,tvc.wv,tvl.v702)"],
		"v703": ["float", 0, "if(tvc.wx==7&&tvc.wy==3,tvc.wv,tvl.v703)"],
		"v704": ["float", 0, "if(tvc.wx==7&&tvc.wy==4,tvc.wv,tvl.v704)"],
		"v705": ["float", 0, "if(tvc.wx==7&&tvc.wy==5,tvc.wv,tvl.v705)"],
		"v706": ["float", 0, "if(tvc.wx==7&&tvc.wy==6,tvc.wv,tvl.v706)"],
		"v707": ["float", 0, "if(tvc.wx==7&&tvc.wy==7,tvc.wv,tvl.v707)"],
		"v708": ["float", 0, "if(tvc.wx==7&&tvc.wy==8,tvc.wv,tvl.v708)"],
		"v709": ["float", 0, "if(tvc.wx==7&&tvc.wy==9,tvc.wv,tvl.v709)"],
		"v800": ["float", 0, "if(tvc.wx==8&&tvc.wy==0,tvc.wv,tvl.v800)"],
		"v801": ["float", 0, "if(tvc.wx==8&&tvc.wy==1,tvc.wv,tvl.v801)"],
		"v802": ["float", 0, "if(tvc.wx==8&&tvc.wy==2,tvc.wv,tvl.v802)"],
		"v803": ["float", 0, "if(tvc.wx==8&&tvc.wy==3,tvc.wv,tvl.v803)"],
		"v804": ["float", 0, "if(tvc.wx==8&&tvc.wy==4,tvc.wv,tvl.v804)"],
		"v805": ["float", 0, "if(tvc.wx==8&&tvc.wy==5,tvc.wv,tvl.v805)"],
		"v806": ["float", 0, "if(tvc.wx==8&&tvc.wy==6,tvc.wv,tvl.v806)"],
		"v807": ["float", 0, "if(tvc.wx==8&&tvc.wy==7,tvc.wv,tvl.v807)"],
		"v808": ["float", 0, "if(tvc.wx==8&&tvc.wy==8,tvc.wv,tvl.v808)"],
		"v809": ["float", 0, "if(tvc.wx==8&&tvc.wy==9,tvc.wv,tvl.v809)"],
		"v900": ["float", 0, "if(tvc.wx==9&&tvc.wy==0,tvc.wv,tvl.v900)"],
		"v901": ["float", 0, "if(tvc.wx==9&&tvc.wy==1,tvc.wv,tvl.v901)"],
		"v902": ["float", 0, "if(tvc.wx==9&&tvc.wy==2,tvc.wv,tvl.v902)"],
		"v903": ["float", 0, "if(tvc.wx==9&&tvc.wy==3,tvc.wv,tvl.v903)"],
		"v904": ["float", 0, "if(tvc.wx==9&&tvc.wy==4,tvc.wv,tvl.v904)"],
		"v905": ["float", 0, "if(tvc.wx==9&&tvc.wy==5,tvc.wv,tvl.v905)"],
		"v906": ["float", 0, "if(tvc.wx==9&&tvc.wy==6,tvc.wv,tvl.v906)"],
		"v907": ["float", 0, "if(tvc.wx==9&&tvc.wy==7,tvc.wv,tvl.v907)"],
		"v908": ["float", 0, "if(tvc.wx==9&&tvc.wy==8,tvc.wv,tvl.v908)"],
		"v909": ["float", 0, "if(tvc.wx==9&&tvc.wy==9,tvc.wv,tvl.v909)"],

		"rx": ["float", 0, "if(tvc.iscc>0,tvc.ccx,0)"],
		"ry": ["float", 0, "if(tvc.iscc>0,tvc.ccy,0)"],
		"rv": ["float", 0, "if(tvc.ry<5,if(tvc.ry<2,if(tvc.ry<1,if(tvc.rx<5,if(tvc.rx<2,if(tvc.rx<1,tvc.v000,tvc.v100),if(tvc.rx<3,tvc.v200,if(tvc.rx<4,tvc.v300,tvc.v400))),if(tvc.rx<7,if(tvc.rx<6,tvc.v500,tvc.v600),if(tvc.rx<8,tvc.v700,if(tvc.rx<9,tvc.v800,tvc.v900)))),if(tvc.rx<5,if(tvc.rx<2,if(tvc.rx<1,tvc.v001,tvc.v101),if(tvc.rx<3,tvc.v201,if(tvc.rx<4,tvc.v301,tvc.v401))),if(tvc.rx<7,if(tvc.rx<6,tvc.v501,tvc.v601),if(tvc.rx<8,tvc.v701,if(tvc.rx<9,tvc.v801,tvc.v901))))),if(tvc.ry<3,if(tvc.rx<5,if(tvc.rx<2,if(tvc.rx<1,tvc.v002,tvc.v102),if(tvc.rx<3,tvc.v202,if(tvc.rx<4,tvc.v302,tvc.v402))),if(tvc.rx<7,if(tvc.rx<6,tvc.v502,tvc.v602),if(tvc.rx<8,tvc.v702,if(tvc.rx<9,tvc.v802,tvc.v902)))),if(tvc.ry<4,if(tvc.rx<5,if(tvc.rx<2,if(tvc.rx<1,tvc.v003,tvc.v103),if(tvc.rx<3,tvc.v203,if(tvc.rx<4,tvc.v303,tvc.v403))),if(tvc.rx<7,if(tvc.rx<6,tvc.v503,tvc.v603),if(tvc.rx<8,tvc.v703,if(tvc.rx<9,tvc.v803,tvc.v903)))),if(tvc.rx<5,if(tvc.rx<2,if(tvc.rx<1,tvc.v004,tvc.v104),if(tvc.rx<3,tvc.v204,if(tvc.rx<4,tvc.v304,tvc.v404))),if(tvc.rx<7,if(tvc.rx<6,tvc.v504,tvc.v604),if(tvc.rx<8,tvc.v704,if(tvc.rx<9,tvc.v804,tvc.v904))))))),if(tvc.ry<7,if(tvc.ry<6,if(tvc.rx<5,if(tvc.rx<2,if(tvc.rx<1,tvc.v005,tvc.v105),if(tvc.rx<3,tvc.v205,if(tvc.rx<4,tvc.v305,tvc.v405))),if(tvc.rx<7,if(tvc.rx<6,tvc.v505,tvc.v605),if(tvc.rx<8,tvc.v705,if(tvc.rx<9,tvc.v805,tvc.v905)))),if(tvc.rx<5,if(tvc.rx<2,if(tvc.rx<1,tvc.v006,tvc.v106),if(tvc.rx<3,tvc.v206,if(tvc.rx<4,tvc.v306,tvc.v406))),if(tvc.rx<7,if(tvc.rx<6,tvc.v506,tvc.v606),if(tvc.rx<8,tvc.v706,if(tvc.rx<9,tvc.v806,tvc.v906))))),if(tvc.ry<8,if(tvc.rx<5,if(tvc.rx<2,if(tvc.rx<1,tvc.v007,tvc.v107),if(tvc.rx<3,tvc.v207,if(tvc.rx<4,tvc.v307,tvc.v407))),if(tvc.rx<7,if(tvc.rx<6,tvc.v507,tvc.v607),if(tvc.rx<8,tvc.v707,if(tvc.rx<9,tvc.v807,tvc.v907)))),if(tvc.ry<9,if(tvc.rx<5,if(tvc.rx<2,if(tvc.rx<1,tvc.v008,tvc.v108),if(tvc.rx<3,tvc.v208,if(tvc.rx<4,tvc.v308,tvc.v408))),if(tvc.rx<7,if(tvc.rx<6,tvc.v508,tvc.v608),if(tvc.rx<8,tvc.v708,if(tvc.rx<9,tvc.v808,tvc.v908)))),if(tvc.rx<5,if(tvc.rx<2,if(tvc.rx<1,tvc.v009,tvc.v109),if(tvc.rx<3,tvc.v209,if(tvc.rx<4,tvc.v309,tvc.v409))),if(tvc.rx<7,if(tvc.rx<6,tvc.v509,tvc.v609),if(tvc.rx<8,tvc.v709,if(tvc.rx<9,tvc.v809,tvc.v909))))))))"],

		"isg": ["float", 0, "if(tvc.sr||(tvc.isccf&&tvc.ced>0&&!tvc.scl)||tvc.isclf,1,0)"],
		"isgr": ["boolean", false, "tvl.isg==0&&tvc.isg>0"],

		"cb": ["float", 0, "if(tvc.isgr,floor(random()*7),tvl.cb)"],
		"cr": ["float", 0, "if(tvc.isgr,floor(random()*4),tvl.cr)"],
		"cx": ["float", 0, "if(tvc.isgr,floor(random()*6)+2,tvl.cx)"],
		"cy": ["float", 0, "if(tvc.isgr,7,if(tvl.iswbf,tvl.cy-1,tvl.cy))"],

		"iswg": ["float", 0, "if(tvc.isgr&&tvl.iswg==0,1,if(tvl.iswg>0&&tvl.iswg<4,tvl.iswg+1,0))"],
		"iswgf": ["boolean", false, "tvl.iswg>0&&tvc.iswg==0"],
		"wgx": ["float", 0, "if(tvc.iswg>0,if(tvc.cr<2,if(tvc.cr<1,if(tvc.cb<3,if(tvc.cb<1,if(tvc.iswg<3,if(tvc.iswg<2,tvc.cx-1,tvc.cx),if(tvc.iswg<4,tvc.cx+1,tvc.cx+2)),if(tvc.cb<2,if(tvc.iswg<3,if(tvc.iswg<2,tvc.cx,tvc.cx),if(tvc.iswg<4,tvc.cx+1,tvc.cx+2)),if(tvc.iswg<3,if(tvc.iswg<2,tvc.cx,tvc.cx),if(tvc.iswg<4,tvc.cx+1,tvc.cx+2)))),if(tvc.cb<5,if(tvc.cb<4,if(tvc.iswg<3,if(tvc.iswg<2,tvc.cx-1,tvc.cx),if(tvc.iswg<4,tvc.cx+1,tvc.cx)),if(tvc.iswg<3,if(tvc.iswg<2,tvc.cx-1,tvc.cx),if(tvc.iswg<4,tvc.cx,tvc.cx-1))),if(tvc.cb<6,if(tvc.iswg<3,if(tvc.iswg<2,tvc.cx-1,tvc.cx),if(tvc.iswg<4,tvc.cx,tvc.cx+1)),if(tvc.iswg<3,if(tvc.iswg<2,tvc.cx-1,tvc.cx),if(tvc.iswg<4,tvc.cx,tvc.cx+1))))),if(tvc.cb<3,if(tvc.cb<1,if(tvc.iswg<3,if(tvc.iswg<2,tvc.cx,tvc.cx),if(tvc.iswg<4,tvc.cx,tvc.cx)),if(tvc.cb<2,if(tvc.iswg<3,if(tvc.iswg<2,tvc.cx-1,tvc.cx),if(tvc.iswg<4,tvc.cx,tvc.cx)),if(tvc.iswg<3,if(tvc.iswg<2,tvc.cx+1,tvc.cx),if(tvc.iswg<4,tvc.cx,tvc.cx)))),if(tvc.cb<5,if(tvc.cb<4,if(tvc.iswg<3,if(tvc.iswg<2,tvc.cx,tvc.cx),if(tvc.iswg<4,tvc.cx,tvc.cx+1)),if(tvc.iswg<3,if(tvc.iswg<2,tvc.cx,tvc.cx),if(tvc.iswg<4,tvc.cx+1,tvc.cx+1))),if(tvc.cb<6,if(tvc.iswg<3,if(tvc.iswg<2,tvc.cx+1,tvc.cx+1),if(tvc.iswg<4,tvc.cx,tvc.cx)),if(tvc.iswg<3,if(tvc.iswg<2,tvc.cx,tvc.cx),if(tvc.iswg<4,tvc.cx+1,tvc.cx+1)))))),if(tvc.cr<3,if(tvc.cb<3,if(tvc.cb<1,if(tvc.iswg<3,if(tvc.iswg<2,tvc.cx+1,tvc.cx),if(tvc.iswg<4,tvc.cx-1,tvc.cx-2)),if(tvc.cb<2,if(tvc.iswg<3,if(tvc.iswg<2,tvc.cx,tvc.cx),if(tvc.iswg<4,tvc.cx-1,tvc.cx-2)),if(tvc.iswg<3,if(tvc.iswg<2,tvc.cx,tvc.cx),if(tvc.iswg<4,tvc.cx-1,tvc.cx-2)))),if(tvc.cb<5,if(tvc.cb<4,if(tvc.iswg<3,if(tvc.iswg<2,tvc.cx+1,tvc.cx),if(tvc.iswg<4,tvc.cx-1,tvc.cx)),if(tvc.iswg<3,if(tvc.iswg<2,tvc.cx+1,tvc.cx),if(tvc.iswg<4,tvc.cx,tvc.cx+1))),if(tvc.cb<6,if(tvc.iswg<3,if(tvc.iswg<2,tvc.cx+1,tvc.cx),if(tvc.iswg<4,tvc.cx,tvc.cx-1)),if(tvc.iswg<3,if(tvc.iswg<2,tvc.cx+1,tvc.cx),if(tvc.iswg<4,tvc.cx,tvc.cx-1))))),if(tvc.cb<3,if(tvc.cb<1,if(tvc.iswg<3,if(tvc.iswg<2,tvc.cx,tvc.cx),if(tvc.iswg<4,tvc.cx,tvc.cx)),if(tvc.cb<2,if(tvc.iswg<3,if(tvc.iswg<2,tvc.cx+1,tvc.cx),if(tvc.iswg<4,tvc.cx,tvc.cx)),if(tvc.iswg<3,if(tvc.iswg<2,tvc.cx-1,tvc.cx),if(tvc.iswg<4,tvc.cx,tvc.cx)))),if(tvc.cb<5,if(tvc.cb<4,if(tvc.iswg<3,if(tvc.iswg<2,tvc.cx,tvc.cx),if(tvc.iswg<4,tvc.cx,tvc.cx-1)),if(tvc.iswg<3,if(tvc.iswg<2,tvc.cx,tvc.cx),if(tvc.iswg<4,tvc.cx-1,tvc.cx-1))),if(tvc.cb<6,if(tvc.iswg<3,if(tvc.iswg<2,tvc.cx-1,tvc.cx-1),if(tvc.iswg<4,tvc.cx,tvc.cx)),if(tvc.iswg<3,if(tvc.iswg<2,tvc.cx,tvc.cx),if(tvc.iswg<4,tvc.cx-1,tvc.cx-1))))))),0)"],
		"wgy": ["float", 0, "if(tvc.iswg>0,if(tvc.cr<2,if(tvc.cr<1,if(tvc.cb<3,if(tvc.cb<1,if(tvc.iswg<3,if(tvc.iswg<2,tvc.cy,tvc.cy),if(tvc.iswg<4,tvc.cy,tvc.cy)),if(tvc.cb<2,if(tvc.iswg<3,if(tvc.iswg<2,tvc.cy-1,tvc.cy),if(tvc.iswg<4,tvc.cy,tvc.cy)),if(tvc.iswg<3,if(tvc.iswg<2,tvc.cy+1,tvc.cy),if(tvc.iswg<4,tvc.cy,tvc.cy)))),if(tvc.cb<5,if(tvc.cb<4,if(tvc.iswg<3,if(tvc.iswg<2,tvc.cy,tvc.cy),if(tvc.iswg<4,tvc.cy,tvc.cy+1)),if(tvc.iswg<3,if(tvc.iswg<2,tvc.cy,tvc.cy),if(tvc.iswg<4,tvc.cy+1,tvc.cy+1))),if(tvc.cb<6,if(tvc.iswg<3,if(tvc.iswg<2,tvc.cy+1,tvc.cy+1),if(tvc.iswg<4,tvc.cy,tvc.cy)),if(tvc.iswg<3,if(tvc.iswg<2,tvc.cy,tvc.cy),if(tvc.iswg<4,tvc.cy+1,tvc.cy+1))))),if(tvc.cb<3,if(tvc.cb<1,if(tvc.iswg<3,if(tvc.iswg<2,tvc.cy+1,tvc.cy),if(tvc.iswg<4,tvc.cy-1,tvc.cy-2)),if(tvc.cb<2,if(tvc.iswg<3,if(tvc.iswg<2,tvc.cy,tvc.cy),if(tvc.iswg<4,tvc.cy-1,tvc.cy-2)),if(tvc.iswg<3,if(tvc.iswg<2,tvc.cy,tvc.cy),if(tvc.iswg<4,tvc.cy-1,tvc.cy-2)))),if(tvc.cb<5,if(tvc.cb<4,if(tvc.iswg<3,if(tvc.iswg<2,tvc.cy+1,tvc.cy),if(tvc.iswg<4,tvc.cy-1,tvc.cy)),if(tvc.iswg<3,if(tvc.iswg<2,tvc.cy+1,tvc.cy),if(tvc.iswg<4,tvc.cy,tvc.cy+1))),if(tvc.cb<6,if(tvc.iswg<3,if(tvc.iswg<2,tvc.cy+1,tvc.cy),if(tvc.iswg<4,tvc.cy,tvc.cy-1)),if(tvc.iswg<3,if(tvc.iswg<2,tvc.cy+1,tvc.cy),if(tvc.iswg<4,tvc.cy,tvc.cy-1)))))),if(tvc.cr<3,if(tvc.cb<3,if(tvc.cb<1,if(tvc.iswg<3,if(tvc.iswg<2,tvc.cy,tvc.cy),if(tvc.iswg<4,tvc.cy,tvc.cy)),if(tvc.cb<2,if(tvc.iswg<3,if(tvc.iswg<2,tvc.cy+1,tvc.cy),if(tvc.iswg<4,tvc.cy,tvc.cy)),if(tvc.iswg<3,if(tvc.iswg<2,tvc.cy-1,tvc.cy),if(tvc.iswg<4,tvc.cy,tvc.cy)))),if(tvc.cb<5,if(tvc.cb<4,if(tvc.iswg<3,if(tvc.iswg<2,tvc.cy,tvc.cy),if(tvc.iswg<4,tvc.cy,tvc.cy-1)),if(tvc.iswg<3,if(tvc.iswg<2,tvc.cy,tvc.cy),if(tvc.iswg<4,tvc.cy-1,tvc.cy-1))),if(tvc.cb<6,if(tvc.iswg<3,if(tvc.iswg<2,tvc.cy-1,tvc.cy-1),if(tvc.iswg<4,tvc.cy,tvc.cy)),if(tvc.iswg<3,if(tvc.iswg<2,tvc.cy,tvc.cy),if(tvc.iswg<4,tvc.cy-1,tvc.cy-1))))),if(tvc.cb<3,if(tvc.cb<1,if(tvc.iswg<3,if(tvc.iswg<2,tvc.cy-1,tvc.cy),if(tvc.iswg<4,tvc.cy+1,tvc.cy+2)),if(tvc.cb<2,if(tvc.iswg<3,if(tvc.iswg<2,tvc.cy,tvc.cy),if(tvc.iswg<4,tvc.cy+1,tvc.cy+2)),if(tvc.iswg<3,if(tvc.iswg<2,tvc.cy,tvc.cy),if(tvc.iswg<4,tvc.cy+1,tvc.cy+2)))),if(tvc.cb<5,if(tvc.cb<4,if(tvc.iswg<3,if(tvc.iswg<2,tvc.cy-1,tvc.cy),if(tvc.iswg<4,tvc.cy+1,tvc.cy)),if(tvc.iswg<3,if(tvc.iswg<2,tvc.cy-1,tvc.cy),if(tvc.iswg<4,tvc.cy,tvc.cy-1))),if(tvc.cb<6,if(tvc.iswg<3,if(tvc.iswg<2,tvc.cy-1,tvc.cy),if(tvc.iswg<4,tvc.cy,tvc.cy+1)),if(tvc.iswg<3,if(tvc.iswg<2,tvc.cy-1,tvc.cy),if(tvc.iswg<4,tvc.cy,tvc.cy+1))))))),0)"],

		"iscc": ["float", 0, "if((tvc.iswgf||tvl.iswbf)&&tvl.iscc==0,1,if(tvl.iscc>0&&tvl.iscc<4,tvl.iscc+1,0))"],
		"isccf": ["boolean", false, "tvl.iscc>0&&tvc.iscc==0"],
		"ccx": ["float", 0, "if(tvc.iscc>0,if(tvc.cr<2,if(tvc.cr<1,if(tvc.cb<3,if(tvc.cb<1,if(tvc.iscc<3,if(tvc.iscc<2,tvc.cx-1,tvc.cx),if(tvc.iscc<4,tvc.cx+1,tvc.cx+2)),if(tvc.cb<2,if(tvc.iscc<3,if(tvc.iscc<2,tvc.cx,tvc.cx),if(tvc.iscc<4,tvc.cx+1,tvc.cx+2)),if(tvc.iscc<3,if(tvc.iscc<2,tvc.cx,tvc.cx),if(tvc.iscc<4,tvc.cx+1,tvc.cx+2)))),if(tvc.cb<5,if(tvc.cb<4,if(tvc.iscc<3,if(tvc.iscc<2,tvc.cx-1,tvc.cx),if(tvc.iscc<4,tvc.cx+1,tvc.cx)),if(tvc.iscc<3,if(tvc.iscc<2,tvc.cx-1,tvc.cx),if(tvc.iscc<4,tvc.cx,tvc.cx-1))),if(tvc.cb<6,if(tvc.iscc<3,if(tvc.iscc<2,tvc.cx-1,tvc.cx),if(tvc.iscc<4,tvc.cx,tvc.cx+1)),if(tvc.iscc<3,if(tvc.iscc<2,tvc.cx-1,tvc.cx),if(tvc.iscc<4,tvc.cx,tvc.cx+1))))),if(tvc.cb<3,if(tvc.cb<1,if(tvc.iscc<3,if(tvc.iscc<2,tvc.cx,tvc.cx),if(tvc.iscc<4,tvc.cx,tvc.cx)),if(tvc.cb<2,if(tvc.iscc<3,if(tvc.iscc<2,tvc.cx-1,tvc.cx),if(tvc.iscc<4,tvc.cx,tvc.cx)),if(tvc.iscc<3,if(tvc.iscc<2,tvc.cx+1,tvc.cx),if(tvc.iscc<4,tvc.cx,tvc.cx)))),if(tvc.cb<5,if(tvc.cb<4,if(tvc.iscc<3,if(tvc.iscc<2,tvc.cx,tvc.cx),if(tvc.iscc<4,tvc.cx,tvc.cx+1)),if(tvc.iscc<3,if(tvc.iscc<2,tvc.cx,tvc.cx),if(tvc.iscc<4,tvc.cx+1,tvc.cx+1))),if(tvc.cb<6,if(tvc.iscc<3,if(tvc.iscc<2,tvc.cx+1,tvc.cx+1),if(tvc.iscc<4,tvc.cx,tvc.cx)),if(tvc.iscc<3,if(tvc.iscc<2,tvc.cx,tvc.cx),if(tvc.iscc<4,tvc.cx+1,tvc.cx+1)))))),if(tvc.cr<3,if(tvc.cb<3,if(tvc.cb<1,if(tvc.iscc<3,if(tvc.iscc<2,tvc.cx+1,tvc.cx),if(tvc.iscc<4,tvc.cx-1,tvc.cx-2)),if(tvc.cb<2,if(tvc.iscc<3,if(tvc.iscc<2,tvc.cx,tvc.cx),if(tvc.iscc<4,tvc.cx-1,tvc.cx-2)),if(tvc.iscc<3,if(tvc.iscc<2,tvc.cx,tvc.cx),if(tvc.iscc<4,tvc.cx-1,tvc.cx-2)))),if(tvc.cb<5,if(tvc.cb<4,if(tvc.iscc<3,if(tvc.iscc<2,tvc.cx+1,tvc.cx),if(tvc.iscc<4,tvc.cx-1,tvc.cx)),if(tvc.iscc<3,if(tvc.iscc<2,tvc.cx+1,tvc.cx),if(tvc.iscc<4,tvc.cx,tvc.cx+1))),if(tvc.cb<6,if(tvc.iscc<3,if(tvc.iscc<2,tvc.cx+1,tvc.cx),if(tvc.iscc<4,tvc.cx,tvc.cx-1)),if(tvc.iscc<3,if(tvc.iscc<2,tvc.cx+1,tvc.cx),if(tvc.iscc<4,tvc.cx,tvc.cx-1))))),if(tvc.cb<3,if(tvc.cb<1,if(tvc.iscc<3,if(tvc.iscc<2,tvc.cx,tvc.cx),if(tvc.iscc<4,tvc.cx,tvc.cx)),if(tvc.cb<2,if(tvc.iscc<3,if(tvc.iscc<2,tvc.cx+1,tvc.cx),if(tvc.iscc<4,tvc.cx,tvc.cx)),if(tvc.iscc<3,if(tvc.iscc<2,tvc.cx-1,tvc.cx),if(tvc.iscc<4,tvc.cx,tvc.cx)))),if(tvc.cb<5,if(tvc.cb<4,if(tvc.iscc<3,if(tvc.iscc<2,tvc.cx,tvc.cx),if(tvc.iscc<4,tvc.cx,tvc.cx-1)),if(tvc.iscc<3,if(tvc.iscc<2,tvc.cx,tvc.cx),if(tvc.iscc<4,tvc.cx-1,tvc.cx-1))),if(tvc.cb<6,if(tvc.iscc<3,if(tvc.iscc<2,tvc.cx-1,tvc.cx-1),if(tvc.iscc<4,tvc.cx,tvc.cx)),if(tvc.iscc<3,if(tvc.iscc<2,tvc.cx,tvc.cx),if(tvc.iscc<4,tvc.cx-1,tvc.cx-1))))))),0)"],
		"ccy": ["float", 0, "if(tvc.iscc>0,if(tvc.cr<2,if(tvc.cr<1,if(tvc.cb<3,if(tvc.cb<1,if(tvc.iscc<3,if(tvc.iscc<2,tvc.cy-1,tvc.cy-1),if(tvc.iscc<4,tvc.cy-1,tvc.cy-1)),if(tvc.cb<2,if(tvc.iscc<3,if(tvc.iscc<2,tvc.cy-2,tvc.cy-2),if(tvc.iscc<4,tvc.cy-1,tvc.cy-1)),if(tvc.iscc<3,if(tvc.iscc<2,tvc.cy-1,tvc.cy-1),if(tvc.iscc<4,tvc.cy-1,tvc.cy-1)))),if(tvc.cb<5,if(tvc.cb<4,if(tvc.iscc<3,if(tvc.iscc<2,tvc.cy-1,tvc.cy-1),if(tvc.iscc<4,tvc.cy-1,tvc.cy-1)),if(tvc.iscc<3,if(tvc.iscc<2,tvc.cy-1,tvc.cy-1),if(tvc.iscc<4,tvc.cy-1,tvc.cy-1))),if(tvc.cb<6,if(tvc.iscc<3,if(tvc.iscc<2,tvc.cy,tvc.cy-1),if(tvc.iscc<4,tvc.cy-1,tvc.cy-1)),if(tvc.iscc<3,if(tvc.iscc<2,tvc.cy-1,tvc.cy-1),if(tvc.iscc<4,tvc.cy-1,tvc.cy))))),if(tvc.cb<3,if(tvc.cb<1,if(tvc.iscc<3,if(tvc.iscc<2,tvc.cy-3,tvc.cy-3),if(tvc.iscc<4,tvc.cy-3,tvc.cy-3)),if(tvc.cb<2,if(tvc.iscc<3,if(tvc.iscc<2,tvc.cy-1,tvc.cy-3),if(tvc.iscc<4,tvc.cy-3,tvc.cy-3)),if(tvc.iscc<3,if(tvc.iscc<2,tvc.cy-1,tvc.cy-3),if(tvc.iscc<4,tvc.cy-3,tvc.cy-3)))),if(tvc.cb<5,if(tvc.cb<4,if(tvc.iscc<3,if(tvc.iscc<2,tvc.cy-2,tvc.cy-2),if(tvc.iscc<4,tvc.cy-2,tvc.cy-1)),if(tvc.iscc<3,if(tvc.iscc<2,tvc.cy-1,tvc.cy-1),if(tvc.iscc<4,tvc.cy-1,tvc.cy-1))),if(tvc.cb<6,if(tvc.iscc<3,if(tvc.iscc<2,tvc.cy-1,tvc.cy-1),if(tvc.iscc<4,tvc.cy-2,tvc.cy-2)),if(tvc.iscc<3,if(tvc.iscc<2,tvc.cy-1,tvc.cy-1),if(tvc.iscc<4,tvc.cy-2,tvc.cy-2)))))),if(tvc.cr<3,if(tvc.cb<3,if(tvc.cb<1,if(tvc.iscc<3,if(tvc.iscc<2,tvc.cy-1,tvc.cy-1),if(tvc.iscc<4,tvc.cy-1,tvc.cy-1)),if(tvc.cb<2,if(tvc.iscc<3,if(tvc.iscc<2,tvc.cy-1,tvc.cy-1),if(tvc.iscc<4,tvc.cy-1,tvc.cy-1)),if(tvc.iscc<3,if(tvc.iscc<2,tvc.cy-2,tvc.cy-2),if(tvc.iscc<4,tvc.cy-1,tvc.cy-1)))),if(tvc.cb<5,if(tvc.cb<4,if(tvc.iscc<3,if(tvc.iscc<2,tvc.cy-1,tvc.cy-2),if(tvc.iscc<4,tvc.cy-1,tvc.cy-2)),if(tvc.iscc<3,if(tvc.iscc<2,tvc.cy-2,tvc.cy-2),if(tvc.iscc<4,tvc.cy-2,tvc.cy-2))),if(tvc.cb<6,if(tvc.iscc<3,if(tvc.iscc<2,tvc.cy-2,tvc.cy-2),if(tvc.iscc<4,tvc.cy-2,tvc.cy-1)),if(tvc.iscc<3,if(tvc.iscc<2,tvc.cy-1,tvc.cy-2),if(tvc.iscc<4,tvc.cy-2,tvc.cy-2))))),if(tvc.cb<3,if(tvc.cb<1,if(tvc.iscc<3,if(tvc.iscc<2,tvc.cy-2,tvc.cy-2),if(tvc.iscc<4,tvc.cy-2,tvc.cy-2)),if(tvc.cb<2,if(tvc.iscc<3,if(tvc.iscc<2,tvc.cy-1,tvc.cy-1),if(tvc.iscc<4,tvc.cy-1,tvc.cy-1)),if(tvc.iscc<3,if(tvc.iscc<2,tvc.cy-1,tvc.cy-1),if(tvc.iscc<4,tvc.cy-1,tvc.cy-1)))),if(tvc.cb<5,if(tvc.cb<4,if(tvc.iscc<3,if(tvc.iscc<2,tvc.cy-2,tvc.cy-2),if(tvc.iscc<4,tvc.cy-2,tvc.cy-1)),if(tvc.iscc<3,if(tvc.iscc<2,tvc.cy-2,tvc.cy-2),if(tvc.iscc<4,tvc.cy-2,tvc.cy-2))),if(tvc.cb<6,if(tvc.iscc<3,if(tvc.iscc<2,tvc.cy-2,tvc.cy-2),if(tvc.iscc<4,tvc.cy-1,tvc.cy-1)),if(tvc.iscc<3,if(tvc.iscc<2,tvc.cy-2,tvc.cy-2),if(tvc.iscc<4,tvc.cy-1,tvc.cy-1))))))),0)"],
		"cig": ["float", 0, "if(tvl.iscc>0&&(tvc.rv>0||tvl.ccy<0),1,0)"],
		"ced": ["float", 0, "if(tvl.iscc>0,tvc.cig+tvl.ced,0)"],
		"scl": ["boolean", false, "tvc.isccf&&tvc.ced>0&&tvl.ccy>5"],

		"iswb": ["float", 0, "if(tvc.isccf&&tvc.ced==0&&tvl.iswb==0,1,if(tvl.iswb>0&&tvl.iswb<8,tvl.iswb+1,0))"],
		"iswbr": ["boolean", 0, "fmod(tvc.iswb,2)==1"],
		"iswbf": ["boolean", false, "tvl.iswb>0&&tvc.iswb==0"],
		"wbs": ["float", 0, "floor((tvc.iswb+1)/2)"],
		"wbx": ["float", 0, "if(tvc.wbs>0,if(tvc.cr<2,if(tvc.cr<1,if(tvc.cb<3,if(tvc.cb<1,if(tvc.wbs<3,if(tvc.wbs<2,tvc.cx-1,tvc.cx),if(tvc.wbs<4,tvc.cx+1,tvc.cx+2)),if(tvc.cb<2,if(tvc.wbs<3,if(tvc.wbs<2,tvc.cx,tvc.cx),if(tvc.wbs<4,tvc.cx+1,tvc.cx+2)),if(tvc.wbs<3,if(tvc.wbs<2,tvc.cx,tvc.cx+1),if(tvc.wbs<4,tvc.cx+2,tvc.cx)))),if(tvc.cb<5,if(tvc.cb<4,if(tvc.wbs<3,if(tvc.wbs<2,tvc.cx-1,tvc.cx),if(tvc.wbs<4,tvc.cx+1,tvc.cx)),if(tvc.wbs<3,if(tvc.wbs<2,tvc.cx-1,tvc.cx),if(tvc.wbs<4,tvc.cx,tvc.cx-1))),if(tvc.cb<6,if(tvc.wbs<3,if(tvc.wbs<2,tvc.cx,tvc.cx+1),if(tvc.wbs<4,tvc.cx-1,tvc.cx)),if(tvc.wbs<3,if(tvc.wbs<2,tvc.cx-1,tvc.cx),if(tvc.wbs<4,tvc.cx,tvc.cx+1))))),if(tvc.cb<3,if(tvc.cb<1,if(tvc.wbs<3,if(tvc.wbs<2,tvc.cx,tvc.cx),if(tvc.wbs<4,tvc.cx,tvc.cx)),if(tvc.cb<2,if(tvc.wbs<3,if(tvc.wbs<2,tvc.cx,tvc.cx),if(tvc.wbs<4,tvc.cx-1,tvc.cx)),if(tvc.wbs<3,if(tvc.wbs<2,tvc.cx,tvc.cx),if(tvc.wbs<4,tvc.cx+1,tvc.cx)))),if(tvc.cb<5,if(tvc.cb<4,if(tvc.wbs<3,if(tvc.wbs<2,tvc.cx,tvc.cx),if(tvc.wbs<4,tvc.cx+1,tvc.cx)),if(tvc.wbs<3,if(tvc.wbs<2,tvc.cx,tvc.cx+1),if(tvc.wbs<4,tvc.cx,tvc.cx+1))),if(tvc.cb<6,if(tvc.wbs<3,if(tvc.wbs<2,tvc.cx,tvc.cx),if(tvc.wbs<4,tvc.cx+1,tvc.cx+1)),if(tvc.wbs<3,if(tvc.wbs<2,tvc.cx+1,tvc.cx+1),if(tvc.wbs<4,tvc.cx,tvc.cx)))))),if(tvc.cr<3,if(tvc.cb<3,if(tvc.cb<1,if(tvc.wbs<3,if(tvc.wbs<2,tvc.cx+1,tvc.cx),if(tvc.wbs<4,tvc.cx-1,tvc.cx-2)),if(tvc.cb<2,if(tvc.wbs<3,if(tvc.wbs<2,tvc.cx,tvc.cx-1),if(tvc.wbs<4,tvc.cx-2,tvc.cx)),if(tvc.wbs<3,if(tvc.wbs<2,tvc.cx,tvc.cx),if(tvc.wbs<4,tvc.cx-1,tvc.cx-2)))),if(tvc.cb<5,if(tvc.cb<4,if(tvc.wbs<3,if(tvc.wbs<2,tvc.cx,tvc.cx),if(tvc.wbs<4,tvc.cx-1,tvc.cx+1)),if(tvc.wbs<3,if(tvc.wbs<2,tvc.cx,tvc.cx+1),if(tvc.wbs<4,tvc.cx+1,tvc.cx))),if(tvc.cb<6,if(tvc.wbs<3,if(tvc.wbs<2,tvc.cx+1,tvc.cx),if(tvc.wbs<4,tvc.cx,tvc.cx-1)),if(tvc.wbs<3,if(tvc.wbs<2,tvc.cx,tvc.cx-1),if(tvc.wbs<4,tvc.cx+1,tvc.cx))))),if(tvc.cb<3,if(tvc.cb<1,if(tvc.wbs<3,if(tvc.wbs<2,tvc.cx,tvc.cx),if(tvc.wbs<4,tvc.cx,tvc.cx)),if(tvc.cb<2,if(tvc.wbs<3,if(tvc.wbs<2,tvc.cx+1,tvc.cx),if(tvc.wbs<4,tvc.cx,tvc.cx)),if(tvc.wbs<3,if(tvc.wbs<2,tvc.cx-1,tvc.cx),if(tvc.wbs<4,tvc.cx,tvc.cx)))),if(tvc.cb<5,if(tvc.cb<4,if(tvc.wbs<3,if(tvc.wbs<2,tvc.cx,tvc.cx),if(tvc.wbs<4,tvc.cx-1,tvc.cx)),if(tvc.wbs<3,if(tvc.wbs<2,tvc.cx,tvc.cx-1),if(tvc.wbs<4,tvc.cx-1,tvc.cx))),if(tvc.cb<6,if(tvc.wbs<3,if(tvc.wbs<2,tvc.cx-1,tvc.cx-1),if(tvc.wbs<4,tvc.cx,tvc.cx)),if(tvc.wbs<3,if(tvc.wbs<2,tvc.cx,tvc.cx),if(tvc.wbs<4,tvc.cx-1,tvc.cx-1))))))),0)"],
		"wby": ["float", 0, "if(tvc.wbs>0,if(tvc.cr<2,if(tvc.cr<1,if(tvc.cb<3,if(tvc.cb<1,if(tvc.wbs<3,if(tvc.wbs<2,tvc.cy,tvc.cy),if(tvc.wbs<4,tvc.cy,tvc.cy)),if(tvc.cb<2,if(tvc.wbs<3,if(tvc.wbs<2,tvc.cy-1,tvc.cy),if(tvc.wbs<4,tvc.cy,tvc.cy)),if(tvc.wbs<3,if(tvc.wbs<2,tvc.cy,tvc.cy),if(tvc.wbs<4,tvc.cy,tvc.cy+1)))),if(tvc.cb<5,if(tvc.cb<4,if(tvc.wbs<3,if(tvc.wbs<2,tvc.cy,tvc.cy),if(tvc.wbs<4,tvc.cy,tvc.cy+1)),if(tvc.wbs<3,if(tvc.wbs<2,tvc.cy,tvc.cy),if(tvc.wbs<4,tvc.cy+1,tvc.cy+1))),if(tvc.cb<6,if(tvc.wbs<3,if(tvc.wbs<2,tvc.cy,tvc.cy),if(tvc.wbs<4,tvc.cy+1,tvc.cy+1)),if(tvc.wbs<3,if(tvc.wbs<2,tvc.cy,tvc.cy),if(tvc.wbs<4,tvc.cy+1,tvc.cy+1))))),if(tvc.cb<3,if(tvc.cb<1,if(tvc.wbs<3,if(tvc.wbs<2,tvc.cy-2,tvc.cy-1),if(tvc.wbs<4,tvc.cy,tvc.cy+1)),if(tvc.cb<2,if(tvc.wbs<3,if(tvc.wbs<2,tvc.cy-2,tvc.cy-1),if(tvc.wbs<4,tvc.cy,tvc.cy)),if(tvc.wbs<3,if(tvc.wbs<2,tvc.cy-2,tvc.cy-1),if(tvc.wbs<4,tvc.cy,tvc.cy)))),if(tvc.cb<5,if(tvc.cb<4,if(tvc.wbs<3,if(tvc.wbs<2,tvc.cy-1,tvc.cy),if(tvc.wbs<4,tvc.cy,tvc.cy+1)),if(tvc.wbs<3,if(tvc.wbs<2,tvc.cy,tvc.cy),if(tvc.wbs<4,tvc.cy+1,tvc.cy+1))),if(tvc.cb<6,if(tvc.wbs<3,if(tvc.wbs<2,tvc.cy-1,tvc.cy),if(tvc.wbs<4,tvc.cy,tvc.cy+1)),if(tvc.wbs<3,if(tvc.wbs<2,tvc.cy-1,tvc.cy),if(tvc.wbs<4,tvc.cy,tvc.cy+1)))))),if(tvc.cr<3,if(tvc.cb<3,if(tvc.cb<1,if(tvc.wbs<3,if(tvc.wbs<2,tvc.cy,tvc.cy),if(tvc.wbs<4,tvc.cy,tvc.cy)),if(tvc.cb<2,if(tvc.wbs<3,if(tvc.wbs<2,tvc.cy,tvc.cy),if(tvc.wbs<4,tvc.cy,tvc.cy+1)),if(tvc.wbs<3,if(tvc.wbs<2,tvc.cy-1,tvc.cy),if(tvc.wbs<4,tvc.cy,tvc.cy)))),if(tvc.cb<5,if(tvc.cb<4,if(tvc.wbs<3,if(tvc.wbs<2,tvc.cy-1,tvc.cy),if(tvc.wbs<4,tvc.cy,tvc.cy)),if(tvc.wbs<3,if(tvc.wbs<2,tvc.cy-1,tvc.cy-1),if(tvc.wbs<4,tvc.cy,tvc.cy))),if(tvc.cb<6,if(tvc.wbs<3,if(tvc.wbs<2,tvc.cy-1,tvc.cy-1),if(tvc.wbs<4,tvc.cy,tvc.cy)),if(tvc.wbs<3,if(tvc.wbs<2,tvc.cy-1,tvc.cy-1),if(tvc.wbs<4,tvc.cy,tvc.cy))))),if(tvc.cb<3,if(tvc.cb<1,if(tvc.wbs<3,if(tvc.wbs<2,tvc.cy-1,tvc.cy),if(tvc.wbs<4,tvc.cy+1,tvc.cy+2)),if(tvc.cb<2,if(tvc.wbs<3,if(tvc.wbs<2,tvc.cy,tvc.cy),if(tvc.wbs<4,tvc.cy+1,tvc.cy+2)),if(tvc.wbs<3,if(tvc.wbs<2,tvc.cy,tvc.cy),if(tvc.wbs<4,tvc.cy+1,tvc.cy+2)))),if(tvc.cb<5,if(tvc.cb<4,if(tvc.wbs<3,if(tvc.wbs<2,tvc.cy-1,tvc.cy),if(tvc.wbs<4,tvc.cy,tvc.cy+1)),if(tvc.wbs<3,if(tvc.wbs<2,tvc.cy-1,tvc.cy-1),if(tvc.wbs<4,tvc.cy,tvc.cy))),if(tvc.cb<6,if(tvc.wbs<3,if(tvc.wbs<2,tvc.cy-1,tvc.cy),if(tvc.wbs<4,tvc.cy,tvc.cy+1)),if(tvc.wbs<3,if(tvc.wbs<2,tvc.cy-1,tvc.cy),if(tvc.wbs<4,tvc.cy,tvc.cy+1))))))),0)"],

		"iscl": ["float", 0, "if(tvc.scl&&tvl.iscl==0,1,if(tvl.iscl>0&&tvl.iscl<100,tvl.iscl+1,0))"],
		"isclf": ["boolean", false, "tvl.iscl>0&&tvc.iscl==0"],
		"clx": ["float", 0, "if(tvc.iscl>0,fmod(tvc.iscl-1,10),0)"],
		"cly": ["float", 0, "if(tvc.iscl>0,floor((tvc.iscl-1)/10),0)"]
	},
	"bones": [
		{
			"id": "p",
			"texture": "tex.tetris",
			"rotation": ["-body_yaw", 0, 0]
		},
				{
			"id": "p000",
			"parent": "p",
			"position": [0, 0, 0],
			"visible": "tvc.v000>0",
			"boxes": [
				{
					"coordinates": [0, 0, 0, 2, 2, 2]
				}
			]
		},
		{
			"id": "p001",
			"parent": "p",
			"position": [0, 2, 0],
			"visible": "tvc.v001>0",
			"boxes": [
				{
					"coordinates": [0, 0, 0, 2, 2, 2]
				}
			]
		},
		{
			"id": "p002",
			"parent": "p",
			"position": [0, 4, 0],
			"visible": "tvc.v002>0",
			"boxes": [
				{
					"coordinates": [0, 0, 0, 2, 2, 2]
				}
			]
		},
		{
			"id": "p003",
			"parent": "p",
			"position": [0, 6, 0],
			"visible": "tvc.v003>0",
			"boxes": [
				{
					"coordinates": [0, 0, 0, 2, 2, 2]
				}
			]
		},
		{
			"id": "p004",
			"parent": "p",
			"position": [0, 8, 0],
			"visible": "tvc.v004>0",
			"boxes": [
				{
					"coordinates": [0, 0, 0, 2, 2, 2]
				}
			]
		},
		{
			"id": "p005",
			"parent": "p",
			"position": [0, 10, 0],
			"visible": "tvc.v005>0",
			"boxes": [
				{
					"coordinates": [0, 0, 0, 2, 2, 2]
				}
			]
		},
		{
			"id": "p006",
			"parent": "p",
			"position": [0, 12, 0],
			"visible": "tvc.v006>0",
			"boxes": [
				{
					"coordinates": [0, 0, 0, 2, 2, 2]
				}
			]
		},
		{
			"id": "p007",
			"parent": "p",
			"position": [0, 14, 0],
			"visible": "tvc.v007>0",
			"boxes": [
				{
					"coordinates": [0, 0, 0, 2, 2, 2]
				}
			]
		},
		{
			"id": "p008",
			"parent": "p",
			"position": [0, 16, 0],
			"visible": "tvc.v008>0",
			"boxes": [
				{
					"coordinates": [0, 0, 0, 2, 2, 2]
				}
			]
		},
		{
			"id": "p009",
			"parent": "p",
			"position": [0, 18, 0],
			"visible": "tvc.v009>0",
			"boxes": [
				{
					"coordinates": [0, 0, 0, 2, 2, 2]
				}
			]
		},
		{
			"id": "p100",
			"parent": "p",
			"position": [2, 0, 0],
			"visible": "tvc.v100>0",
			"boxes": [
				{
					"coordinates": [0, 0, 0, 2, 2, 2]
				}
			]
		},
		{
			"id": "p101",
			"parent": "p",
			"position": [2, 2, 0],
			"visible": "tvc.v101>0",
			"boxes": [
				{
					"coordinates": [0, 0, 0, 2, 2, 2]
				}
			]
		},
		{
			"id": "p102",
			"parent": "p",
			"position": [2, 4, 0],
			"visible": "tvc.v102>0",
			"boxes": [
				{
					"coordinates": [0, 0, 0, 2, 2, 2]
				}
			]
		},
		{
			"id": "p103",
			"parent": "p",
			"position": [2, 6, 0],
			"visible": "tvc.v103>0",
			"boxes": [
				{
					"coordinates": [0, 0, 0, 2, 2, 2]
				}
			]
		},
		{
			"id": "p104",
			"parent": "p",
			"position": [2, 8, 0],
			"visible": "tvc.v104>0",
			"boxes": [
				{
					"coordinates": [0, 0, 0, 2, 2, 2]
				}
			]
		},
		{
			"id": "p105",
			"parent": "p",
			"position": [2, 10, 0],
			"visible": "tvc.v105>0",
			"boxes": [
				{
					"coordinates": [0, 0, 0, 2, 2, 2]
				}
			]
		},
		{
			"id": "p106",
			"parent": "p",
			"position": [2, 12, 0],
			"visible": "tvc.v106>0",
			"boxes": [
				{
					"coordinates": [0, 0, 0, 2, 2, 2]
				}
			]
		},
		{
			"id": "p107",
			"parent": "p",
			"position": [2, 14, 0],
			"visible": "tvc.v107>0",
			"boxes": [
				{
					"coordinates": [0, 0, 0, 2, 2, 2]
				}
			]
		},
		{
			"id": "p108",
			"parent": "p",
			"position": [2, 16, 0],
			"visible": "tvc.v108>0",
			"boxes": [
				{
					"coordinates": [0, 0, 0, 2, 2, 2]
				}
			]
		},
		{
			"id": "p109",
			"parent": "p",
			"position": [2, 18, 0],
			"visible": "tvc.v109>0",
			"boxes": [
				{
					"coordinates": [0, 0, 0, 2, 2, 2]
				}
			]
		},
		{
			"id": "p200",
			"parent": "p",
			"position": [4, 0, 0],
			"visible": "tvc.v200>0",
			"boxes": [
				{
					"coordinates": [0, 0, 0, 2, 2, 2]
				}
			]
		},
		{
			"id": "p201",
			"parent": "p",
			"position": [4, 2, 0],
			"visible": "tvc.v201>0",
			"boxes": [
				{
					"coordinates": [0, 0, 0, 2, 2, 2]
				}
			]
		},
		{
			"id": "p202",
			"parent": "p",
			"position": [4, 4, 0],
			"visible": "tvc.v202>0",
			"boxes": [
				{
					"coordinates": [0, 0, 0, 2, 2, 2]
				}
			]
		},
		{
			"id": "p203",
			"parent": "p",
			"position": [4, 6, 0],
			"visible": "tvc.v203>0",
			"boxes": [
				{
					"coordinates": [0, 0, 0, 2, 2, 2]
				}
			]
		},
		{
			"id": "p204",
			"parent": "p",
			"position": [4, 8, 0],
			"visible": "tvc.v204>0",
			"boxes": [
				{
					"coordinates": [0, 0, 0, 2, 2, 2]
				}
			]
		},
		{
			"id": "p205",
			"parent": "p",
			"position": [4, 10, 0],
			"visible": "tvc.v205>0",
			"boxes": [
				{
					"coordinates": [0, 0, 0, 2, 2, 2]
				}
			]
		},
		{
			"id": "p206",
			"parent": "p",
			"position": [4, 12, 0],
			"visible": "tvc.v206>0",
			"boxes": [
				{
					"coordinates": [0, 0, 0, 2, 2, 2]
				}
			]
		},
		{
			"id": "p207",
			"parent": "p",
			"position": [4, 14, 0],
			"visible": "tvc.v207>0",
			"boxes": [
				{
					"coordinates": [0, 0, 0, 2, 2, 2]
				}
			]
		},
		{
			"id": "p208",
			"parent": "p",
			"position": [4, 16, 0],
			"visible": "tvc.v208>0",
			"boxes": [
				{
					"coordinates": [0, 0, 0, 2, 2, 2]
				}
			]
		},
		{
			"id": "p209",
			"parent": "p",
			"position": [4, 18, 0],
			"visible": "tvc.v209>0",
			"boxes": [
				{
					"coordinates": [0, 0, 0, 2, 2, 2]
				}
			]
		},
		{
			"id": "p300",
			"parent": "p",
			"position": [6, 0, 0],
			"visible": "tvc.v300>0",
			"boxes": [
				{
					"coordinates": [0, 0, 0, 2, 2, 2]
				}
			]
		},
		{
			"id": "p301",
			"parent": "p",
			"position": [6, 2, 0],
			"visible": "tvc.v301>0",
			"boxes": [
				{
					"coordinates": [0, 0, 0, 2, 2, 2]
				}
			]
		},
		{
			"id": "p302",
			"parent": "p",
			"position": [6, 4, 0],
			"visible": "tvc.v302>0",
			"boxes": [
				{
					"coordinates": [0, 0, 0, 2, 2, 2]
				}
			]
		},
		{
			"id": "p303",
			"parent": "p",
			"position": [6, 6, 0],
			"visible": "tvc.v303>0",
			"boxes": [
				{
					"coordinates": [0, 0, 0, 2, 2, 2]
				}
			]
		},
		{
			"id": "p304",
			"parent": "p",
			"position": [6, 8, 0],
			"visible": "tvc.v304>0",
			"boxes": [
				{
					"coordinates": [0, 0, 0, 2, 2, 2]
				}
			]
		},
		{
			"id": "p305",
			"parent": "p",
			"position": [6, 10, 0],
			"visible": "tvc.v305>0",
			"boxes": [
				{
					"coordinates": [0, 0, 0, 2, 2, 2]
				}
			]
		},
		{
			"id": "p306",
			"parent": "p",
			"position": [6, 12, 0],
			"visible": "tvc.v306>0",
			"boxes": [
				{
					"coordinates": [0, 0, 0, 2, 2, 2]
				}
			]
		},
		{
			"id": "p307",
			"parent": "p",
			"position": [6, 14, 0],
			"visible": "tvc.v307>0",
			"boxes": [
				{
					"coordinates": [0, 0, 0, 2, 2, 2]
				}
			]
		},
		{
			"id": "p308",
			"parent": "p",
			"position": [6, 16, 0],
			"visible": "tvc.v308>0",
			"boxes": [
				{
					"coordinates": [0, 0, 0, 2, 2, 2]
				}
			]
		},
		{
			"id": "p309",
			"parent": "p",
			"position": [6, 18, 0],
			"visible": "tvc.v309>0",
			"boxes": [
				{
					"coordinates": [0, 0, 0, 2, 2, 2]
				}
			]
		},
		{
			"id": "p400",
			"parent": "p",
			"position": [8, 0, 0],
			"visible": "tvc.v400>0",
			"boxes": [
				{
					"coordinates": [0, 0, 0, 2, 2, 2]
				}
			]
		},
		{
			"id": "p401",
			"parent": "p",
			"position": [8, 2, 0],
			"visible": "tvc.v401>0",
			"boxes": [
				{
					"coordinates": [0, 0, 0, 2, 2, 2]
				}
			]
		},
		{
			"id": "p402",
			"parent": "p",
			"position": [8, 4, 0],
			"visible": "tvc.v402>0",
			"boxes": [
				{
					"coordinates": [0, 0, 0, 2, 2, 2]
				}
			]
		},
		{
			"id": "p403",
			"parent": "p",
			"position": [8, 6, 0],
			"visible": "tvc.v403>0",
			"boxes": [
				{
					"coordinates": [0, 0, 0, 2, 2, 2]
				}
			]
		},
		{
			"id": "p404",
			"parent": "p",
			"position": [8, 8, 0],
			"visible": "tvc.v404>0",
			"boxes": [
				{
					"coordinates": [0, 0, 0, 2, 2, 2]
				}
			]
		},
		{
			"id": "p405",
			"parent": "p",
			"position": [8, 10, 0],
			"visible": "tvc.v405>0",
			"boxes": [
				{
					"coordinates": [0, 0, 0, 2, 2, 2]
				}
			]
		},
		{
			"id": "p406",
			"parent": "p",
			"position": [8, 12, 0],
			"visible": "tvc.v406>0",
			"boxes": [
				{
					"coordinates": [0, 0, 0, 2, 2, 2]
				}
			]
		},
		{
			"id": "p407",
			"parent": "p",
			"position": [8, 14, 0],
			"visible": "tvc.v407>0",
			"boxes": [
				{
					"coordinates": [0, 0, 0, 2, 2, 2]
				}
			]
		},
		{
			"id": "p408",
			"parent": "p",
			"position": [8, 16, 0],
			"visible": "tvc.v408>0",
			"boxes": [
				{
					"coordinates": [0, 0, 0, 2, 2, 2]
				}
			]
		},
		{
			"id": "p409",
			"parent": "p",
			"position": [8, 18, 0],
			"visible": "tvc.v409>0",
			"boxes": [
				{
					"coordinates": [0, 0, 0, 2, 2, 2]
				}
			]
		},
		{
			"id": "p500",
			"parent": "p",
			"position": [10, 0, 0],
			"visible": "tvc.v500>0",
			"boxes": [
				{
					"coordinates": [0, 0, 0, 2, 2, 2]
				}
			]
		},
		{
			"id": "p501",
			"parent": "p",
			"position": [10, 2, 0],
			"visible": "tvc.v501>0",
			"boxes": [
				{
					"coordinates": [0, 0, 0, 2, 2, 2]
				}
			]
		},
		{
			"id": "p502",
			"parent": "p",
			"position": [10, 4, 0],
			"visible": "tvc.v502>0",
			"boxes": [
				{
					"coordinates": [0, 0, 0, 2, 2, 2]
				}
			]
		},
		{
			"id": "p503",
			"parent": "p",
			"position": [10, 6, 0],
			"visible": "tvc.v503>0",
			"boxes": [
				{
					"coordinates": [0, 0, 0, 2, 2, 2]
				}
			]
		},
		{
			"id": "p504",
			"parent": "p",
			"position": [10, 8, 0],
			"visible": "tvc.v504>0",
			"boxes": [
				{
					"coordinates": [0, 0, 0, 2, 2, 2]
				}
			]
		},
		{
			"id": "p505",
			"parent": "p",
			"position": [10, 10, 0],
			"visible": "tvc.v505>0",
			"boxes": [
				{
					"coordinates": [0, 0, 0, 2, 2, 2]
				}
			]
		},
		{
			"id": "p506",
			"parent": "p",
			"position": [10, 12, 0],
			"visible": "tvc.v506>0",
			"boxes": [
				{
					"coordinates": [0, 0, 0, 2, 2, 2]
				}
			]
		},
		{
			"id": "p507",
			"parent": "p",
			"position": [10, 14, 0],
			"visible": "tvc.v507>0",
			"boxes": [
				{
					"coordinates": [0, 0, 0, 2, 2, 2]
				}
			]
		},
		{
			"id": "p508",
			"parent": "p",
			"position": [10, 16, 0],
			"visible": "tvc.v508>0",
			"boxes": [
				{
					"coordinates": [0, 0, 0, 2, 2, 2]
				}
			]
		},
		{
			"id": "p509",
			"parent": "p",
			"position": [10, 18, 0],
			"visible": "tvc.v509>0",
			"boxes": [
				{
					"coordinates": [0, 0, 0, 2, 2, 2]
				}
			]
		},
		{
			"id": "p600",
			"parent": "p",
			"position": [12, 0, 0],
			"visible": "tvc.v600>0",
			"boxes": [
				{
					"coordinates": [0, 0, 0, 2, 2, 2]
				}
			]
		},
		{
			"id": "p601",
			"parent": "p",
			"position": [12, 2, 0],
			"visible": "tvc.v601>0",
			"boxes": [
				{
					"coordinates": [0, 0, 0, 2, 2, 2]
				}
			]
		},
		{
			"id": "p602",
			"parent": "p",
			"position": [12, 4, 0],
			"visible": "tvc.v602>0",
			"boxes": [
				{
					"coordinates": [0, 0, 0, 2, 2, 2]
				}
			]
		},
		{
			"id": "p603",
			"parent": "p",
			"position": [12, 6, 0],
			"visible": "tvc.v603>0",
			"boxes": [
				{
					"coordinates": [0, 0, 0, 2, 2, 2]
				}
			]
		},
		{
			"id": "p604",
			"parent": "p",
			"position": [12, 8, 0],
			"visible": "tvc.v604>0",
			"boxes": [
				{
					"coordinates": [0, 0, 0, 2, 2, 2]
				}
			]
		},
		{
			"id": "p605",
			"parent": "p",
			"position": [12, 10, 0],
			"visible": "tvc.v605>0",
			"boxes": [
				{
					"coordinates": [0, 0, 0, 2, 2, 2]
				}
			]
		},
		{
			"id": "p606",
			"parent": "p",
			"position": [12, 12, 0],
			"visible": "tvc.v606>0",
			"boxes": [
				{
					"coordinates": [0, 0, 0, 2, 2, 2]
				}
			]
		},
		{
			"id": "p607",
			"parent": "p",
			"position": [12, 14, 0],
			"visible": "tvc.v607>0",
			"boxes": [
				{
					"coordinates": [0, 0, 0, 2, 2, 2]
				}
			]
		},
		{
			"id": "p608",
			"parent": "p",
			"position": [12, 16, 0],
			"visible": "tvc.v608>0",
			"boxes": [
				{
					"coordinates": [0, 0, 0, 2, 2, 2]
				}
			]
		},
		{
			"id": "p609",
			"parent": "p",
			"position": [12, 18, 0],
			"visible": "tvc.v609>0",
			"boxes": [
				{
					"coordinates": [0, 0, 0, 2, 2, 2]
				}
			]
		},
		{
			"id": "p700",
			"parent": "p",
			"position": [14, 0, 0],
			"visible": "tvc.v700>0",
			"boxes": [
				{
					"coordinates": [0, 0, 0, 2, 2, 2]
				}
			]
		},
		{
			"id": "p701",
			"parent": "p",
			"position": [14, 2, 0],
			"visible": "tvc.v701>0",
			"boxes": [
				{
					"coordinates": [0, 0, 0, 2, 2, 2]
				}
			]
		},
		{
			"id": "p702",
			"parent": "p",
			"position": [14, 4, 0],
			"visible": "tvc.v702>0",
			"boxes": [
				{
					"coordinates": [0, 0, 0, 2, 2, 2]
				}
			]
		},
		{
			"id": "p703",
			"parent": "p",
			"position": [14, 6, 0],
			"visible": "tvc.v703>0",
			"boxes": [
				{
					"coordinates": [0, 0, 0, 2, 2, 2]
				}
			]
		},
		{
			"id": "p704",
			"parent": "p",
			"position": [14, 8, 0],
			"visible": "tvc.v704>0",
			"boxes": [
				{
					"coordinates": [0, 0, 0, 2, 2, 2]
				}
			]
		},
		{
			"id": "p705",
			"parent": "p",
			"position": [14, 10, 0],
			"visible": "tvc.v705>0",
			"boxes": [
				{
					"coordinates": [0, 0, 0, 2, 2, 2]
				}
			]
		},
		{
			"id": "p706",
			"parent": "p",
			"position": [14, 12, 0],
			"visible": "tvc.v706>0",
			"boxes": [
				{
					"coordinates": [0, 0, 0, 2, 2, 2]
				}
			]
		},
		{
			"id": "p707",
			"parent": "p",
			"position": [14, 14, 0],
			"visible": "tvc.v707>0",
			"boxes": [
				{
					"coordinates": [0, 0, 0, 2, 2, 2]
				}
			]
		},
		{
			"id": "p708",
			"parent": "p",
			"position": [14, 16, 0],
			"visible": "tvc.v708>0",
			"boxes": [
				{
					"coordinates": [0, 0, 0, 2, 2, 2]
				}
			]
		},
		{
			"id": "p709",
			"parent": "p",
			"position": [14, 18, 0],
			"visible": "tvc.v709>0",
			"boxes": [
				{
					"coordinates": [0, 0, 0, 2, 2, 2]
				}
			]
		},
		{
			"id": "p800",
			"parent": "p",
			"position": [16, 0, 0],
			"visible": "tvc.v800>0",
			"boxes": [
				{
					"coordinates": [0, 0, 0, 2, 2, 2]
				}
			]
		},
		{
			"id": "p801",
			"parent": "p",
			"position": [16, 2, 0],
			"visible": "tvc.v801>0",
			"boxes": [
				{
					"coordinates": [0, 0, 0, 2, 2, 2]
				}
			]
		},
		{
			"id": "p802",
			"parent": "p",
			"position": [16, 4, 0],
			"visible": "tvc.v802>0",
			"boxes": [
				{
					"coordinates": [0, 0, 0, 2, 2, 2]
				}
			]
		},
		{
			"id": "p803",
			"parent": "p",
			"position": [16, 6, 0],
			"visible": "tvc.v803>0",
			"boxes": [
				{
					"coordinates": [0, 0, 0, 2, 2, 2]
				}
			]
		},
		{
			"id": "p804",
			"parent": "p",
			"position": [16, 8, 0],
			"visible": "tvc.v804>0",
			"boxes": [
				{
					"coordinates": [0, 0, 0, 2, 2, 2]
				}
			]
		},
		{
			"id": "p805",
			"parent": "p",
			"position": [16, 10, 0],
			"visible": "tvc.v805>0",
			"boxes": [
				{
					"coordinates": [0, 0, 0, 2, 2, 2]
				}
			]
		},
		{
			"id": "p806",
			"parent": "p",
			"position": [16, 12, 0],
			"visible": "tvc.v806>0",
			"boxes": [
				{
					"coordinates": [0, 0, 0, 2, 2, 2]
				}
			]
		},
		{
			"id": "p807",
			"parent": "p",
			"position": [16, 14, 0],
			"visible": "tvc.v807>0",
			"boxes": [
				{
					"coordinates": [0, 0, 0, 2, 2, 2]
				}
			]
		},
		{
			"id": "p808",
			"parent": "p",
			"position": [16, 16, 0],
			"visible": "tvc.v808>0",
			"boxes": [
				{
					"coordinates": [0, 0, 0, 2, 2, 2]
				}
			]
		},
		{
			"id": "p809",
			"parent": "p",
			"position": [16, 18, 0],
			"visible": "tvc.v809>0",
			"boxes": [
				{
					"coordinates": [0, 0, 0, 2, 2, 2]
				}
			]
		},
		{
			"id": "p900",
			"parent": "p",
			"position": [18, 0, 0],
			"visible": "tvc.v900>0",
			"boxes": [
				{
					"coordinates": [0, 0, 0, 2, 2, 2]
				}
			]
		},
		{
			"id": "p901",
			"parent": "p",
			"position": [18, 2, 0],
			"visible": "tvc.v901>0",
			"boxes": [
				{
					"coordinates": [0, 0, 0, 2, 2, 2]
				}
			]
		},
		{
			"id": "p902",
			"parent": "p",
			"position": [18, 4, 0],
			"visible": "tvc.v902>0",
			"boxes": [
				{
					"coordinates": [0, 0, 0, 2, 2, 2]
				}
			]
		},
		{
			"id": "p903",
			"parent": "p",
			"position": [18, 6, 0],
			"visible": "tvc.v903>0",
			"boxes": [
				{
					"coordinates": [0, 0, 0, 2, 2, 2]
				}
			]
		},
		{
			"id": "p904",
			"parent": "p",
			"position": [18, 8, 0],
			"visible": "tvc.v904>0",
			"boxes": [
				{
					"coordinates": [0, 0, 0, 2, 2, 2]
				}
			]
		},
		{
			"id": "p905",
			"parent": "p",
			"position": [18, 10, 0],
			"visible": "tvc.v905>0",
			"boxes": [
				{
					"coordinates": [0, 0, 0, 2, 2, 2]
				}
			]
		},
		{
			"id": "p906",
			"parent": "p",
			"position": [18, 12, 0],
			"visible": "tvc.v906>0",
			"boxes": [
				{
					"coordinates": [0, 0, 0, 2, 2, 2]
				}
			]
		},
		{
			"id": "p907",
			"parent": "p",
			"position": [18, 14, 0],
			"visible": "tvc.v907>0",
			"boxes": [
				{
					"coordinates": [0, 0, 0, 2, 2, 2]
				}
			]
		},
		{
			"id": "p908",
			"parent": "p",
			"position": [18, 16, 0],
			"visible": "tvc.v908>0",
			"boxes": [
				{
					"coordinates": [0, 0, 0, 2, 2, 2]
				}
			]
		},
		{
			"id": "p909",
			"parent": "p",
			"position": [18, 18, 0],
			"visible": "tvc.v909>0",
			"boxes": [
				{
					"coordinates": [0, 0, 0, 2, 2, 2]
				}
			]
		}
	]
}