{
    "id": 200,
    "name": "Ori",
    "version": "1.0",
    "author": "zerustu",
    "desc": "Ori model.\\r\\nthis model was sugested by Rex Anivius#3891 on discord and i had nothing better to do so i made it and challenge myself to see how much custom animations i could put in it.\\r\\n\\r\\nIf you want you can ask me on discord (▄█▀zerustu▀█▄#0075) about how the model work, how i made it and all the files and tools.\\r\\n\\r\\nThis model is for 1.16 but if i have enough time, i will convert it to 1.12 (note that if i do, the climbing and the two custom animation with custom keys wont be ported).\\r\\n\\r\\nThis model have a lot of custom animation : 450 line of javascript and a 69KB animation.js file (nice :) ).\\r\\n\\r\\nthere is a walking, runing and crouch walking animation, a jump/double jump(frontflip) animation, a climbing up/sliding down ladders animation and 2 customs animation (a spin and a custom pose) using the custom keys 1 and 2.\\r\\n\\r\\nyou can keep the custom keys 1 and 2 down to keep the custom animation running:\\r\\n-keeping 1 down you  make the first model keep looping on the animation;\\r\\n-keeping 2 down will freeze the model in the custom pose.\\r\\nthese two animation have the priority over any other animation and will stop them.\\r\\n\\r\\nIf you want to know, the animation are made in blockbench (the same tool to make the model) and then converted to javascript command using the tool : https://github.com/val9k/CPM_catmull_rom_interpolation\\r\\n\\r\\nalso with the credit: \\r\\nthanks to the CPM creator Gamepiaynmo\\r\\nthanks to art0007i#2305 for the shape of the head (i stol the head from his avali model. go check his model here https://discord.gg/2yjgSj2fMd)\\r\\nthanks to Rex Anivius#3891 for the idea\\r\\nand everyone one the CPM discord",
    "tags": "Furry; custom-animation;",
    "likes": 8,
    "legacy": false
}