{
	"modelId": "mizuhashi_parsee",
	"modelName": "Mizuhashi Parsee",
	"version": "1.0.0",
	"author": "Succinum, ZeniCrow, Paulzzh, Tian_mi",
	"hide": ["model_all", "feature_all"],
	"skeleton": {
		"right_arm_all": [4, -0.66667, 0],
		"left_arm_all": [-4, -0.66667, 0]
	},
	"variables": {
		"left_arm_roll": "if(is_first_person,0,-25)",
		"right_arm_roll": "if(is_first_person,0,25)"
	},
	"bones": [
		{
			"id": "head_c",
			"parent": "head",
			"texture": "tex.mizuhashi_parsee",
			"scale": [1.33333, 1.33333, 1.33333],
			"boxes": [
				{
					"textureOffset": [0, 13],
					"coordinates": [-4, 0, 4, 8, 8, 8]
				}
			]
		},
		{
			"id": "head_c_helmet_hat",
			"parent": "head_c",
			"attached": ["helmet_all", "head_wearing"]
		},
		{
			"id": "blink",
			"parent": "head_c",
			"visible": "fmod(age,60)<5",
			"boxes": [
				{
					"textureOffset": [24, 44],
					"coordinates": [-4, 0, -4.001, 8, 8, 0.001]
				}
			]
		},
		{
			"id": "hair_cpm_dummy",
			"parent": "head_c",
			"position": [-4, 6, 0]
		},
		{
			"id": "hair",
			"parent": "hair_cpm_dummy",
			"rotation": [0, 0, -25],
			"boxes": []
		},
		{
			"id": "right_arm_c",
			"parent": "right_arm",
			"texture": "tex.mizuhashi_parsee",
			"scale": [1.33333, 1.33333, 1.33333],
			"rotation": [0, 0, "var.right_arm_roll"],
			"boxes": [
				{
					"textureOffset": [40, 46],
					"coordinates": [0, -9, 1, 2, 8, 2]
				},
				{
					"textureOffset": [45, 9],
					"coordinates": [-1.5, -4, 1.5, 4, 4, 3]
				},
				{
					"textureOffset": [49, 18],
					"coordinates": [-0.5, -7.5, 1.5, 3, 2, 3]
				}
			]
		},
		{
			"id": "right_arm_c_chestplate_right",
			"parent": "right_arm_c",
			"attached": ["chestplate_right_arm"],
			"position": [0, -2, 0],
			"scale": [0.75, 0.75, 0.75]
		},
		{
			"id": "right_arm_c_item_right",
			"parent": "right_arm_c",
			"attached": ["held_item_right"],
			"position": [1, -12, -1],
			"scale": [0.75, 0.75, 0.75]
		},
		{
			"id": "left_arm_c",
			"parent": "left_arm",
			"texture": "tex.mizuhashi_parsee",
			"scale": [1.33333, 1.33333, 1.33333],
			"rotation": [0, 0, "var.left_arm_roll"],
			"boxes": [
				{
					"textureOffset": [44, 33],
					"coordinates": [-2.5, -4, 1.5, 4, 4, 3]
				},
				{
					"textureOffset": [48, 48],
					"coordinates": [-2.5, -7.5, 1.5, 3, 2, 3]
				},
				{
					"textureOffset": [0, 0],
					"coordinates": [-2, -9, 1, 2, 8, 2]
				}
			]
		},
		{
			"id": "left_arm_c_chestplate_left",
			"parent": "left_arm_c",
			"attached": ["chestplate_left_arm"],
			"position": [0, -2, 0],
			"scale": [0.75, 0.75, 0.75]
		},
		{
			"id": "left_arm_c_item_left",
			"parent": "left_arm_c",
			"attached": ["held_item_left"],
			"position": [-1, -12, -1],
			"scale": [0.75, 0.75, 0.75]
		},
		{
			"id": "body_c",
			"parent": "body",
			"texture": "tex.mizuhashi_parsee",
			"scale": [1.33333, 1.33333, 1.33333],
			"boxes": [
				{
					"textureOffset": [0, 29],
					"coordinates": [-3, 1.499, 3, 6, 6, 6]
				},
				{
					"textureOffset": [24, 33],
					"coordinates": [-2.5, 1.499, 2.5, 5, 6, 5]
				},
				{
					"textureOffset": [24, 13],
					"coordinates": [-3.5, 0.5, 3.5, 7, 1, 7]
				},
				{
					"textureOffset": [30, 0],
					"coordinates": [-4, -0.5, 4, 8, 1, 8]
				},
				{
					"textureOffset": [23, 23],
					"coordinates": [-4.5, -1.5, 4.5, 9, 1, 9]
				},
				{
					"textureOffset": [0, 0],
					"coordinates": [-5, -4.5, 4.75, 10, 3, 10]
				},
				{
					"textureOffset": [40, 40],
					"coordinates": [-4, -2.501, 2, 8, 2, 4]
				}
			],
			"position": [0, -7.5, 0]
		},
		{
			"id": "body_c_chestplate_body",
			"parent": "body_c",
			"attached": ["armor_body_all"],
			"scale": [0.75, 0.75, 1.05],
			"position": [0, 10, 0]
		},
		{
			"id": "body_c_cape_elytra",
			"parent": "body_c_chestplate_body",
			"attached": ["cape", "elytra"],
			"texture": "tex.skin"
		},
		{
			"id": "body_c_parrot_left",
			"parent": "body_c",
			"attached": ["shoulder_parrot_left"],
			"position": [-6.5, 10, 0],
			"scale": [0.75, 0.75, 0.75]
		},
		{
			"id": "body_c_parrot_right",
			"parent": "body_c",
			"attached": ["shoulder_parrot_right"],
			"position": [6.5, 10, 0],
			"scale": [0.75, 0.75, 0.75]
		},
		{
			"id": "scarf",
			"parent": "body_c",
			"boxes": [
				{
					"textureOffset": [0, 19],
					"coordinates": [-1.5, 6.15, -2.4, 3, 1, 1]
				},
				{
					"textureOffset": [24, 13],
					"coordinates": [0.5, 7.15, -2.4, 1, 1, 1]
				},
				{
					"textureOffset": [6, 0],
					"coordinates": [-1.5, 7.15, -2.4, 1, 1, 1]
				}
			]
		},
		{
			"id": "bone_cpm_dummy",
			"parent": "scarf",
			"position": [-0.5, 6.75, -3]
		},
		{
			"id": "bone",
			"parent": "bone_cpm_dummy",
			"rotation": [0, 0, 5],
			"boxes": [
				{
					"textureOffset": [0, 13],
					"coordinates": [-0.25, -4.9, 0.7, 1, 5, 1]
				}
			]
		},
		{
			"id": "bone2_cpm_dummy",
			"parent": "scarf",
			"position": [-0.5, 6.75, -3]
		},
		{
			"id": "bone2",
			"parent": "bone2_cpm_dummy",
			"rotation": [5, -5, -10],
			"boxes": [
				{
					"textureOffset": [4, 13],
					"coordinates": [-0.5, -3.8, 0.85, 1, 4, 1]
				}
			]
		},
		{
			"id": "left_leg_c",
			"parent": "left_leg",
			"texture": "tex.mizuhashi_parsee",
			"scale": [1.33333, 1.33333, 1.33333],
			"boxes": [
				{
					"textureOffset": [12, 41],
					"coordinates": [-1.499, -9, 1.5, 3, 9, 3]
				}
			]
		},
		{
			"id": "left_leg_c_legging_left",
			"parent": "left_leg_c",
			"attached": ["armor_left_leg_all"],
			"scale": [0.75, 0.75, 0.75]
		},
		{
			"id": "right_leg_c",
			"parent": "right_leg",
			"texture": "tex.mizuhashi_parsee",
			"scale": [1.33333, 1.33333, 1.33333],
			"boxes": [
				{
					"textureOffset": [0, 41],
					"coordinates": [-1.501, -9, 1.5, 3, 9, 3]
				}
			]
		},
		{
			"id": "right_leg_c_legging_right",
			"parent": "right_leg_c",
			"attached": ["armor_right_leg_all"],
			"scale": [0.75, 0.75, 0.75]
		}
	]
}