{
	"modelId": "murasa_minamitsu",
	"modelName": "Murasa Minamitsu",
	"version": "1.0.0",
	"author": "Succinum, ZeniCrow, Paulzzh, Tian_mi",
	"hide": ["model_all", "feature_all"],
	"skeleton": {
		"right_arm_all": [4, -0.66667, 0],
		"left_arm_all": [-4, -0.66667, 0]
	},
	"variables": {
		"left_arm_roll": "if(is_first_person,0,-25)",
		"right_arm_roll": "if(is_first_person,0,25)"
	},
	"bones": [
		{
			"id": "head_c",
			"parent": "head",
			"texture": "tex.murasa_minamitsu",
			"scale": [1.33333, 1.33333, 1.33333],
			"boxes": [
				{
					"textureOffset": [0, 0],
					"coordinates": [-4, 0, 4, 8, 8, 8]
				}
			]
		},
		{
			"id": "head_c_helmet_hat",
			"parent": "head_c",
			"attached": ["helmet_all", "head_wearing"]
		},
		{
			"id": "blink_cpm_dummy",
			"parent": "head_c",
			"position": [0, -18, 0]
		},
		{
			"id": "blink",
			"parent": "blink_cpm_dummy",
			"visible": "fmod(age,60)<5",
			"boxes": [
				{
					"textureOffset": [44, 44],
					"coordinates": [-4, 18, -4.001, 8, 8, 0.001]
				}
			]
		},
		{
			"id": "hat_cpm_dummy",
			"parent": "head_c",
			"position": [0, 8, 0]
		},
		{
			"id": "hat",
			"parent": "hat_cpm_dummy",
			"boxes": [
				{
					"textureOffset": [0, 27],
					"coordinates": [-4.5, -2, 4.5, 9, 1, 9]
				}
			]
		},
		{
			"id": "bone9_cpm_dummy",
			"parent": "hat",
			"position": [0, -1, -5]
		},
		{
			"id": "bone9",
			"parent": "bone9_cpm_dummy",
			"rotation": [0, -5, 0],
			"boxes": [
				{
					"textureOffset": [0, 16],
					"coordinates": [-4.5, 0, 9.5, 9, 2, 9],
					"sizeAdd": -0.1
				}
			]
		},
		{
			"id": "bone10_cpm_dummy",
			"parent": "hat",
			"position": [0, -26, 0]
		},
		{
			"id": "bone10",
			"parent": "bone10_cpm_dummy",
			"boxes": [
				{
					"textureOffset": [33, 34],
					"coordinates": [-4.5, 24, -4.5, 9, 0.001, 3]
				}
			]
		},
		{
			"id": "icon_cpm_dummy",
			"parent": "hat",
			"position": [0, -1, -5]
		},
		{
			"id": "icon",
			"parent": "icon_cpm_dummy",
			"boxes": [
				{
					"textureOffset": [44, 2],
					"coordinates": [-0.375, 1, 0.75, 0.75, 0.25, 0.25]
				},
				{
					"textureOffset": [44, 2],
					"coordinates": [-0.125, 0, 0.75, 0.25, 1, 0.25]
				},
				{
					"textureOffset": [44, 2],
					"coordinates": [-0.375, 1.5, 0.75, 0.75, 0.25, 0.25]
				},
				{
					"textureOffset": [44, 2],
					"coordinates": [-0.375, 1.25, 0.75, 0.25, 0.25, 0.25]
				},
				{
					"textureOffset": [44, 2],
					"coordinates": [0.125, 1.25, 0.75, 0.25, 0.25, 0.25]
				}
			]
		},
		{
			"id": "iconLeft",
			"parent": "icon",
			"boxes": []
		},
		{
			"id": "bone11_cpm_dummy",
			"parent": "iconLeft",
			"position": [0, 1, 0]
		},
		{
			"id": "bone11",
			"parent": "bone11_cpm_dummy",
			"rotation": [0, 0, -15],
			"boxes": [
				{
					"textureOffset": [44, 2],
					"coordinates": [-0.11192, -0.99828, 0.75, 0.25, 0.25, 0.25]
				}
			]
		},
		{
			"id": "bone12_cpm_dummy",
			"parent": "iconLeft",
			"position": [0, 1, 0]
		},
		{
			"id": "bone12",
			"parent": "bone12_cpm_dummy",
			"rotation": [0, 0, -30],
			"boxes": [
				{
					"textureOffset": [44, 2],
					"coordinates": [-0.09973, -0.99323, 0.75, 0.25, 0.25, 0.25]
				}
			]
		},
		{
			"id": "bone13_cpm_dummy",
			"parent": "iconLeft",
			"position": [0, 1, 0]
		},
		{
			"id": "bone13",
			"parent": "bone13_cpm_dummy",
			"rotation": [0, 0, -45],
			"boxes": [
				{
					"textureOffset": [44, 2],
					"coordinates": [-0.08927, -0.9852, 0.75, 0.25, 0.25, 0.25]
				}
			]
		},
		{
			"id": "bone14_cpm_dummy",
			"parent": "iconLeft",
			"position": [0, 1, 0]
		},
		{
			"id": "bone14",
			"parent": "bone14_cpm_dummy",
			"rotation": [0, 0, -45],
			"boxes": [
				{
					"textureOffset": [44, 2],
					"coordinates": [-0.08927, -0.9852, 0.75, 0.25, 0.25, 0.25]
				}
			]
		},
		{
			"id": "bone15_cpm_dummy",
			"parent": "iconLeft",
			"position": [0, 1, 0]
		},
		{
			"id": "bone15",
			"parent": "bone15_cpm_dummy",
			"rotation": [0, 0, -60],
			"boxes": [
				{
					"textureOffset": [44, 2],
					"coordinates": [-0.08124, -0.97473, 0.75, 0.25, 0.25, 0.25]
				}
			]
		},
		{
			"id": "bone16_cpm_dummy",
			"parent": "iconLeft",
			"position": [0, 1, 0]
		},
		{
			"id": "bone16",
			"parent": "bone16_cpm_dummy",
			"rotation": [0, 0, -75],
			"boxes": [
				{
					"textureOffset": [44, 2],
					"coordinates": [-0.07619, -0.96255, 0.75, 0.25, 0.25, 0.25]
				}
			]
		},
		{
			"id": "bone17_cpm_dummy",
			"parent": "iconLeft",
			"position": [0, 1, 0]
		},
		{
			"id": "bone17",
			"parent": "bone17_cpm_dummy",
			"rotation": [0, 0, -105],
			"boxes": [
				{
					"textureOffset": [44, 2],
					"coordinates": [0.41529, -0.87169, 0.75, 0.5, 0.25, 0.25]
				}
			]
		},
		{
			"id": "bone18_cpm_dummy",
			"parent": "iconLeft",
			"position": [0, 1, 0]
		},
		{
			"id": "bone18",
			"parent": "bone18_cpm_dummy",
			"rotation": [0, 0, -25],
			"boxes": [
				{
					"textureOffset": [44, 2],
					"coordinates": [-0.59482, -0.64965, 0.75, 0.5, 0.25, 0.25]
				}
			]
		},
		{
			"id": "iconRight",
			"parent": "icon",
			"rotation": [180, 0, 0],
			"boxes": []
		},
		{
			"id": "bone19_cpm_dummy",
			"parent": "iconRight",
			"position": [0, 1, 0]
		},
		{
			"id": "bone19",
			"parent": "bone19_cpm_dummy",
			"rotation": [0, 0, -15],
			"boxes": [
				{
					"textureOffset": [44, 2],
					"coordinates": [-0.11192, -0.99828, -0.5, 0.25, 0.25, 0.25]
				}
			]
		},
		{
			"id": "bone20_cpm_dummy",
			"parent": "iconRight",
			"position": [0, 1, 0]
		},
		{
			"id": "bone20",
			"parent": "bone20_cpm_dummy",
			"rotation": [0, 0, -30],
			"boxes": [
				{
					"textureOffset": [44, 2],
					"coordinates": [-0.09973, -0.99323, -0.5, 0.25, 0.25, 0.25]
				}
			]
		},
		{
			"id": "bone21_cpm_dummy",
			"parent": "iconRight",
			"position": [0, 1, 0]
		},
		{
			"id": "bone21",
			"parent": "bone21_cpm_dummy",
			"rotation": [0, 0, -45],
			"boxes": [
				{
					"textureOffset": [44, 2],
					"coordinates": [-0.08927, -0.9852, -0.5, 0.25, 0.25, 0.25]
				}
			]
		},
		{
			"id": "bone22_cpm_dummy",
			"parent": "iconRight",
			"position": [0, 1, 0]
		},
		{
			"id": "bone22",
			"parent": "bone22_cpm_dummy",
			"rotation": [0, 0, -45],
			"boxes": [
				{
					"textureOffset": [44, 2],
					"coordinates": [-0.08927, -0.9852, -0.5, 0.25, 0.25, 0.25]
				}
			]
		},
		{
			"id": "bone23_cpm_dummy",
			"parent": "iconRight",
			"position": [0, 1, 0]
		},
		{
			"id": "bone23",
			"parent": "bone23_cpm_dummy",
			"rotation": [0, 0, -60],
			"boxes": [
				{
					"textureOffset": [44, 2],
					"coordinates": [-0.08124, -0.97473, -0.5, 0.25, 0.25, 0.25]
				}
			]
		},
		{
			"id": "bone24_cpm_dummy",
			"parent": "iconRight",
			"position": [0, 1, 0]
		},
		{
			"id": "bone24",
			"parent": "bone24_cpm_dummy",
			"rotation": [0, 0, -75],
			"boxes": [
				{
					"textureOffset": [44, 2],
					"coordinates": [-0.07619, -0.96255, -0.5, 0.25, 0.25, 0.25]
				}
			]
		},
		{
			"id": "bone25_cpm_dummy",
			"parent": "iconRight",
			"position": [0, 1, 0]
		},
		{
			"id": "bone25",
			"parent": "bone25_cpm_dummy",
			"rotation": [0, 0, -105],
			"boxes": [
				{
					"textureOffset": [44, 2],
					"coordinates": [0.41529, -0.87169, -0.5, 0.5, 0.25, 0.25]
				}
			]
		},
		{
			"id": "bone26_cpm_dummy",
			"parent": "iconRight",
			"position": [0, 1, 0]
		},
		{
			"id": "bone26",
			"parent": "bone26_cpm_dummy",
			"rotation": [0, 0, -25],
			"boxes": [
				{
					"textureOffset": [44, 2],
					"coordinates": [-0.59482, -0.64965, -0.5, 0.5, 0.25, 0.25]
				}
			]
		},
		{
			"id": "right_arm_c",
			"parent": "right_arm",
			"texture": "tex.murasa_minamitsu",
			"scale": [1.33333, 1.33333, 1.33333],
			"rotation": [0, 0, "var.right_arm_roll"],
			"boxes": [
				{
					"textureOffset": [18, 45],
					"coordinates": [0, -8, 1, 2, 8, 2]
				},
				{
					"textureOffset": [10, 37],
					"coordinates": [-0.5, -2.999, 1.5, 3, 3, 3]
				}
			]
		},
		{
			"id": "right_arm_c_chestplate_right",
			"parent": "right_arm_c",
			"attached": ["chestplate_right_arm"],
			"position": [0, -2, 0],
			"scale": [0.75, 0.75, 0.75]
		},
		{
			"id": "right_arm_c_item_right",
			"parent": "right_arm_c",
			"attached": ["held_item_right"],
			"position": [1, -12, -1],
			"scale": [0.75, 0.75, 0.75]
		},
		{
			"id": "left_arm_c",
			"parent": "left_arm",
			"texture": "tex.murasa_minamitsu",
			"scale": [1.33333, 1.33333, 1.33333],
			"rotation": [0, 0, "var.left_arm_roll"],
			"boxes": [
				{
					"textureOffset": [18, 45],
					"coordinates": [-2, -8, 1, 2, 8, 2]
				},
				{
					"textureOffset": [10, 37],
					"coordinates": [-2.5, -2.999, 1.5, 3, 3, 3]
				}
			]
		},
		{
			"id": "left_arm_c_chestplate_left",
			"parent": "left_arm_c",
			"attached": ["chestplate_left_arm"],
			"position": [0, -2, 0],
			"scale": [0.75, 0.75, 0.75]
		},
		{
			"id": "left_arm_c_item_left",
			"parent": "left_arm_c",
			"attached": ["held_item_left"],
			"position": [-1, -12, -1],
			"scale": [0.75, 0.75, 0.75]
		},
		{
			"id": "body_c",
			"parent": "body",
			"texture": "tex.murasa_minamitsu",
			"scale": [1.33333, 1.33333, 1.33333],
			"boxes": [
				{
					"textureOffset": [31, 22],
					"coordinates": [-2.5, 0.499, 2.5, 5, 7, 5]
				},
				{
					"textureOffset": [27, 10],
					"coordinates": [-3, 1.499, 3, 6, 6, 6]
				},
				{
					"textureOffset": [24, 0],
					"coordinates": [-3, -1.501, 3, 6, 2, 6]
				}
			],
			"position": [0, -7.5, 0]
		},
		{
			"id": "body_c_chestplate_body",
			"parent": "body_c",
			"attached": ["armor_body_all"],
			"scale": [0.75, 0.75, 1.05],
			"position": [0, 10, 0]
		},
		{
			"id": "body_c_cape_elytra",
			"parent": "body_c_chestplate_body",
			"attached": ["cape", "elytra"],
			"texture": "tex.skin"
		},
		{
			"id": "body_c_parrot_left",
			"parent": "body_c",
			"attached": ["shoulder_parrot_left"],
			"position": [-6.5, 10, 0],
			"scale": [0.75, 0.75, 0.75]
		},
		{
			"id": "body_c_parrot_right",
			"parent": "body_c",
			"attached": ["shoulder_parrot_right"],
			"position": [6.5, 10, 0],
			"scale": [0.75, 0.75, 0.75]
		},
		{
			"id": "back_cpm_dummy",
			"parent": "body_c",
			"position": [0, 7.5, 3]
		},
		{
			"id": "back",
			"parent": "back_cpm_dummy",
			"rotation": [0, 15, 0],
			"boxes": [
				{
					"textureOffset": [41, 37],
					"coordinates": [-3, -3.001, 0, 6, 3, 0.001]
				}
			]
		},
		{
			"id": "bone_cpm_dummy",
			"parent": "body_c",
			"position": [0, -10.5, 0]
		},
		{
			"id": "bone",
			"parent": "bone_cpm_dummy",
			"rotation": [0, 0, -15],
			"boxes": [
				{
					"textureOffset": [0, 45],
					"coordinates": [-5.74453, 7.84776, 3, 1, 2, 6],
					"mirror": true
				}
			]
		},
		{
			"id": "bone2_cpm_dummy",
			"parent": "body_c",
			"position": [0, -10.5, 0]
		},
		{
			"id": "bone2",
			"parent": "bone2_cpm_dummy",
			"rotation": [0, 0, 15],
			"boxes": [
				{
					"textureOffset": [0, 45],
					"coordinates": [4.74453, 7.84776, 3, 1, 2, 6]
				}
			]
		},
		{
			"id": "bone29_cpm_dummy",
			"parent": "body_c",
			"position": [0, 5, -3]
		},
		{
			"id": "bone29",
			"parent": "bone29_cpm_dummy",
			"rotation": [0, -3, 0],
			"boxes": []
		},
		{
			"id": "bone30_cpm_dummy",
			"parent": "bone29",
			"position": [0, 1.5, 0]
		},
		{
			"id": "bone30",
			"parent": "bone30_cpm_dummy",
			"rotation": [0, 0, 45],
			"boxes": [
				{
					"textureOffset": [45, 10],
					"coordinates": [-1.25, -1.25, 0.75, 4, 1, 1]
				},
				{
					"textureOffset": [0, 4],
					"coordinates": [-1.25, -0.25, 0.75, 1, 3, 1]
				}
			]
		},
		{
			"id": "bone31",
			"parent": "bone29",
			"rotation": [0, 0, -15],
			"boxes": [
				{
					"textureOffset": [0, 16],
					"coordinates": [-0.5, -2.5, -0.28483, 1, 3, 0.001],
					"mirror": true
				}
			]
		},
		{
			"id": "bone32",
			"parent": "bone29",
			"rotation": [0, 0, 15],
			"boxes": [
				{
					"textureOffset": [0, 16],
					"coordinates": [-0.5, -2.5, -0.28483, 1, 3, 0.001]
				}
			]
		},
		{
			"id": "bone27_cpm_dummy",
			"parent": "bone29",
			"position": [0, 1.5, 0]
		},
		{
			"id": "bone27",
			"parent": "bone27_cpm_dummy",
			"rotation": [0, 0, 38],
			"boxes": [
				{
					"textureOffset": [0, 0],
					"coordinates": [0, -1, 0.5, 3, 1, 1],
					"mirror": true
				}
			]
		},
		{
			"id": "bone28_cpm_dummy",
			"parent": "bone29",
			"position": [0, 1.5, 0]
		},
		{
			"id": "bone28",
			"parent": "bone28_cpm_dummy",
			"rotation": [0, 0, -38],
			"boxes": [
				{
					"textureOffset": [0, 0],
					"coordinates": [-3, -1, 0.5, 3, 1, 1]
				}
			]
		},
		{
			"id": "chestPlate_cpm_dummy",
			"parent": "body_c",
			"position": [0, 4.5, 4]
		},
		{
			"id": "chestPlate",
			"parent": "chestPlate_cpm_dummy",
			"rotation": [0, 0, 45],
			"boxes": []
		},
		{
			"id": "ring_cpm_dummy",
			"parent": "chestPlate",
			"position": [0, 11, 0]
		},
		{
			"id": "ring",
			"parent": "ring_cpm_dummy",
			"boxes": []
		},
		{
			"id": "bone33",
			"parent": "ring",
			"boxes": [
				{
					"textureOffset": [4, 4],
					"coordinates": [-0.5, 1.836, 1, 1, 1, 1]
				}
			]
		},
		{
			"id": "bone34",
			"parent": "ring",
			"rotation": [0, 0, -20],
			"boxes": [
				{
					"textureOffset": [4, 4],
					"coordinates": [-0.5, 1.836, 1, 1, 1, 1]
				}
			]
		},
		{
			"id": "bone35",
			"parent": "ring",
			"rotation": [0, 0, -40],
			"boxes": [
				{
					"textureOffset": [4, 4],
					"coordinates": [-0.5, 1.836, 1, 1, 1, 1]
				}
			]
		},
		{
			"id": "bone36",
			"parent": "ring",
			"rotation": [0, 0, -60],
			"boxes": [
				{
					"textureOffset": [4, 4],
					"coordinates": [-0.5, 1.836, 1, 1, 1, 1]
				}
			]
		},
		{
			"id": "bone37",
			"parent": "ring",
			"rotation": [0, 0, -80],
			"boxes": [
				{
					"textureOffset": [4, 4],
					"coordinates": [-0.5, 1.836, 1, 1, 1, 1]
				}
			]
		},
		{
			"id": "bone38",
			"parent": "ring",
			"rotation": [0, 0, -100],
			"boxes": [
				{
					"textureOffset": [4, 4],
					"coordinates": [-0.5, 1.836, 1, 1, 1, 1]
				}
			]
		},
		{
			"id": "bone39",
			"parent": "ring",
			"rotation": [0, 0, -120],
			"boxes": [
				{
					"textureOffset": [4, 4],
					"coordinates": [-0.5, 1.836, 1, 1, 1, 1]
				}
			]
		},
		{
			"id": "bone40",
			"parent": "ring",
			"rotation": [0, 0, -140],
			"boxes": [
				{
					"textureOffset": [4, 4],
					"coordinates": [-0.5, 1.836, 1, 1, 1, 1]
				}
			]
		},
		{
			"id": "bone41",
			"parent": "ring",
			"rotation": [0, 0, -160],
			"boxes": [
				{
					"textureOffset": [4, 4],
					"coordinates": [-0.5, 1.836, 1, 1, 1, 1]
				}
			]
		},
		{
			"id": "bone42",
			"parent": "ring",
			"rotation": [0, 0, 180],
			"boxes": [
				{
					"textureOffset": [4, 4],
					"coordinates": [-0.5, 1.836, 1, 1, 1, 1]
				}
			]
		},
		{
			"id": "bone43",
			"parent": "ring",
			"rotation": [0, 0, 160],
			"boxes": [
				{
					"textureOffset": [4, 4],
					"coordinates": [-0.5, 1.836, 1, 1, 1, 1]
				}
			]
		},
		{
			"id": "bone44",
			"parent": "ring",
			"rotation": [0, 0, 140],
			"boxes": [
				{
					"textureOffset": [4, 4],
					"coordinates": [-0.5, 1.836, 1, 1, 1, 1]
				}
			]
		},
		{
			"id": "bone45",
			"parent": "ring",
			"rotation": [0, 0, 120],
			"boxes": [
				{
					"textureOffset": [4, 4],
					"coordinates": [-0.5, 1.836, 1, 1, 1, 1]
				}
			]
		},
		{
			"id": "bone46",
			"parent": "ring",
			"rotation": [0, 0, 100],
			"boxes": [
				{
					"textureOffset": [4, 4],
					"coordinates": [-0.5, 1.836, 1, 1, 1, 1]
				}
			]
		},
		{
			"id": "bone47",
			"parent": "ring",
			"rotation": [0, 0, 80],
			"boxes": [
				{
					"textureOffset": [4, 4],
					"coordinates": [-0.5, 1.836, 1, 1, 1, 1]
				}
			]
		},
		{
			"id": "bone48",
			"parent": "ring",
			"rotation": [0, 0, 60],
			"boxes": [
				{
					"textureOffset": [4, 4],
					"coordinates": [-0.5, 1.836, 1, 1, 1, 1]
				}
			]
		},
		{
			"id": "bone49",
			"parent": "ring",
			"rotation": [0, 0, 40],
			"boxes": [
				{
					"textureOffset": [4, 4],
					"coordinates": [-0.5, 1.836, 1, 1, 1, 1]
				}
			]
		},
		{
			"id": "bone50",
			"parent": "ring",
			"rotation": [0, 0, 20],
			"boxes": [
				{
					"textureOffset": [4, 4],
					"coordinates": [-0.5, 1.836, 1, 1, 1, 1]
				}
			]
		},
		{
			"id": "bar_cpm_dummy",
			"parent": "chestPlate",
			"position": [0, 11, 0]
		},
		{
			"id": "bar",
			"parent": "bar_cpm_dummy",
			"boxes": [
				{
					"textureOffset": [32, 8],
					"coordinates": [-6, -6, 1, 12, 1, 1]
				}
			]
		},
		{
			"id": "axle_cpm_dummy",
			"parent": "chestPlate",
			"position": [0, 8, 0]
		},
		{
			"id": "axle",
			"parent": "axle_cpm_dummy",
			"boxes": [
				{
					"textureOffset": [14, 45],
					"coordinates": [-0.5, -15, 1, 1, 16, 1]
				}
			]
		},
		{
			"id": "axle2_cpm_dummy",
			"parent": "chestPlate",
			"position": [0, 8, 0]
		},
		{
			"id": "axle2",
			"parent": "axle2_cpm_dummy",
			"rotation": [0, 0, -3],
			"boxes": [
				{
					"textureOffset": [14, 45],
					"coordinates": [-0.70926, -15.10123, 1, 1, 16, 1]
				}
			]
		},
		{
			"id": "axle3_cpm_dummy",
			"parent": "chestPlate",
			"position": [0, 8, 0]
		},
		{
			"id": "axle3",
			"parent": "axle3_cpm_dummy",
			"rotation": [0, 0, 3],
			"boxes": [
				{
					"textureOffset": [14, 45],
					"coordinates": [-0.29074, -15.10123, 1, 1, 16, 1]
				}
			]
		},
		{
			"id": "anchor",
			"parent": "chestPlate",
			"boxes": [
				{
					"textureOffset": [42, 0],
					"coordinates": [-2, -10, 1, 4, 3, 1]
				}
			]
		},
		{
			"id": "anchorLeft_cpm_dummy",
			"parent": "chestPlate",
			"position": [0, 11, 0]
		},
		{
			"id": "anchorLeft",
			"parent": "anchorLeft_cpm_dummy",
			"boxes": []
		},
		{
			"id": "anchor2_cpm_dummy",
			"parent": "anchorLeft",
			"position": [0, -11, 0]
		},
		{
			"id": "anchor2",
			"parent": "anchor2_cpm_dummy",
			"rotation": [0, 0, -23],
			"boxes": [
				{
					"textureOffset": [42, 0],
					"coordinates": [-1.9337, -9.98651, 1, 4, 3, 1]
				},
				{
					"textureOffset": [0, 2],
					"coordinates": [-3.9337, -7.98651, 1, 2, 1, 1]
				}
			]
		},
		{
			"id": "anchor3_cpm_dummy",
			"parent": "anchorLeft",
			"position": [0, -11, 0]
		},
		{
			"id": "anchor3",
			"parent": "anchor3_cpm_dummy",
			"rotation": [0, 0, -46],
			"boxes": [
				{
					"textureOffset": [44, 40],
					"coordinates": [-1.87794, -9.94819, 1, 4, 2, 1]
				}
			]
		},
		{
			"id": "anchor4_cpm_dummy",
			"parent": "anchorLeft",
			"position": [0, -11, 0]
		},
		{
			"id": "anchor4",
			"parent": "anchor4_cpm_dummy",
			"rotation": [0, 0, -69],
			"boxes": [
				{
					"textureOffset": [44, 40],
					"coordinates": [-1.84158, -9.89112, 1, 4, 2, 1]
				},
				{
					"textureOffset": [0, 2],
					"coordinates": [-3.84158, -8.89112, 1, 2, 1, 1]
				}
			]
		},
		{
			"id": "anchor5_cpm_dummy",
			"parent": "anchorLeft",
			"position": [0, -11, 0]
		},
		{
			"id": "anchor5",
			"parent": "anchor5_cpm_dummy",
			"rotation": [0, 0, -92],
			"boxes": [
				{
					"textureOffset": [42, 4],
					"coordinates": [-1.83042, -9.82439, 1, 4, 1, 1]
				}
			]
		},
		{
			"id": "anchor6_cpm_dummy",
			"parent": "anchorLeft",
			"position": [0, -11, 0]
		},
		{
			"id": "anchor6",
			"parent": "anchor6_cpm_dummy",
			"rotation": [0, 0, -117],
			"boxes": [
				{
					"textureOffset": [42, 4],
					"coordinates": [2.49305, -9.67749, 1, 4, 1, 1]
				}
			]
		},
		{
			"id": "anchor7_cpm_dummy",
			"parent": "anchorLeft",
			"position": [0, -11, 0]
		},
		{
			"id": "anchor7",
			"parent": "anchor7_cpm_dummy",
			"rotation": [0, 0, -52],
			"boxes": [
				{
					"textureOffset": [42, 4],
					"coordinates": [-7.07439, -6.58331, 1, 4, 1, 1]
				}
			]
		},
		{
			"id": "anchorLeft2_cpm_dummy",
			"parent": "chestPlate",
			"position": [0, 11, 0]
		},
		{
			"id": "anchorLeft2",
			"parent": "anchorLeft2_cpm_dummy",
			"rotation": [180, 0, 0],
			"boxes": []
		},
		{
			"id": "anchor8_cpm_dummy",
			"parent": "anchorLeft2",
			"position": [0, -11, 0]
		},
		{
			"id": "anchor8",
			"parent": "anchor8_cpm_dummy",
			"rotation": [0, 0, -23],
			"boxes": [
				{
					"textureOffset": [42, 0],
					"coordinates": [-1.9337, -9.98651, 0, 4, 3, 1]
				},
				{
					"textureOffset": [0, 2],
					"coordinates": [-3.9337, -7.98651, 0, 2, 1, 1]
				}
			]
		},
		{
			"id": "anchor9_cpm_dummy",
			"parent": "anchorLeft2",
			"position": [0, -11, 0]
		},
		{
			"id": "anchor9",
			"parent": "anchor9_cpm_dummy",
			"rotation": [0, 0, -46],
			"boxes": [
				{
					"textureOffset": [44, 40],
					"coordinates": [-1.87794, -9.94819, 0, 4, 2, 1]
				}
			]
		},
		{
			"id": "anchor10_cpm_dummy",
			"parent": "anchorLeft2",
			"position": [0, -11, 0]
		},
		{
			"id": "anchor10",
			"parent": "anchor10_cpm_dummy",
			"rotation": [0, 0, -69],
			"boxes": [
				{
					"textureOffset": [44, 40],
					"coordinates": [-1.84158, -9.89112, 0, 4, 2, 1]
				},
				{
					"textureOffset": [0, 2],
					"coordinates": [-3.84158, -8.89112, 0, 2, 1, 1]
				}
			]
		},
		{
			"id": "anchor11_cpm_dummy",
			"parent": "anchorLeft2",
			"position": [0, -11, 0]
		},
		{
			"id": "anchor11",
			"parent": "anchor11_cpm_dummy",
			"rotation": [0, 0, -92],
			"boxes": [
				{
					"textureOffset": [42, 4],
					"coordinates": [-1.83042, -9.82439, 0, 4, 1, 1]
				}
			]
		},
		{
			"id": "anchor12_cpm_dummy",
			"parent": "anchorLeft2",
			"position": [0, -11, 0]
		},
		{
			"id": "anchor12",
			"parent": "anchor12_cpm_dummy",
			"rotation": [0, 0, -117],
			"boxes": [
				{
					"textureOffset": [42, 4],
					"coordinates": [2.49305, -9.67749, 0, 4, 1, 1]
				}
			]
		},
		{
			"id": "anchor13_cpm_dummy",
			"parent": "anchorLeft2",
			"position": [0, -11, 0]
		},
		{
			"id": "anchor13",
			"parent": "anchor13_cpm_dummy",
			"rotation": [0, 0, -52],
			"boxes": [
				{
					"textureOffset": [42, 4],
					"coordinates": [-7.07439, -6.58331, 0, 4, 1, 1]
				}
			]
		},
		{
			"id": "left_leg_c",
			"parent": "left_leg",
			"texture": "tex.murasa_minamitsu",
			"scale": [1.33333, 1.33333, 1.33333],
			"boxes": [
				{
					"textureOffset": [32, 37],
					"coordinates": [-1.5, -9, 1.5, 3, 9, 3]
				}
			]
		},
		{
			"id": "left_leg_c_legging_left",
			"parent": "left_leg_c",
			"attached": ["armor_left_leg_all"],
			"scale": [0.75, 0.75, 0.75]
		},
		{
			"id": "bone3",
			"parent": "left_leg_c",
			"boxes": []
		},
		{
			"id": "bone4",
			"parent": "bone3",
			"rotation": [0, 0, -23],
			"boxes": [
				{
					"textureOffset": [16, 37],
					"coordinates": [-1.5, -2, 3, 2, 2, 6]
				}
			]
		},
		{
			"id": "bone5",
			"parent": "bone3",
			"rotation": [0, 0, 5],
			"boxes": [
				{
					"textureOffset": [0, 37],
					"coordinates": [-0.5, -2, 3, 2, 2, 6]
				}
			]
		},
		{
			"id": "right_leg_c",
			"parent": "right_leg",
			"texture": "tex.murasa_minamitsu",
			"scale": [1.33333, 1.33333, 1.33333],
			"boxes": [
				{
					"textureOffset": [32, 37],
					"coordinates": [-1.5, -9, 1.5, 3, 9, 3]
				}
			]
		},
		{
			"id": "right_leg_c_legging_right",
			"parent": "right_leg_c",
			"attached": ["armor_right_leg_all"],
			"scale": [0.75, 0.75, 0.75]
		},
		{
			"id": "bone6",
			"parent": "right_leg_c",
			"boxes": []
		},
		{
			"id": "bone7",
			"parent": "bone6",
			"rotation": [0, 0, -5],
			"boxes": [
				{
					"textureOffset": [16, 37],
					"coordinates": [-1.5, -2, 3, 2, 2, 6]
				}
			]
		},
		{
			"id": "bone8",
			"parent": "bone6",
			"rotation": [0, 0, 23],
			"boxes": [
				{
					"textureOffset": [0, 37],
					"coordinates": [-0.5, -2, 3, 2, 2, 6]
				}
			]
		}
	]
}