{
	"name": "Ori",
	"version": "1.0",
	"author": [ "zerustu" ],
	"description": "Ori",
	"skeleton": {
		"type": "biped",
		"param": {
			"leg_length": 12,
			"leg_interval": 5,
			"leg_offset": 0,
			"body_pivot_height": 24,
			"body_offset": 0,
			"arm_pivot_height": 22.5,
			"arm_interval": 4.5,
			"arm_offset": 0,
			"arm_length": 15,
			"head_pivot_height": 24,
			"head_offset": 0
		},
		"attachments": {
			"item_left":["left_hand"],
			"item_right":["right_hand"],
			"chestplate_left": ["left_arm_c"],
			"leggings_left": ["left_leg_c"],
			"chestplate_left": ["right_arm_c"],
			"leggings_left": ["right_leg_c"],
			"helmet":["head_c"]
		}
	},
	"size":{
		"standing": [0.7, 1.9],
		"sneaking": [0.7, 1.5],
		"swimming": [0.7, 0.7]
	},
	"eye_height":{
		"standing": [1.7, 0.6075],
		"sneaking": [1.3, 0.47625]
	},
	"parts": [
		{
		"name": "Ori.geo",
		"texture": "ORI"
		}
	],
	"shadow_size": 0.5
}