{
	"format_version": "1.12.0",
	"minecraft:geometry": [
		{
			"description": {
				"identifier": "geometry.unknown",
				"texture_width": 64,
				"texture_height": 64,
				"visible_bounds_width": 3,
				"visible_bounds_height": 3.5,
				"visible_bounds_offset": [0, 1.25, 0]
			},
			"bones": [
				{
					"name": "body_c",
					"pivot": [0, 24, 0],
					"cubes": [
						{"origin": [-3, 11, -2], "size": [6, 12, 4], "uv": [0, 12]},
						{"origin": [-1, 23, -1], "size": [2, 1, 2], "uv": [12, 32]}
					]
				},
				{
					"name": "tail_1",
					"parent": "body_c",
					"pivot": [0, 13, 2],
					"rotation": [-17.5, 0, 0],
					"cubes": [
						{"origin": [-0.5, 12.5, 2], "size": [1, 1, 3], "inflate": 0.2, "uv": [40, 8]}
					]
				},
				{
					"name": "tail_2",
					"parent": "tail_1",
					"pivot": [0, 13, 4.75],
					"rotation": [15, 0, 0],
					"cubes": [
						{"origin": [-0.5, 12.5, 4.5], "size": [1, 1, 3], "inflate": 0.15, "uv": [40, 8]}
					]
				},
				{
					"name": "tail_3",
					"parent": "tail_2",
					"pivot": [0, 13, 7.25],
					"rotation": [62.5, 0, 0],
					"cubes": [
						{"origin": [-0.5, 12.5, 7], "size": [1, 1, 3], "inflate": 0.1, "uv": [40, 8]}
					]
				},
				{
					"name": "tail_4",
					"parent": "tail_3",
					"pivot": [0, 13, 9.75],
					"rotation": [22.5, 0, 0],
					"cubes": [
						{"origin": [-0.5, 12.5, 9.5], "size": [1, 1, 3], "uv": [40, 8]}
					]
				},
				{
					"name": "tail_5",
					"parent": "tail_4",
					"pivot": [0, 13, 12.25],
					"rotation": [-32.5, 0, 0],
					"cubes": [
						{"origin": [-0.5, 12.5, 12], "size": [1, 1, 3], "inflate": 0.1, "uv": [40, 8]}
					]
				},
				{
					"name": "tail_6",
					"parent": "tail_5",
					"pivot": [0, 13, 14.5],
					"cubes": [
						{"origin": [-1, 12, 13.5], "size": [2, 2, 3], "uv": [37, 39]}
					]
				},
				{
					"name": "left_arm_c",
					"pivot": [2.25, 22.5, 0]
				},
				{
					"name": "left_arm_1",
					"parent": "left_arm_c",
					"pivot": [2.25, 22.5, 0],
					"rotation": [0, 0, -35],
					"cubes": [
						{"origin": [1.25, 16.6, -0.95], "size": [2, 6, 2], "inflate": -0.1, "uv": [40, 0]}
					]
				},
				{
					"name": "left_arm_2",
					"parent": "left_arm_1",
					"pivot": [2.25, 16.75, 0],
					"rotation": [-4.99527, -0.21782, 35.0095],
					"cubes": [
						{"origin": [1.25, 11, -1], "size": [2, 6, 2], "inflate": 0.25, "uv": [22, 19]}
					]
				},
				{
					"name": "left_hand",
					"parent": "left_arm_2",
					"pivot": [2.25, 10.25, 0]
				},
				{
					"name": "left_thumb",
					"parent": "left_hand",
					"pivot": [1.5, 10.75, -1],
					"cubes": [
						{"origin": [1, 9.25, -1.4], "size": [1, 2, 1], "inflate": -0.1, "uv": [0, 12]}
					]
				},
				{
					"name": "left_finger",
					"parent": "left_hand",
					"pivot": [3, 10.75, -1],
					"cubes": [
						{"origin": [2.5, 9.25, -1.4], "size": [1, 2, 1], "inflate": -0.1, "uv": [0, 12]}
					]
				},
				{
					"name": "left_finger2",
					"parent": "left_hand",
					"pivot": [3, 10.75, 0.75],
					"cubes": [
						{"origin": [2.5, 9.25, 0.35], "size": [1, 2, 1], "inflate": -0.1, "uv": [0, 12]}
					]
				},
				{
					"name": "left_finger3",
					"parent": "left_hand",
					"pivot": [3, 10.75, -0.15],
					"cubes": [
						{"origin": [2.5, 9.25, -0.55], "size": [1, 2, 1], "inflate": -0.1, "uv": [0, 12]}
					]
				},
				{
					"name": "right_arm_c",
					"pivot": [-2.25, 22.5, 0]
				},
				{
					"name": "right_arm_1",
					"parent": "right_arm_c",
					"pivot": [-2.25, 22.5, 0],
					"rotation": [0, 0, 35],
					"cubes": [
						{"origin": [-3.25, 16.6, -0.95], "size": [2, 6, 2], "inflate": -0.1, "uv": [40, 0], "mirror": true}
					]
				},
				{
					"name": "right_arm_2",
					"parent": "right_arm_1",
					"pivot": [-2.25, 16.75, 0],
					"rotation": [-4.99527, 0.21782, -35.0095],
					"cubes": [
						{"origin": [-3.25, 11, -1], "size": [2, 6, 2], "inflate": 0.25, "uv": [22, 19], "mirror": true}
					]
				},
				{
					"name": "right_hand",
					"parent": "right_arm_2",
					"pivot": [-2.25, 10.25, 0]
				},
				{
					"name": "right_thumb",
					"parent": "right_hand",
					"pivot": [-1.5, 10.75, -1],
					"cubes": [
						{"origin": [-2, 9.25, -1.4], "size": [1, 2, 1], "inflate": -0.1, "uv": [0, 12], "mirror": true}
					]
				},
				{
					"name": "right_finger",
					"parent": "right_hand",
					"pivot": [-3, 10.75, -1],
					"cubes": [
						{"origin": [-3.5, 9.25, -1.4], "size": [1, 2, 1], "inflate": -0.1, "uv": [0, 12], "mirror": true}
					]
				},
				{
					"name": "right_finger2",
					"parent": "right_hand",
					"pivot": [-3, 10.75, 0.75],
					"cubes": [
						{"origin": [-3.5, 9.25, 0.35], "size": [1, 2, 1], "inflate": -0.1, "uv": [0, 12], "mirror": true}
					]
				},
				{
					"name": "right_finger3",
					"parent": "right_hand",
					"pivot": [-3, 10.75, -0.15],
					"cubes": [
						{"origin": [-3.5, 9.25, -0.55], "size": [1, 2, 1], "inflate": -0.1, "uv": [0, 12], "mirror": true}
					]
				},
				{
					"name": "right_leg_c",
					"pivot": [-2.5, 12, 0],
					"rotation": [-5, 0, 0]
				},
				{
					"name": "rleg_1",
					"parent": "right_leg_c",
					"pivot": [-2.5, 12, 0],
					"cubes": [
						{"origin": [-4, 4, -1.5], "size": [3, 8, 3], "uv": [16, 35], "mirror": true},
						{"origin": [-4, 7, -1.5], "size": [3, 4.25, 3], "inflate": 0.25, "uv": [28, 35], "mirror": true}
					]
				},
				{
					"name": "rleg_2",
					"parent": "rleg_1",
					"pivot": [-2.5, 4, 0],
					"rotation": [90, 0, 0],
					"cubes": [
						{"origin": [-3.5, 0.5, -1], "size": [2, 4, 2], "uv": [28, 42], "mirror": true}
					]
				},
				{
					"name": "rleg_3",
					"parent": "rleg_2",
					"pivot": [-2.5, 1, 0],
					"rotation": [-92.5, 0, 0],
					"cubes": [
						{"origin": [-3.5, -2.5, -1], "size": [2, 4, 2], "uv": [42, 17], "mirror": true}
					]
				},
				{
					"name": "rpaw",
					"parent": "rleg_3",
					"pivot": [-2.5, -2.5, 0],
					"rotation": [7.5, 0, 0],
					"cubes": [
						{"origin": [-3.5, -3, -2.5], "size": [2, 1, 3], "inflate": 0.25, "uv": [0, 28], "mirror": true}
					]
				},
				{
					"name": "left_leg_c",
					"pivot": [2.5, 12, 0],
					"rotation": [-5, 0, 0]
				},
				{
					"name": "lleg_1",
					"parent": "left_leg_c",
					"pivot": [2.5, 12, 0],
					"cubes": [
						{"origin": [1, 4, -1.5], "size": [3, 8, 3], "uv": [16, 35]},
						{"origin": [1, 7, -1.5], "size": [3, 4.25, 3], "inflate": 0.25, "uv": [28, 35]}
					]
				},
				{
					"name": "lleg_2",
					"parent": "lleg_1",
					"pivot": [2.5, 4, 0],
					"rotation": [90, 0, 0],
					"cubes": [
						{"origin": [1.5, 0.5, -1], "size": [2, 4, 2], "uv": [28, 42]}
					]
				},
				{
					"name": "lleg_3",
					"parent": "lleg_2",
					"pivot": [2.5, 1, 0],
					"rotation": [-92.5, 0, 0],
					"cubes": [
						{"origin": [1.5, -2.5, -1], "size": [2, 4, 2], "uv": [42, 17]}
					]
				},
				{
					"name": "lpaw",
					"parent": "lleg_3",
					"pivot": [2.5, -2.5, 0],
					"rotation": [7.5, 0, 0],
					"cubes": [
						{"origin": [1.5, -3, -2.5], "size": [2, 1, 3], "inflate": 0.25, "uv": [0, 28]}
					]
				},
				{
					"name": "head_c",
					"pivot": [0, 24, 0]
				},
				{
					"name": "head_1",
					"parent": "head_c",
					"pivot": [0, 24, 0],
					"cubes": [
						{"origin": [-4, 23.9, -1.5], "size": [8, 7, 4], "uv": [20, 8]}
					]
				},
				{
					"name": "Hair",
					"parent": "head_1",
					"pivot": [0, 23.75, -3.25],
					"cubes": [
						{"origin": [-3.5, 24.15, -2.25], "size": [7, 7, 5], "uv": [0, 0]}
					]
				},
				{
					"name": "HeadMiddle",
					"parent": "head_1",
					"pivot": [0, 21.5, 0],
					"cubes": [
						{"origin": [-2, 23.9, -4.965], "size": [4, 7, 4], "uv": [0, 32]}
					]
				},
				{
					"name": "HeadLeft",
					"parent": "HeadMiddle",
					"pivot": [-3.5, 27.5, -6.5],
					"rotation": [0, 30, 0],
					"cubes": [
						{"origin": [-1.5, 23.9, -2.5], "size": [2, 7, 4], "uv": [33, 19]}
					]
				},
				{
					"name": "HeadRight",
					"parent": "HeadMiddle",
					"pivot": [3.5, 27.5, -6.5],
					"rotation": [0, -30, 0],
					"cubes": [
						{"origin": [-0.5, 23.9, -2.5], "size": [2, 7, 4], "uv": [33, 19], "mirror": true}
					]
				},
				{
					"name": "Snout",
					"parent": "HeadMiddle",
					"pivot": [0, 35.5, -12.2],
					"rotation": [20, 0, 0],
					"cubes": [
						{"origin": [-2, 22.11711, -9.43127], "size": [4, 3, 4], "uv": [24, 0]},
						{"origin": [-1, 24.25, -9.7], "size": [2, 1, 1], "uv": [33, 30]}
					]
				},
				{
					"name": "left_ear",
					"parent": "head_1",
					"pivot": [4, 25.5, 1],
					"cubes": [
						{"origin": [4, 23.5, 1], "size": [1, 3, 8], "uv": [23, 24]},
						{"origin": [4, 26.5, 3], "size": [1, 1, 3], "uv": [19, 0]},
						{"origin": [4, 23.5, 9], "size": [1, 2, 1], "uv": [0, 0]}
					]
				},
				{
					"name": "left_inner_ear",
					"parent": "left_ear",
					"pivot": [4.5, 25, 5.5],
					"rotation": [-0.10943, 4.99761, 7.49284],
					"cubes": [
						{"origin": [3.65, 23.5, 1], "size": [1, 4, 9], "uv": [11, 19]}
					]
				},
				{
					"name": "right_ear",
					"parent": "head_1",
					"pivot": [-4, 25.5, 1],
					"cubes": [
						{"origin": [-5, 23.5, 1], "size": [1, 3, 8], "uv": [23, 24], "mirror": true},
						{"origin": [-5, 26.5, 3], "size": [1, 1, 3], "uv": [19, 0], "mirror": true},
						{"origin": [-5, 23.5, 9], "size": [1, 2, 1], "uv": [0, 0], "mirror": true}
					]
				},
				{
					"name": "right_inner_ear",
					"parent": "right_ear",
					"pivot": [-4.5, 25, 5.5],
					"rotation": [-0.10943, -4.99761, -7.49284],
					"cubes": [
						{"origin": [-4.65, 23.5, 1], "size": [1, 4, 9], "uv": [11, 19], "mirror": true}
					]
				},
				{
					"name": "left_antena",
					"parent": "head_1",
					"pivot": [1.5, 31, 1],
					"rotation": [17.69919, 14.17999, -13.58351],
					"cubes": [
						{"origin": [1, 31, 1], "size": [1, 1, 4], "uv": [37, 31]},
						{"origin": [1, 31.5, 2], "size": [1, 1, 2], "uv": [30, 19]}
					]
				},
				{
					"name": "right_antena",
					"parent": "head_1",
					"pivot": [-1.5, 31, 1],
					"rotation": [17.69919, -14.17999, 13.58351],
					"cubes": [
						{"origin": [-2, 31, 1], "size": [1, 1, 4], "uv": [37, 31], "mirror": true},
						{"origin": [-2, 31.5, 2], "size": [1, 1, 2], "uv": [30, 19], "mirror": true}
					]
				}
			]
		}
	]
}